id,prediction
n001eee3fecf4697,0.4987709305136357
n00211d32f886c17,0.4974707430503519
n0024acda0ba2cb4,0.5002224512666252
n002ea3e910a41a0,0.4939124560914853
n003f09c2b2ff5f0,0.4990735773875026
n00453555e029f25,0.5056008040554176
n00470739b6a0dd7,0.5055397502697381
n004d7c0508ac882,0.5060444360569024
n0059136daa08b37,0.4975176948252882
n005b6a92d375910,0.5020122312670108
n006c97590a92585,0.5046875143119138
n0075d9fd081d818,0.4971951723815178
n007699e9662de0c,0.5069177798832799
n0082e44223f1155,0.49996239321668423
n0088710ff99552e,0.4984771297645402
n008e17f3780408a,0.49887170066715175
n0099a72c849760b,0.49880704086195077
n009a1d88bda902d,0.5000606644127846
n00a9e19f83f3081,0.4971927663065165
n00ae8571bd13535,0.5033945821871223
n00b1ed3f459092b,0.5023488774787641
n00b4a20b9f649d2,0.49740305170505195
n00b735bc7313db9,0.5017905102438976
n00bcc927a0ea3b1,0.5026020132329452
n00c05e130ef8ba2,0.49819235413407303
n00c206630e6b837,0.49947934950053113
n00c245ffaec1544,0.5086160614684967
n00c71624248c634,0.49925771365285887
n00cdf591233f2c5,0.49996280588374614
n00cf0b39a86c093,0.49860792677604115
n00d5454d3d9b629,0.5010001791319357
n00e3e43b7c4fa03,0.49790555432398165
n00f8b711136a360,0.495775901130716
n0101dbbef689058,0.49877586497487253
n010377a8a9fcb4e,0.5045490901071036
n01045e4c299fc6d,0.49805666039065705
n010ce0c6aa86243,0.502418471887236
n010e914a2ec0254,0.49692196381090503
n010edf3ce44598b,0.5067405872384029
n0126d7bf4351793,0.5039856686404849
n013123e4cdada96,0.5005144352599181
n013fda0f8de763e,0.4992436848093633
n0144d9c1519781e,0.5007318729872458
n015c7ceb5c39e63,0.4886868575573747
n0161a90c03616c2,0.4998185565188956
n016334bdc7512d8,0.5005791213360425
n0165ee540bcf7da,0.4978185687645883
n01696fe305cc571,0.49913324029706563
n017715d018749d2,0.5026268194947209
n017980efaf70607,0.5124172784060561
n017d1d94b267a79,0.5011075575460415
n0188e199ca33e2f,0.5087321338382534
n018946a193ba4c9,0.49637461384547965
n0192a52d994e4f1,0.5133266450677636
n019fa2fa36eeaf9,0.5018762452705643
n01c1245f6fd384a,0.5031032344130345
n01c64cb5402714f,0.502924901713659
n01c9aa5fc7abeb4,0.501930146483605
n01c9f5ac72ad7f0,0.4983181670790263
n01d8dc7ec7fde1b,0.502492135395078
n01e52bd5cc69861,0.5047967397869226
n01e56c021d6b928,0.4948595431973865
n01ee29e7a2a3840,0.49743072358883395
n01ef417ff5f3f91,0.5053193416944749
n01f23cbe25b326a,0.498410050556383
n01f4d5e2e5153f1,0.5054598998262405
n020d035dedd9c51,0.5122121904602984
n020fc6019756110,0.5002211523596843
n021cb0df141a567,0.49629601206858215
n02268fe7d4132ed,0.49719548565522415
n02320cb28c28bee,0.4992909782574934
n0233c5fae9ae8da,0.490228854143419
n0236146779a20bc,0.49687214716319156
n0248109461999a0,0.5064569622603883
n0250f6fcbd7c668,0.49827230758241003
n025e5893a6411e2,0.49779471740450293
n026c924994bf4b8,0.4917235888768812
n028015c18f784eb,0.4995964488653125
n0281436f9a3d095,0.49575588978727153
n028cbe7b8dd6ef4,0.5038054928784624
n029867b86129a5d,0.501884068252809
n02a8ecb7aeb5407,0.49368594921986025
n02aeeffd4a6e456,0.49860852588625176
n02b66e0d3ecbbf9,0.49708852006938037
n02b7b4ebf3bbbbc,0.495803847299956
n02b8f8f2cf3866e,0.49468451026790605
n02c169a8de39cd3,0.5023637609156543
n02c680ef6837f66,0.4984601676078034
n02d1b24801234a6,0.5088160828405391
n02e44cb1e2b493f,0.4987861810216341
n02f3e0a85a2af33,0.4969099524605869
n030b2b3c0747c7b,0.49893088546468944
n035550da9a7f4d2,0.5020649862361838
n0365604da5d39e8,0.5098503502336196
n0365fceb27e8e19,0.4996477419863211
n036de18463821cb,0.5004000332023221
n0374c50c57234e2,0.499966197240278
n037ec5885193576,0.4962441465968428
n0386c5b3d248e27,0.4965168290789067
n0392ac96cb58ec5,0.4960562826615911
n03975cfce184b0f,0.49808530024899833
n03a654aaae8af3b,0.5012448440223686
n03ad6d717bebd28,0.5005948139861749
n03be292e10fc7d4,0.49886843387334723
n03c715340416c11,0.49706785945789395
n03e92cdafc73770,0.49454799859603327
n03f1289d87fe30f,0.5053684750722344
n03f3794773b9d30,0.501464486067549
n03ff38f67698347,0.4970812492759715
n0402d91942c498b,0.5008010285325227
n042022d5fd03fb6,0.5039614416995043
n04399822328ebbd,0.5029983113809016
n04442b9f09e04cb,0.5015365639544345
n0448b63cd3e438b,0.4989906061703067
n045e36839dcb2b0,0.49839138846757863
n045f5f6f5950e03,0.5032777159347273
n046f076bd23e477,0.48850215785713297
n047ab25d9f36936,0.5001556080964645
n047ce2e5af0a216,0.49889373183995844
n048801d511078ba,0.4969996500565914
n048aa85385c0854,0.5009906145587001
n048c47de35e89d7,0.4989115500796259
n04a00de4864a578,0.49628758818735746
n04a650451b42866,0.4999574187765527
n04ae8ace333352d,0.4978742507765064
n04b17473dbd5dbc,0.5058681612743744
n04b2f1c487c91ad,0.5014367530375096
n04ca57fe3f6d84c,0.49688687897028583
n04d30e1af5527b1,0.49427768611339423
n04d42f086d75227,0.49754356264320937
n04d62eaa5fc6a93,0.497996510064761
n04e538ff503f651,0.5009342645266907
n04f934324e86cdf,0.5001191856439621
n05068a00439bcd9,0.5016425612797153
n050f8e7113aaa45,0.49356957355704834
n050fa1b13824b02,0.49853363397554057
n0520aecd392f59a,0.502835839980842
n053184eb414bc22,0.5027805408718291
n053f0e5ded7d0fb,0.49794221243903913
n0540145e89b5331,0.5076357260369667
n054969c48a3a33e,0.49579300463731063
n0560ae68e576f7c,0.5012295550465937
n05647419d316989,0.4995881613880098
n0565c6becf0590a,0.4973365034093261
n056c2bcf9000593,0.49218094096495846
n0584b1ddd9e5178,0.507166058772611
n058fe3a49d9698d,0.499429452422682
n0592e90abc8b21c,0.5000021219222838
n0595fcc433bfcf2,0.5043886088682196
n059a13c737c15a0,0.5025652183342554
n059ede3df22dcf2,0.5053055866725878
n05a10359cd8ae27,0.5082910162424562
n05a85446b3acae1,0.4976245046843019
n05a857fc5ea1768,0.4993127556579067
n05abab503891649,0.5055447008421718
n05ac34c7fbf020b,0.49926458553842373
n05c807b181476c6,0.49469746811214516
n05ddaa95d63fc04,0.4982519535155854
n05de7024b6fb162,0.5022593408035123
n05e3d2efd3a54b9,0.5009016709711052
n05e3f23362b4990,0.5008036412437724
n05e5cb98d751ab8,0.49826345627595753
n05e9ddeff2dc4a9,0.5009943903093995
n05f0442096d83f5,0.4963172960696478
n05f56c08ef7525c,0.49939397679189174
n061171ef0913ee7,0.5028289876881915
n06387b8d216d8b5,0.49482808391902844
n063cb2480924b41,0.5036281088933973
n063f55c9dfcccf6,0.4948426442705455
n0642fd33e9b0703,0.5015868707889561
n0643d54330e8260,0.5024032570368467
n06453061e5c3a3e,0.5007373470008921
n0645719328c370c,0.49687670136823936
n065007e4a10ec94,0.5085359525771983
n065860508593787,0.49811761433939333
n06630630f0fe3bf,0.503865671072082
n0667205af5cc785,0.4998431321209717
n0669c78650913d2,0.5024020690736898
n0682650359846d9,0.5009014985786474
n0694f4a7a375221,0.4932265166429355
n0697822a4b0ca33,0.500994634163689
n069b21618545fe2,0.49570372914292726
n06a1b3c87b1c828,0.5009121445934369
n06a36ea1c4c657a,0.4977884848548757
n06ad363b90bde4b,0.4900695486265362
n06adb9451d82048,0.49510642852924674
n06c9a817c4ddd87,0.5075041841028615
n06db396cb04dbe0,0.5010674733167703
n06f0e716a09357e,0.5005584100737405
n06fa038615a442a,0.49249278187165735
n06fdfbcef410a0e,0.5027425361877056
n0707582d66af60e,0.5026134417127436
n070c7a23837a18d,0.5019663439907659
n071a55ae4cb00de,0.49888248564831267
n073b4078c3d361e,0.5045551333890936
n0742e84d1644321,0.49564848067905176
n07454c5d4ca47e4,0.49859445242614037
n074941e3bccd816,0.4970555582563796
n0751f818fae8113,0.506969271110909
n07548855fcc412a,0.4977178630801175
n075505459e1a7b2,0.5025611790687828
n077ea76bbcdcb29,0.5004559845025721
n0789cbdbc1f5ae7,0.5050817038057746
n07a2a3aebfac813,0.5000992475524192
n07a2e6916be6b33,0.49599770918625513
n07a56990fb285aa,0.5123441803717402
n07a834f5d302b1b,0.5023339086420322
n07add62edc7cb61,0.4981189864500211
n07ba28f8753f1d7,0.4963750263057707
n07be081a76bc2db,0.49724027047380054
n07bf09711a6aea1,0.4977868141719745
n07c65356e2f9d4a,0.49913711805563116
n07ca8f3fd5eac1a,0.5026358467769639
n07cb847271a1bbc,0.4998511769949452
n07cd802f540d98d,0.49860440530093153
n07d8de3e6a50571,0.5095102899398886
n07dfeac6b9e0572,0.49712061215798337
n07e30f4af55f9ff,0.4984045199643215
n07e3cf93eeedf2d,0.5001685955010609
n07e9a839c830a17,0.495223298542485
n07ec70572c504b3,0.49827264588715475
n07f2b8ac40461c1,0.4957374030617455
n07fa084796cdd34,0.5009404551363438
n07fac90ffc591b4,0.5042869687484286
n0801cfcc11e67aa,0.5061788058469187
n08042211b160a1a,0.4923481309496156
n08092b86a71a065,0.49902918222671816
n08265625f381899,0.5065714746314052
n083f7be55e683bf,0.49795084634716613
n084cc711630476f,0.5023060444501856
n085383a95c57b36,0.4987136846309495
n0856a59d4e78029,0.4972999849259188
n085b749723249f4,0.4967250988087022
n0873f768f748dc4,0.4986009472575589
n0887e574a7015c4,0.5033392724738525
n08925b5c4ad1e85,0.4988164848257457
n089cb90fe137e85,0.4980761016246722
n089ed5b2d110804,0.5040183612236454
n08aa122a9d1f353,0.4927782005047463
n08b7c7f75605f78,0.5018297781330898
n08bb126b6183c9d,0.49528811354348073
n08c3e19dfed6dd8,0.5035708296164729
n08c474b7bb1b11c,0.49817191583111853
n08cf1451b50e6e9,0.4988796779076705
n08d3d4961e852ba,0.49851074265565914
n08d9b0471c4db26,0.503972153323575
n08dee71fe253f73,0.49425113073785165
n08e8b7bc6bbc80e,0.503121417006076
n08f751fc88b76fb,0.4957569936589458
n08fb207a5c7f876,0.5033048498619096
n08ff7924069635d,0.4990187622715911
n090273c2e67a12e,0.4935502360007547
n091cbdc771e4e59,0.4962343451172197
n091e8c51e8a7b01,0.49989286751969986
n0921f8ae2c0425d,0.5000116890719617
n092cf576041454d,0.4981344893804311
n093865d6d248439,0.4961171488572047
n094233ab6d32bbc,0.4974291173105697
n095f01f84cf4cf5,0.5017127056418917
n09658368798bba0,0.4978806178287147
n097158cc9a46866,0.508019137470817
n09787e2c9b2e6fc,0.49602993290143294
n097a45533711589,0.5000458974455799
n097e4685a6e4fa4,0.5077204156397527
n097f0fc368e73de,0.4987401497082721
n09803e521650b0a,0.4988943466650514
n098db34750b96ed,0.4991837097441683
n09977b6a5c146d8,0.49375544657471604
n09b8c33468611a7,0.5020533562178778
n09bc9dd8e12a66d,0.5012545591892459
n09be338bdb4f945,0.49441713485367517
n09be3c4c6241d87,0.5052861720362622
n09c42d06f82183f,0.5006581078179212
n09d27213518d1fa,0.5031437988562136
n09dc20bca2d0bf6,0.49851609886624404
n09f374f13fdea17,0.501241818575403
n09f5599a0177c8a,0.5020606618011509
n09fa8247db3eb6c,0.5011053547794816
n09fd16d3d3dc646,0.50060665475216
n09fe575b81a80e3,0.5016168637190588
n0a0131b8d553158,0.5005440941115084
n0a08b0946c98568,0.4942294019014309
n0a104462ee2a107,0.5065169485112989
n0a1050d185b190c,0.502998079017703
n0a2e9f789f79b64,0.5004187313598093
n0a3490383dfbced,0.49995051338221247
n0a3fadc9534eb53,0.5012406190977859
n0a445abc6748b34,0.5029074574449797
n0a5d2051e7fa0f3,0.5011547650479984
n0a601e5c129caa7,0.5026690876652705
n0a61373b4ac03a0,0.49946855771172183
n0a65098d891ccb3,0.5060558216715358
n0a6b97bede39231,0.49850897339936784
n0a6ec8fb7841f77,0.5011111633645439
n0a79123c98c3ba4,0.5056330645198951
n0a7e93fba31b256,0.5010033055649619
n0a8804d45b3fe45,0.5043669108763202
n0a8be5a8339c705,0.4962722204795792
n0a9e7f1461f21fc,0.5127110843297348
n0aa2c7605322281,0.4997886260590007
n0aa9c2bf8a81e19,0.4995538255496056
n0aaca84a15552eb,0.49743955316192184
n0ac1ae09d10b126,0.506408056552025
n0ac32113c21b4f9,0.5025322791047634
n0adab1b17870e87,0.502184200167935
n0adc6c8f070196c,0.4989849029245717
n0ae5716f5e8c5f5,0.49269598214784294
n0aed26027a120df,0.5028402288509745
n0aeed2fdd07a09b,0.5006670207702191
n0af3868b36e5852,0.5027434656984898
n0afe45eff315403,0.5008342068419698
n0b0a75e7f5dd171,0.4942831108763756
n0b0df15ad793975,0.4975578350688951
n0b2abc8918e69ef,0.49516002288142835
n0b2dcb9320c4851,0.5024344396581913
n0b36cc5f56b299a,0.5023578390548494
n0b39bfd98c3a8e3,0.4995113472272618
n0b453e03d935f26,0.5020983796031252
n0b49fc7ca67a7bc,0.4977676718607292
n0b4bd5ca80ac53a,0.49655333949325015
n0b5b7d38ba109bb,0.5012647018265136
n0b728c3151de6ec,0.49876349812978044
n0b81c4417ab5f8d,0.49679214395033405
n0b84550b992830e,0.4961351077169231
n0b916d10cfc2e26,0.503326448968909
n0ba0a1d7b8068cb,0.49264928382113826
n0ba10d5556cd2a6,0.5000452425094621
n0baadb0b4e55e0e,0.4989715716195298
n0bae3316f3b8f2d,0.4969600089144959
n0bae4b8dcd7267f,0.5004974375437661
n0bbbcd9c5470328,0.49021137061110714
n0bc7380deccd21a,0.4979228175414304
n0bd8df7596e17c4,0.4969420112568318
n0bdf830c9755ded,0.5055867045824853
n0becec73adf0b0c,0.5040367206486835
n0bef83135846352,0.5022014880366921
n0bf504d05b3f8af,0.5030959288501546
n0bfac027bc7ef4a,0.49834421009084684
n0c02eb4315e084f,0.5029694556795657
n0c07093b1fa4ab3,0.5056782093823692
n0c1aa0d047f9327,0.49993840739982237
n0c201f305053e78,0.5047258522872079
n0c21a6f683f6a42,0.49796607348187255
n0c317013c3299f5,0.4970001407284394
n0c3348e48c9e447,0.49878847341632865
n0c3b96375a13d46,0.5050330015238849
n0c41b59def99513,0.4973989028409504
n0c427dae8a7e957,0.49891989707792217
n0c4fa55f2082152,0.5030643143931138
n0c51cab6a6215d5,0.5057618686283208
n0c5d1425c579bcd,0.5003676921720913
n0c61efbb9fe898c,0.4987445584435724
n0c6e450b3f00a66,0.5033619203463944
n0c8738d4f402dcf,0.49978349063893823
n0c8c9a13da7bdd8,0.499036024319758
n0c9820452d417e9,0.49544905686025037
n0c9a6f8166fd840,0.5046991875246972
n0ca2aa20e59baaf,0.5061845273452735
n0cb4e369eaa6258,0.4977212984388825
n0cca0f8ad0ea5b6,0.5090625994907473
n0cda86bd2b7bf2c,0.49564314169943097
n0cdd958e31c3fbf,0.4990676246709402
n0ce67d3555400aa,0.49796638904819346
n0ceceeca05fd90b,0.5049893976014119
n0cf30b784645288,0.4983456671080492
n0cf408ea3a08d24,0.50195509696184
n0cfc1dfe82feea2,0.500055388801178
n0d049bedd9af244,0.4968056682515311
n0d08695db78daac,0.5028646386864659
n0d0adfafe6a4ae9,0.49813147086463255
n0d0d3782929d1c3,0.5050958050134188
n0d144778204a481,0.4944303039327155
n0d14f43117f790e,0.5070783342999342
n0d29e86a8ad6bff,0.4986334632567565
n0d2fd5e3f164c00,0.4998083411892574
n0d30317ce898996,0.4977999717411654
n0d32ebfc2535bff,0.4989687547426002
n0d373aa746714de,0.49845712008726717
n0d479869b2b7dc0,0.5050677940587482
n0d5cc1276252102,0.5000747762485099
n0d6c118d84ff63b,0.5032179084801078
n0d6f71fb8a8eb85,0.498393476340804
n0d762c55f907c37,0.4939991566212055
n0d7b349b0dd6cce,0.4990287042671923
n0d88a59bbf6049a,0.5018039014487871
n0db349b140b10b7,0.49920619838553837
n0dc2975127ab161,0.5027732898674254
n0dc614485eb5993,0.5015916907835605
n0dccb7928cd972a,0.4995666092119856
n0dd21df5a3f663d,0.5020095278302982
n0dd48cff80227c0,0.49864699887081637
n0e0ae847ff87c00,0.5006279166053533
n0e2f2e7ac9da8a0,0.49961483436385895
n0e30dbf984466ed,0.5063409386374688
n0e3637171495785,0.4880752369695801
n0e38d7a9507f208,0.49663553169470925
n0e3befb77bbf6f7,0.5078324909664577
n0e3ead20bf30857,0.5010512777043321
n0e41273f6778037,0.4924933653382821
n0e41c391c1d732e,0.4972526063617558
n0e46535ce79cde2,0.49759283748062844
n0e472a570816c13,0.49704899976420336
n0e545c2f5bdc73b,0.5050696840425066
n0e5aef67e2a7805,0.49532478049585793
n0e60ebcf00464f3,0.5006370419421097
n0e6200f7ec74b5d,0.5018881610517836
n0e635c4a948ab9c,0.4977710192870544
n0e63898ccd7e39b,0.5032027640322345
n0e6de263a3e8a87,0.5038774462028285
n0e7d8bf230ce028,0.4972055790383897
n0e94bfa37e55b45,0.49803455643118816
n0eadb4a0a1a4305,0.5005862805275968
n0eb15aa55b9c186,0.49835791021855014
n0ebf8440b197943,0.49554926273805483
n0ec797ee23b4b5e,0.5067988362594219
n0edd9a766483f00,0.49768800139593367
n0ee9cdfd4b87738,0.4997163301311087
n0eea8d19444035f,0.4974080336599104
n0ef255aa4adfa18,0.49966500582525686
n0ef74e15896bddd,0.4977614126139277
n0f005de7e722d27,0.4975818480065069
n0f043efca5c6af7,0.49873697092703173
n0f0de63f1562d84,0.4947257672207046
n0f18c6ecbb2104b,0.5023534672460657
n0f2d02705470fcf,0.49765539279479715
n0f42bbec8faa3b1,0.4992876298469111
n0f576f43a7d09b1,0.4949983569097861
n0f5a147ff16a9ec,0.4987608668186015
n0f65279da9b7188,0.49780876388148987
n0f65d55c6fd030a,0.4936304362735129
n0f746881c3864b3,0.5038218027704535
n0f7504728174875,0.4971594223781758
n0f8b0bda8de5a1e,0.4954321948931918
n0f8b497272779c6,0.49938049220060243
n0f9798cfd6acc00,0.5027998931889794
n0f98cf85e56ac3c,0.505713958324644
n0fa386b7bc20fb9,0.5017844862656153
n0fa8a459bf86ee6,0.5076883742110186
n0fbb012b146654e,0.5010875346502097
n0fc1bdaa249460d,0.49643352703607657
n0fc4fbe643ad521,0.5035188997489827
n0fc8332c32fb79a,0.4961058741034792
n0fcdd1095d01b16,0.4894103467974548
n0fdb10417bd9363,0.49588265733868797
n0fee8a07b0cc61e,0.4987137178907667
n0ffd00ec3efd03f,0.5072663015316109
n1002ab2206516f4,0.5028005384743635
n100cad603de5ad6,0.5015581580618105
n1010fdf7b029fa0,0.4965492269792029
n101e2b9442a3c02,0.5005756625300775
n10243a8bc6eafef,0.4985878327362711
n102acb2cb825b96,0.4986084291495041
n103528a619912f2,0.500383986145318
n103e386cf0ea2f8,0.5025977849834876
n10411123204a7f0,0.5014023105771827
n1062f5dba20e8a5,0.5056033234541466
n1071ac1a149ff23,0.4993992395360345
n107463654abcbe7,0.49980180545408603
n107701fd9bebf33,0.499638133485156
n107c9cb4edb0e41,0.5020702552691412
n108577d8da0b60b,0.49582165535003
n108fbbaaab9f09b,0.49847354093541746
n10966f6c014c970,0.49774307980402366
n109cf3ad6696633,0.495503442089352
n109eeb51fbe498a,0.500995128428328
n10aee2a4af75500,0.5018088932196888
n10afe5c4fb3916b,0.49780097545493196
n10c2173aca3d879,0.49242389188401275
n10cfb65de088a67,0.5049745367592114
n10d5eb8f7e2e043,0.49743970170713175
n10deb4e861eabb8,0.4983933271007538
n10f8acd4363fc14,0.4982811217783417
n1101314a13b10b2,0.5001822526221663
n1105372c0b9f688,0.5002793279419874
n11146d0d5d359aa,0.4995826207204511
n112837080d0b9fe,0.5011149148308227
n113281b12aac5cd,0.5001794804553241
n1134e605352df6e,0.5058475032143355
n11355fc3d5ab557,0.5033832736861695
n1159e877d064fb8,0.49801371064406075
n115cb2f265c0f1a,0.4938803629979061
n116ff80c2e3ac54,0.5062394919741959
n1171f03b7eed528,0.4995158784085021
n118beaf8747696a,0.49971511747335134
n119f9f3359cc372,0.5019707738733538
n11a9965c247d489,0.5023683579283352
n11ad9cd46f2b414,0.50407283930454
n11aeda10f9d68d5,0.5030936007727629
n11bd9f23ddfc02a,0.5037800975251844
n11cbc8e998d8911,0.5000912633113351
n11d703ef8bf8c54,0.5015119874961947
n11d76e6c119a495,0.5021304931997351
n11da301323b2782,0.49837599109916403
n11dfd0fd1264c22,0.5004183254561259
n11e3161c71f9f68,0.5004394485883659
n11e45590ee0ac92,0.5080985623401031
n11ecf569e86c274,0.5024662925617713
n11eddca1c2661c1,0.5071586687972027
n12071be24c0460d,0.5047740353518894
n1209053316dfc25,0.49731216010641544
n12095eeaef21e4a,0.49923052865939294
n120a40e76e2f95c,0.4998746711419406
n120f2226ba96c96,0.5021014734549706
n121269f9e4ce8d9,0.5024683062506226
n121c812efd02338,0.5007339560168199
n121f88e8ddf36fd,0.4996818491934868
n124e4e851c62c3a,0.5026651575541354
n1257f77b5a6b56b,0.4954419773439216
n126191341b88ffc,0.4999723287040202
n12964387e84fa19,0.49330061829081795
n129d68c8f935562,0.4972994041957839
n129f59828abf198,0.500015359904459
n12a0ade084d7221,0.4963639410893991
n12aa8649621d11d,0.4985634263060293
n12b0a07736c3add,0.5009857478490332
n12b30235110acf0,0.504393391578535
n12be0c428049968,0.5003920118155398
n12c3031b6fb13f9,0.4999285700599432
n12c3374e45917fd,0.4972870107513687
n12c807a5ac69b0d,0.5037589470776443
n12cfcccd965b7a9,0.5054983865952217
n12e8bc741fe88e0,0.4984161567160086
n12eee6890673db3,0.5095019822712549
n12f1470167baeec,0.49640199929589635
n12fe8448900a41d,0.4991204418679787
n131c530d9be1494,0.49635019711872946
n1321e5f7e89f7c3,0.5000599048738458
n132402de6a35ce7,0.502969915267644
n132bd56a66f2023,0.4991414843294295
n132c5310225f7c1,0.4953948861549322
n13387a1bce35dfc,0.5072894820773033
n13655a2a15e02ed,0.4996109093700312
n136e946597904b6,0.49633151376529094
n13718f5ca4fe7dd,0.49828411363563063
n137bda394856492,0.5051495971984609
n139675f9ce5de15,0.49949774140716113
n13995a5052e6283,0.5037653167591803
n13a4a8a2b3b60d2,0.5014745177821416
n13b2ba45ad9e8b1,0.5001173073133549
n13ba2837e54c279,0.5072573559623867
n13bc77b2ef29e1c,0.5034582280126866
n13c4ff84bd72093,0.5013797391365649
n13cbcb5b1c6ba5a,0.5020349302927402
n13d7e64f632dcbf,0.5000296824867815
n13e667618358e36,0.4983684766650949
n13e6d48d53f1da9,0.5015124603789787
n13f4d5a537cb1dd,0.500086481201933
n13f5ab956f6dd35,0.49735802982182037
n13f7acd59f7f286,0.4929547610936698
n13fb055afac489c,0.5020014224173311
n13fe29eb34d3d44,0.5036659257698944
n14075778e25be29,0.49846209335975633
n1407d870e400910,0.5041984715294128
n14089ad3b5b2454,0.49421981350621536
n140f9a66d3c96c2,0.50381842392396
n141545a3a4e129d,0.5071789463118025
n1419be5b36611e2,0.49436140225956793
n1421da9e1c4dd66,0.4960768949881771
n1423cb547bb2956,0.5011004647519984
n142a1dda5e9f922,0.49625513971004015
n1445c00ea850ffc,0.5008291915093929
n1449e4435bed07a,0.5000910179938884
n145b790235fd5f0,0.50351111559445
n1469e54a8ae7054,0.5020093603016785
n146d28d5927f3d1,0.5014660683083679
n14721cc31232b15,0.5064529025275014
n14779d07b49dccb,0.49926192315167245
n148605107e5ea39,0.5033865261424129
n14879be12ab8719,0.5056563009872449
n148b53e57cc8f70,0.5003463475450315
n14a678584e77dfe,0.4996096470789142
n14b474591e73e34,0.499211892625924
n14b92261e4f8a6d,0.5024960799809993
n14c526925ddae17,0.5029097760046968
n14c6e40cd3f1912,0.4994358620851051
n14d1fa32b00c40d,0.4963941041517217
n14d42ad36bef726,0.5010746100538471
n14dbc5670165b05,0.5101036251810057
n14e19f8fe437f3e,0.5003759910767511
n14f1ad4394d329b,0.5009299564330644
n14f3add0d0fefb5,0.4905389236750671
n14f49b871235f58,0.5004952312016498
n14f5c451f123d50,0.4998163941893896
n15052af6580ffc6,0.49392981013625503
n15091a7ace4282f,0.49945146074317626
n1510cc7d80aeaf8,0.506001890432045
n1512efced195c96,0.5028511809512118
n151d295fdbf3304,0.49931872509003494
n153aca8d0c11299,0.5003921524064308
n153d2ab921d83d2,0.5083321053406484
n154ad098e726113,0.5018323576023516
n1578ec9c7f9aaa0,0.501952998724736
n1581f5a1ff43131,0.5069601077072832
n15832c297bb2990,0.49866774174051787
n159009cf5f3f0b8,0.49814523712129494
n15996762e72d836,0.49804171507352457
n15a3cfbbeb1b7a0,0.4963897906710047
n15adf311ac375c3,0.4990703775304284
n15b26f3fe5b081b,0.500315190514733
n15ba2ac888c826d,0.5074871819728594
n15db5ad9111a2ea,0.5005139544581639
n15dd312e660334f,0.4977288849640491
n15df83f29206d43,0.4977854086555506
n15e204ff7111eda,0.5023760275679877
n15ec4d1f5cafd4a,0.5088041408216561
n15f02f7b0dd8c6d,0.4981403776424448
n15f6abd9e8f9527,0.4981000763004745
n15fcef79bc1d208,0.5067371318575041
n1612d1f7fb3d89e,0.5047530775805609
n1615f8e5e7c6fd3,0.4954507392074416
n161f3e64ef13401,0.4983610354605322
n16245c1a317c5ba,0.49979573749809547
n162574e37aab6ef,0.5068789051034965
n162cd294d4d34b2,0.49938435681374566
n1631fd8f6b38c88,0.4944051955272842
n163d6b3cdaab8a1,0.5028575996442538
n163fb532d67189d,0.5017557827257081
n16411a6acbd40f4,0.49861176729447054
n165816f4bd0c89d,0.4996550952723451
n165c861c2786544,0.5028818833531002
n165f0baf0d1fe97,0.4988381118868153
n1675c9dacef3d5b,0.5067890877112928
n169508269e73889,0.5054460933614079
n169616866d11549,0.5006177493353173
n16ad333485627fb,0.4963706615700627
n16ada36c0631ac6,0.4992738857669308
n16afe96e8ab70d2,0.5039077698166757
n16d6eea8147177b,0.49697827035989744
n16e431d31a6b1ea,0.4986674020098842
n16f5859b3710f36,0.496840919557147
n16f64709e6602b9,0.5034555744157505
n16f921ebd7db8f5,0.49800767747784563
n16fb04a1da5b602,0.499648738693262
n170b9ccf2772e80,0.4955691824457232
n170d179930675d0,0.5034562723038725
n17108247d99ea53,0.5013811183550452
n1722b6cf8009943,0.49996064640710897
n172aa3b6d007e5d,0.5070350478111021
n172ba98a0c0542f,0.5002921164102452
n17355d636e5fd18,0.49618104708565053
n1739e4d00783e06,0.493764677653824
n175384777420d81,0.4969996986703721
n1769d497ac03ef5,0.4976106537263009
n17748b85a35ed33,0.49816243107932356
n1774cbfd9468d13,0.4895021546134685
n17873e99a94ee5f,0.5010770772946349
n178f425e581ae39,0.495322043633121
n179fe0e9b355a07,0.5000514317039837
n17ac2f9be5960aa,0.5027167730203095
n17b6841604c8edc,0.50121645700953
n17c4d76afdbc18d,0.5024781251446576
n17d9e3c0f114a54,0.5007302179200082
n17e151cd7b30277,0.5029574826632927
n17e1b05771c8a05,0.5048762777813607
n17ea232bd076abe,0.5032245732008738
n180e9ca48f0e9df,0.5025664342453786
n180fd8002089b8e,0.4927490244540605
n1817f9567b47a55,0.4977286009924155
n18187717463b307,0.5022371487202214
n18230a2b17b378e,0.5023679126562924
n182983df75c5ed5,0.48935797183404633
n182b2f7fcd0f97a,0.493072668189252
n1834add3a542ed0,0.5078673739822654
n1837b3adfc4ecc2,0.502642299439254
n184228c8cdf919f,0.5028417944408248
n1844efb0245eb0b,0.500198781999698
n184671645eccb14,0.4936271378509085
n184e2620ca35be6,0.5023929663938503
n1853f5b0e1e0e46,0.4984339486450572
n185b2e8ebec8f53,0.5039679489011324
n185f6d5fdc50bb7,0.5003591438100597
n186d8d98ac5d0b5,0.500518320259261
n187578dfbbc9dc6,0.5063140719311549
n1876c09bb24fb30,0.497407847172298
n18784a47968c27b,0.5029375055781805
n18825b5b7f39674,0.4991019129811388
n1889d246c5c081e,0.496388913942406
n18962d467a4ed73,0.5008414902951008
n18a13eb77a69d8d,0.49275345361616496
n18a987aacd3f23d,0.49736641935162695
n18b2010a8af6a9d,0.498869275191302
n18ceb2fd453982e,0.5022487889064923
n18d1d9bb9ce6f60,0.5024046133287849
n18dba252db1f662,0.4985279576018489
n18dc69475fb9783,0.5022940885259243
n18e5025b6b8a6c7,0.5016205553507531
n18e6bd045e96e25,0.4951957271976021
n18f7031bb266ba3,0.49958486516113304
n18fa0d8fbab6243,0.5084739597680694
n19064e97a886020,0.49997004620699376
n190c446b17bee86,0.5042083085715642
n19135e67dcc1cd6,0.49322541018687827
n1916a2fceb61854,0.49628607543811554
n191eba346897d90,0.4986974946115158
n192e6938e31a16f,0.5012601776811118
n193174a4013b633,0.5034778356520622
n193ea087da17a0c,0.5082570230742908
n194208c3631ce48,0.4978927839604381
n1948d3c2c852f7d,0.49674766738878956
n196bfb7df2cfb51,0.5019125147387524
n1988052b6956f75,0.49839275757120227
n198c1ef772e8789,0.49529587764590205
n1994c0c0e9b6768,0.49991166292459205
n199a026c3e64edb,0.5054070934273416
n199dc6b11f5009e,0.4984682995548497
n19a274565c05977,0.4958799722778636
n19b34ddf48d824a,0.4920520167610013
n19c02756c670af6,0.49866707729233994
n19c50cfbce49370,0.5031162915704718
n19c800fe388640b,0.49284181413742045
n19c91274f8bba00,0.50520013068378
n19c96505d52763d,0.4948895622560194
n19cecab507aa7fc,0.5044891303824874
n19d8aa0918cd3e1,0.49990910061034
n19e62b7c4777b49,0.49948663839449314
n19e73ed322a5f2e,0.5029515237947237
n19ef01903395d28,0.4966987448428954
n19f3602ef85e841,0.5015075939699587
n19f3789281f1b02,0.5007351182170198
n19fd0a953d304a6,0.502991641379768
n1a088ac1d44bfee,0.4901332446027774
n1a13629a40b474c,0.49614813828035736
n1a1a285bcc4f9d8,0.4939625859089646
n1a22319929c6bf4,0.5023837026165721
n1a2786342510f60,0.49920616231684184
n1a3285b307cb43d,0.506412513524295
n1a33af19d4eced3,0.5121883626406564
n1a342a5f9528062,0.49896874693164733
n1a4ddf487de1488,0.501667460326701
n1a5518c63d299a8,0.5094087352091445
n1a577505b6da05f,0.49881998225578067
n1a5a855f2b213aa,0.49471716620120615
n1a5da0dffcdb2d0,0.4915079110530903
n1a605a8311d68be,0.4998845110721216
n1a629ac7b559c98,0.5023891973567175
n1a97355c901ae24,0.49551554446865587
n1a9a33718367fcd,0.4985095979989469
n1aacda5481487cd,0.5022161313635015
n1ac474c22dd4c6e,0.496602583061975
n1ac515f5460e2ce,0.49709403062725677
n1ac84c2de57a6d8,0.5045219902855195
n1ac9bacb099bc8f,0.4970440935814
n1ad4806702a3e96,0.4905304674193074
n1adb80c2aecc93c,0.501722453236889
n1ae14e092802b1a,0.4993161460085338
n1af5dbae986494b,0.5008992714579643
n1af93c637a6478c,0.4967423206569857
n1b0afce1c9a5a92,0.4967169816666662
n1b184460b77d10f,0.5001908038274231
n1b1e3de52319ef8,0.49758121385277826
n1b233fe2b88a76b,0.500157557086671
n1b3ec93a3285a7c,0.5019388945317381
n1b629de0eb39d0d,0.5038678204468757
n1b6a34c6cecff37,0.5025837963202372
n1b6cb337afd2e21,0.5036411411492442
n1b7f077bf1f1659,0.500267721513713
n1b8102893c1067f,0.50101073419018
n1b8f71105dbb17d,0.49289745965625786
n1ba43c93eaaf92d,0.49870339981076556
n1bcec4c90189598,0.5045141270965403
n1bd4d5aeb0d6a92,0.5022796486664842
n1bdf4ec02b0f11d,0.4984044525458324
n1be3f14125ce7fd,0.5032248777323213
n1bef86b6e086403,0.49846200576310723
n1bfcd620d944b77,0.5041018280557558
n1c05c40fcf6511e,0.4995807479373982
n1c11fcb6d339528,0.497253783218188
n1c1759d9759c697,0.4990807350070858
n1c289887af38127,0.5014413899253953
n1c36e8b33db023b,0.500343735479113
n1c4b08eea319e73,0.49902975875475203
n1c4cb657eec1c4d,0.49412704183366546
n1c79662abbb4648,0.4975184593985957
n1c8f0c9f48704ba,0.49408930583094235
n1c95a7f2a93f010,0.4984313590971351
n1ca2e256b15cf30,0.5019705035323606
n1cb98a2ec301d85,0.5004807154978319
n1cbe120d3149e9e,0.5003893662105968
n1cd2bfef696f14c,0.5014887750108047
n1cd40355aee1861,0.4997412680360473
n1cd9bfe0d8a8b61,0.5112136557977288
n1ce36c274701eda,0.5018587911887844
n1cf71025af52667,0.49887290744718754
n1d11c3e97da042c,0.4958675165343806
n1d166f222dddf1a,0.5012528147508374
n1d2e66a2eddc27a,0.5021032025990547
n1d2ea9ba3d6919a,0.5021478001360309
n1d31f6eb40cce10,0.5020338583777494
n1d3662b2b132273,0.498146911880206
n1d3df63c82ed59e,0.49691938232565636
n1d4467be768a085,0.49611644496939894
n1d47b5f4670c186,0.5020055687562189
n1d4bb081d44fda2,0.5071376724691091
n1d548e9243dd9b9,0.49951476712688464
n1d5badbfd827287,0.4931201938963573
n1d77da9b35a8324,0.497539229755809
n1d861cf416b8369,0.49999290426725435
n1d984bc5e22d001,0.5019236433741364
n1d9a2d7c3fdc83a,0.5027465478274458
n1da8b274b369cca,0.49813907653807127
n1da975e5740580b,0.49902675833491394
n1db1b7be071dfa2,0.4951568565827314
n1db6647e4b2bb56,0.49796379061653073
n1db902e6249e8b7,0.5010952539847658
n1dc2daa857ddda6,0.49729555540770604
n1de879c6d54b3aa,0.4992636309750872
n1df8fce2abc6033,0.5044369921033607
n1dfb8ad5a6b9813,0.5058440162731883
n1e0cacb347eeda1,0.5016472618517568
n1e11a29000f6ec6,0.50554036362006
n1e1e94bdba52abc,0.5017303031763415
n1e44bcaee4abcaf,0.49662150904916386
n1e612b52de1e7eb,0.4976801668476671
n1e62db7b30877df,0.4915651223606762
n1e670e80c42dc7d,0.4984567452349081
n1e67323aae59030,0.5001294568817706
n1e70a1b6afc2828,0.5077982203535089
n1e73c82317c1e2a,0.4966735286912524
n1e7632fb91828a5,0.5020505861630666
n1e7b6491e1a1abd,0.49588656963981886
n1e7cc921582a746,0.5006363360742813
n1e9040e9c578938,0.4949132580804957
n1e931e3848b7adb,0.49305248746649405
n1e98f6ef04dea91,0.5054168027510674
n1e9bd3c95df86db,0.5021869585790801
n1e9f8c73996a59e,0.49981316692148464
n1ea56e375e17ddf,0.49780240920419216
n1ea5adae7e9d682,0.5047778310676638
n1ebaf14f86b0ae8,0.500164986329203
n1ec1044fd953ce1,0.5000913780531995
n1ecf5175c7c4b97,0.4961396342872369
n1ed01586c7873ac,0.4901291923673879
n1ed839d92d18d56,0.5084904481661814
n1ed92023e412d32,0.49934374623465394
n1efeb39adc5b117,0.49886647087081937
n1f0ab366945d8e4,0.5039271182754271
n1f0fcb06354dff9,0.4964713307428596
n1f338886c63f57d,0.49849301288590253
n1f355fdb688edc8,0.49667114479403685
n1f3c1cda0ae21f5,0.5004441307004557
n1f459a7b3f06d08,0.503831916824628
n1f49e7caa3aaa82,0.5004965212160764
n1f5be6fd6cd2f4f,0.5035496999704241
n1f6b3dcadb52d27,0.5004952014056753
n1f6fab89bdf8385,0.5039797571544407
n1f7758b34dd3be2,0.5003222279760929
n1f9329981307ab3,0.49750680732149666
n1f9cb4a08c47127,0.5012997188057394
n1fa0c45ee6de2b0,0.497684923842722
n1fa1b509a495ae6,0.49986676981073075
n1faa1cf35b7f09c,0.5011035786574934
n1faaa0c6763e385,0.4963763097881298
n1fab58c124b0bce,0.5034009360596629
n1faf22cb570be49,0.5055445613744735
n1fd03e9b95ea33a,0.5029776620061218
n1fd75a4c05d0b19,0.49587813403880737
n1fd83cf48a56fea,0.5012135896474414
n1fdb8cca19991e1,0.4952925355577029
n1ff1d2480cf187a,0.49534266903700264
n1ff35c3297685b2,0.5021907874894401
n1fff9c670b0c2df,0.5030535036225671
n2005720d2986338,0.501894881858502
n2012b03a69df29e,0.4968283123747658
n202fa4724d5b5bb,0.49957949202210233
n20382faa683358e,0.5061725506842163
n20388dec071eaf1,0.4974126350245578
n2048c2d864c152b,0.5018863881999243
n205a912f8d1a868,0.5093178722937898
n20705dda10c78c2,0.4999347094989414
n207512a085a428f,0.502078774198379
n2076459e3d8b48c,0.49901558231587895
n2076e97746969c5,0.4985568655400869
n207aeb3e8fe8929,0.4911727567175736
n20a36bb0636b5d1,0.5003393386513537
n20b8b9eb1150575,0.49651610831978454
n20bd2cc95df0d66,0.5004045676474851
n20bd6e427b406e3,0.5037647343037743
n20bf78a2696b8bf,0.5031352987981561
n20c2655c217d9b1,0.5017333443472836
n20c6cfc34057ddc,0.5027591058297208
n20cc757da5c8a81,0.5047458648091754
n20cc94fb95573a5,0.49632664445802366
n20d122f37f62f91,0.5047341508696874
n20fe67c01d44dba,0.496108090247114
n20ff92b12e2c15d,0.49398770994437996
n20ff93c13ae2c75,0.499017493025411
n210be4024eca339,0.5032736648109328
n211a987f2a9a60c,0.5024234943228844
n211c41d3bdbde9f,0.49912003553321715
n2135d8df929b6f3,0.5027384525118231
n213930980721d88,0.5015076996431752
n214fab35deb7193,0.5023326413755127
n2150d79a57b4dd0,0.49874004930336396
n215d7ba862be698,0.5001813382068709
n2162cb09264e741,0.4982796218178982
n2173d6a7617a1e8,0.4942084089733714
n217a31644ac2f59,0.4980831202020695
n2191599b2cdc61c,0.5008060339514162
n21a263c198aba99,0.4966225460233202
n21a37dc367cc7b6,0.49691395314158415
n21c555600cf1264,0.5069050406199385
n21ce5cbbdec6ebc,0.5028053100885962
n21fd1bb5bc4c401,0.5024610725008861
n2201b44d5a21e61,0.506061990597502
n2202835455720eb,0.5012551481329487
n220a615de856d71,0.4994235224033626
n220f46024c1b55e,0.5029775536087685
n2217e4e5d47dc55,0.5002685940631518
n222a080f41f195a,0.5011733907376681
n2232e08257b6b4f,0.4989455431046254
n2255fad23c29303,0.49993011044537994
n2257a4b46c177f5,0.49911282342420754
n226ec40ffdbcf45,0.4985471194584611
n227d14bfdcc94ac,0.4981169802290761
n2281ea2f1435492,0.49782524877152795
n2284c6845507d9b,0.5050703194354051
n2293483e3078dba,0.4980738975607952
n229d0b2651da639,0.4919308627697362
n22e5113701855be,0.49966139187427605
n22e7482856b97c2,0.5018826073926663
n22e9533aea36302,0.5017739902568645
n22f12d699a8287c,0.4971892985475815
n22f13dd2973ea68,0.5081465190614836
n22f59a278db1b06,0.49611563815619564
n22fc0f01a9df72a,0.49665302654988647
n2305173a7fc443e,0.4994937608486192
n2308ffc1dbd33ae,0.5035250080147832
n230ea4e2190bc39,0.4998257425862196
n23228a3ba9f126d,0.5017935306473916
n23280f5c2628e44,0.5027162164185203
n23336cfe354215f,0.5047353294136874
n23409ed12f95432,0.4978543529182789
n2350ad3fe89781b,0.5016190495085542
n23575464f5bb93a,0.5001116281301305
n2367e0a9b562f91,0.5033231007323795
n236d8990d578d93,0.5034533390910388
n237e3047af72692,0.5028600541616576
n237f3485010699a,0.49657219918829765
n23807a2c01f26ef,0.5038713213550533
n23818098d0c571e,0.5039192017821928
n23856129ad27420,0.5010965313752892
n2386c0f0762f902,0.4986583137717378
n238bc855db59349,0.5063956403225424
n23945f8bbae962f,0.4987450945370423
n23960d17b1dda63,0.49798838405043566
n239df15d8cb5b8b,0.4995002709790565
n23a6c67c8794230,0.4964340185430653
n23a953debc6f374,0.5000097748006248
n23aeea602665fda,0.5018189507600757
n23b97f57f8153d9,0.4979110357066722
n23bed81b7e54793,0.4941161048672109
n23c17e6cc664fe0,0.5036524050569171
n23cd96cc0cd2b0e,0.4961627066843992
n23cf2e9b5641c76,0.49757840864137226
n23d98a27bf3512c,0.4978294411418501
n23fd9203aaed253,0.5010860879112797
n242c45f260bb0a8,0.5013617346363316
n242f970abf80f55,0.4955754645006774
n243ff8850537b85,0.5031405908898045
n2445ac49af371b5,0.49795206740001213
n24481181384d513,0.4937253607271521
n244d1301781108a,0.49903794524330486
n24537e54c12c51f,0.49569840382252184
n2457f4ca5a74bd7,0.49916942311174317
n2460bdc08ad6bed,0.49936566619304446
n24666143df1f110,0.49373857938861737
n246d8af7a1d0175,0.4968042070368945
n247050aeb7e8ef7,0.4999911928538688
n2476fffc4b57685,0.5104128534643473
n247c34332addbda,0.49424306284286756
n2485e6ccc6b6f4f,0.5006697562750345
n2490c73892c49a3,0.50075114768518
n249216d60a70ba0,0.5001212261683203
n2493bef5bfb5c12,0.5037782221256141
n24983ebafde3431,0.4972351426881349
n24a1510504197da,0.495979148905005
n24a41ad0b852b03,0.5008143217372516
n24b5a0bbadf1730,0.5070568410886186
n24c2bece0f7e592,0.5083207839997298
n24c630aadaedee1,0.5011777109710752
n24c885f944b7eed,0.4979098627522983
n24cd335a92c43c0,0.507173856908965
n24e4ae23af956c3,0.4942322740681224
n24fd81ada2e66a5,0.4995441201877761
n250db583511447a,0.49754851517699317
n251f9da610d6ff2,0.5028067612918127
n25249cac9b30342,0.5032742146217245
n25380814ecfbf6a,0.497319435105851
n253b374baae8764,0.5005182784066153
n25502899681086e,0.4928819569854495
n255a1221dcf89e8,0.5074267419379992
n255a970dc376556,0.49861907261794913
n255ac5b488d813b,0.49863165729007003
n25621d3782ecc50,0.49243477273040404
n2565deb45e0e803,0.5011993290988032
n256872c1b9a6935,0.4969131366798718
n256bf1bf365d925,0.5008610532188277
n2576588c6d1e1fe,0.501109495320001
n257e1c21b7b6185,0.497790800457617
n2583ab7d41ca274,0.5015244080384939
n25855a7f40d3e10,0.5032295429278378
n2586bf8add86128,0.496111135725937
n258d75415ab0eec,0.49764726717443497
n258fb0e48475857,0.4988227033758413
n25979d0ed42030e,0.4974016746358417
n259924202759dab,0.49689865253784027
n25a0a4ecde81e36,0.5040405568493656
n25a5bc7a19b93fa,0.5044542081017079
n25ac5d0af552a0d,0.5005496657481071
n25b05d20284c9ff,0.5023950869538054
n25b423b922c6532,0.49925262207705556
n25bc69c1c72c097,0.49801289977572305
n25ca76519c40163,0.5013732457843973
n25cc332211826f4,0.5069574479978485
n25ccc3c495b67ba,0.5056948977585
n25e82f04911901f,0.4960307575490922
n26116d3fdf49f46,0.5068014975334277
n26209aa68726800,0.5076360503821815
n262fb9b48a9332a,0.4969358585973089
n264c4b558a6069c,0.4994489403224615
n264dcbf001f7cb7,0.5000966077711175
n265e5e08bd41140,0.5007275844775532
n265f67a9ddefb59,0.5056582477492303
n26666c43d3a69bc,0.49608273659261093
n26718864f95695a,0.492494701900092
n2674d58482249c8,0.49790501959473876
n268cd15ee5d2637,0.5026859802931752
n268e891cc8574d6,0.4997116363227982
n269ba979e8e3ebc,0.5025477970831804
n26aa1157c66bf95,0.5025160024713723
n26aa63c7f9be3c6,0.49643332979898797
n26ae4cac064da80,0.49540706025614123
n26aec0c7d08de3f,0.4982744768352088
n26b1a79d85fd4bc,0.496465970543039
n26b46f5f30c20bc,0.5012352070548551
n26be1733d9f8da6,0.5039879469239189
n26c5d424ac5addd,0.5026027283434295
n26ce79da2f37f49,0.4956351734586421
n26d6ef2cc6b6658,0.5007894884020535
n26d9c7ad8743eef,0.5094744418792815
n26df35d4793a7e9,0.5069128061270882
n26e71d8256d8325,0.5002267762873428
n26edca55c789591,0.5034617554364965
n26fa55bd7a7ad1f,0.4984150536675263
n27013ef1117b66f,0.5017007607977857
n270ded877b69f31,0.5018625681420649
n2710aa4364ab14c,0.4959263053935491
n271731d44ba8516,0.5025136952566451
n2718e744edfb8bd,0.5016752600648231
n2747bbed1d9f2e4,0.49589633730506977
n274d770110d49c3,0.5019805303534636
n2750c253eb100da,0.5069923451299873
n2765a021afd448b,0.4962043547949709
n276d0f21664cf03,0.5003151263071206
n27729f29a785865,0.5018952603318895
n2779880d876f958,0.5010321766671452
n278239b328f8f85,0.49311717686837164
n2786f59fcf45f24,0.5027730396296411
n278831de550345b,0.49990483215150844
n27bda6d7c4b1390,0.5038346781423182
n27cc365462b5639,0.5040338955285774
n27da296ad2b8633,0.4980779747642386
n27e13703bd4de52,0.49960294188374227
n27e38d2d23ce8cb,0.5013692756703712
n28186c87ec4c064,0.4994949859200466
n282951dd80c5659,0.49937457774729954
n2829c4f3ea154fb,0.49477874925232834
n283a4baacdaf6b2,0.507780975757652
n28443b4f633a038,0.4933671381989625
n284c1ba28566fc7,0.4983858445720497
n285c32a522c2dc8,0.5037460907464305
n2889f30aed0635d,0.5012485556454709
n28937a44d0aae86,0.49467204358677047
n28a5f3bcabc67a6,0.5035985743176505
n28b43b89f9bdcd8,0.4961719255351482
n28bc724a5fca3c6,0.4924017060389097
n28c164c9e462e7a,0.49958925839551144
n28cb769691681d9,0.5013629941719949
n28d15a70da2bc56,0.5030422103588594
n28ecfc8aea5f832,0.504475701250907
n28eddff777711c2,0.4979122654716128
n28f33e45f1b3844,0.49767591213860735
n28f6cbce023bc75,0.5029225775312243
n28f8d54c7444b9c,0.49938280709835653
n28fba416d55274a,0.5012881854694562
n2915bce56102505,0.5090106460980736
n2919adfbd9d836a,0.5014794411960224
n29269dad824d2c6,0.4969119091277462
n294400bdf72068b,0.4956770281624397
n2947988c1ecc109,0.5041219768664083
n294c65cbdfa9959,0.4963922968557901
n2950616d864a0c6,0.4976068234939651
n2961040c47fbc78,0.5003163604892362
n297085f192532a6,0.4990670374487546
n29718691b851595,0.49851014479996547
n297e7a183afc9b1,0.5062626137522551
n2989942d96d8238,0.5037396918732883
n299980adaae3d54,0.4999954675752339
n299f066a5520a8e,0.5039991485157819
n29a7156466db24d,0.4964207621092307
n29ba371dc8d5a2f,0.507249050535657
n29be008ef8746e9,0.5029307227746354
n29c3611ebe7cd9b,0.494992384171274
n29c49912d982296,0.49607677853669974
n29c6a0c13e8b98a,0.49910220032154423
n29db78ab21008d9,0.500743635718492
n29e95ca726a7865,0.5022620436475231
n2a0db316a25d02c,0.4993557993973838
n2a17ad06b192624,0.5004348020521057
n2a20f78818aae0b,0.5007248009457267
n2a247308011bc67,0.4972180590806233
n2a288ac3659b2b9,0.4984277633227092
n2a365562e6c070a,0.49987816777769845
n2a3a3d632953ca4,0.4959083692066516
n2a3ca20caa8a2eb,0.5053247307335604
n2a4fc4b5a306ca9,0.49491597092362777
n2a50851cae913f5,0.49625744164107466
n2a525c6997eeff2,0.503086012041441
n2a629e7fbb078be,0.50048702420776
n2a65dab5b23950c,0.49517588122101786
n2a6ca947a2a1e63,0.4995115041743702
n2a7060a01b37058,0.490638001645206
n2a7085f35269fea,0.5057906076354175
n2a71c71a1b4e5fe,0.4975803534336593
n2a78b481750d1d1,0.503048639323722
n2a7d2dd81894d61,0.4995893649299528
n2a7d392dfdfb0e7,0.4991437166696329
n2aaa71f5d176327,0.49902662836660105
n2ab59b089ca1584,0.5061977975237457
n2abd3d5bac148dc,0.4972400238433622
n2ad6460ee7bc4b7,0.496103414922939
n2ad7c7e8145f9fb,0.5011505381049871
n2ada140d53986ba,0.49735184674886923
n2ae084c19d47cd8,0.5042583828567135
n2ae609114de00fd,0.5064038458347394
n2aea8ee1228dba0,0.502804343692981
n2aeb7f0ec1a662c,0.49969892886426037
n2aed2731ca8d9db,0.495143872285824
n2af035b30962b78,0.5012050926389655
n2af8fb77dc129f4,0.4974836589274985
n2b073e98606d6a0,0.49772292427054127
n2b0848eaa28d132,0.4981856934802975
n2b0a45269d921af,0.49988426086837096
n2b198c72dbe8cdb,0.500247992159813
n2b1bcb49667268a,0.49222765354284875
n2b22581bddb809a,0.5022898762295375
n2b2baa431e4b29f,0.4976906628977957
n2b3874b7593cbc2,0.49902954774010133
n2b3de02084db0ef,0.5014883840529039
n2b4942e59c92111,0.5028019923587862
n2b4c7f888888f66,0.49504852006359373
n2b52cd107bfc497,0.5004900501962318
n2b54465388d28a1,0.501299597997706
n2b69e2c76d928d5,0.4972520302997529
n2b721cc9bde09c7,0.49791518760904924
n2b77d30ba300511,0.49824526895883514
n2b8328cfaa8224a,0.4998102538789101
n2b889a4eb019320,0.5018340597978902
n2ba3e4e7f8910f6,0.5022937364413831
n2ba5d69276173c5,0.4966441084855163
n2bad4795c4b2df4,0.49361168142067635
n2bb3ee527c08150,0.5030851391820235
n2bd81d3395a9abf,0.4990724387644286
n2be1ef92d1a502b,0.48991432923291267
n2be7e945954474c,0.49242174695690544
n2bf409e4582d656,0.49874191012402647
n2bfb0bc5ae8c598,0.5033002247814126
n2c03336bf92a098,0.5078390999793225
n2c1a4b17fd0b02a,0.5081581901372639
n2c290ee486b1c4c,0.5055832987754744
n2c30c688bb89d0a,0.5001456559114191
n2c36e19f8e51956,0.5128643876406778
n2c3b934578471fe,0.5034430361855221
n2c3d9c5469d9eb3,0.49702179482171943
n2c463f7f93250f2,0.49427140955510235
n2c5126dd7313e96,0.4997303047648786
n2c55e3425071351,0.496860964173215
n2c59a222dc44b46,0.49992197777311664
n2c59d1166a87d6f,0.5031273337909278
n2c60bb8d64344b7,0.4991552678985842
n2c67b62c81fae5e,0.5030894170428254
n2c686db75ca7ae5,0.4938815476628683
n2c8c28306ed632a,0.49665923456568545
n2c8d5220a9524f9,0.5040534114022149
n2c9566790bdac1f,0.5056936467404107
n2c9959bb7558260,0.5061156856061774
n2c9e5e4942db198,0.49561691596020085
n2ca19137edaacdb,0.49921907851959557
n2cb0ca421b14841,0.5025501684966844
n2cb80ae5da5acdb,0.5026701233163814
n2ccf988243a66bb,0.5104295348990647
n2cd35129d6a963b,0.5066857261348785
n2cf114610830424,0.4946119030272106
n2cf19ef670f14f2,0.49057951194527266
n2cf56ff8a33f856,0.49695654337904427
n2cf6a4caa179360,0.4958603719026117
n2cfba82f4007f60,0.5010565610590346
n2d0d58d3512fdd2,0.5031645411889761
n2d2eca6a9fbb2cf,0.496418527880091
n2d3d810fd5ced75,0.5007354430531133
n2d4120b22024dda,0.4968445937674685
n2d4f7f3cd72e32e,0.5025704746863544
n2d5b3d5aab2c470,0.4960537255503565
n2d5b8e75d3908e8,0.49825488745276025
n2d6105f5e96c25b,0.49932239112269305
n2d614d71ac3020f,0.5024702300952023
n2d701d2560a471d,0.49900223163883745
n2d7829229f07b5c,0.49767654440890247
n2d852f423e45975,0.49505464901132157
n2d855c1e39f05dc,0.5042678631849644
n2d99cc8548466f9,0.4956610198605913
n2da54150c63f307,0.5061881444128126
n2dbf7ffbf26e967,0.5070757873137344
n2dc6ee1388177d0,0.49777724184263317
n2dc8ae58b8fcada,0.5003914182167207
n2dc9c289cb07f16,0.5061478349332366
n2dd073be0a8c0cd,0.5008638667881077
n2dd4d2adb52796f,0.5028664445697445
n2dd64ecd04499c5,0.5043175307868056
n2de77604fb7c887,0.5020871698062547
n2de9a82def615c1,0.4997229636911288
n2dfa488da75f608,0.5032033778029938
n2e1855a234e9702,0.5002877206115612
n2e18e536fc2c144,0.49519564762189766
n2e1d53b6316d95b,0.5024310486542797
n2e26b8d1ecc7fd8,0.49918754199340215
n2e2e42cd6be3218,0.49875749585416673
n2e2f444bc7eba41,0.5019602931797602
n2e3587d761008e2,0.4947281908002422
n2e5158a8745acc1,0.5037815563265894
n2e56b6124565436,0.4976908800631668
n2e5b0d49a1a3988,0.4967347364471629
n2e5f2328efad17c,0.5024293552488928
n2e61bf3b94baef7,0.49919956489202405
n2e68a68ab4f7c25,0.49374619099419725
n2e840b17a714627,0.4962744120986238
n2e844b1fca052cf,0.49997022994321416
n2e8ac834e8f0281,0.5026807951208434
n2e9710fa795e6bb,0.4948711866374666
n2e995fd3e072881,0.5006596271710759
n2e9a9397c325ed2,0.5005404325192963
n2ea01efb1fe5d49,0.4988466865899934
n2eba2448de976f3,0.49672230274389023
n2ebf66b5e0a4bbe,0.5062866074906991
n2ec7167eddbb96d,0.5009885026696651
n2eca0753dcb4bb5,0.4947021612729292
n2edefc498905a52,0.4993265341243125
n2ee4aa31491c2e6,0.49649356983554865
n2ef1ff1178fd4eb,0.4982113028163338
n2f01ce336187e6f,0.49692844029956684
n2f122561a89c726,0.4983528602941137
n2f1f30a2a54588c,0.5008239787326351
n2f1f97a2960fab0,0.49984996557917494
n2f2185e2fa42d3a,0.5045276235128027
n2f5c9b90cec9be1,0.5026330224638
n2f610926315fe1b,0.501298641387559
n2f7798c3b345c80,0.49895436535125975
n2f85109e7f20d63,0.49996971749447056
n2f86194abae5379,0.4975907274202641
n2f8f8a009f788f0,0.49894511436377964
n2fa86af048c5d6e,0.49634316419308155
n2fc0e86a0c7dda1,0.49792225663652256
n2fd78346c8d3873,0.5029250834072163
n30052c0e2ae300b,0.5021334674333453
n30071e0bc6f4f0f,0.5035616891423667
n300980438f94466,0.4997513792930268
n300dddc52495cfc,0.5000111741492281
n3010794a88cced2,0.501730081805499
n301391f45dec852,0.49377529324034386
n301b516365db12e,0.5013480325562918
n301bcdb971e6d27,0.4976256463383053
n3028f3c985dc35f,0.5040534433418858
n3029c22dc1a4ad9,0.4967443443974212
n3029e12cd086e61,0.49674089976029157
n302cba1173ec3ae,0.5012882391554927
n303a8654eba6473,0.4938424030755361
n304209f4112e13e,0.5025841869918241
n30517284644bfd0,0.5010418221308555
n30531a8ab8acbf0,0.5045334929076835
n305f9babba34e6f,0.4990423062266681
n3071469b5fd2a5e,0.5017856978292491
n30900f666c08ba6,0.4962916541533243
n30a039a1c58fcd7,0.49444653683600026
n30a552de484b64a,0.5032977968732744
n30aa3db1f639778,0.48776483992293995
n30d1efb61b21a91,0.5011242255883709
n30dedb864b66aa9,0.4978904342656676
n30e77511d78b02c,0.5098543005348716
n30f7cb9f2ed11f2,0.49486731090000646
n310d6ab63dcdb26,0.4972157734605396
n310e099b06bc9be,0.49505880212483017
n31191d4b48eb5e3,0.4948555554822885
n311a03b50135bef,0.4987977887404908
n312062aa71e91b0,0.5038684303845705
n312c1432ffe927b,0.49992340439983246
n3133f5536192312,0.49869697548176334
n31364226682d1af,0.5089471807096986
n313dcd737c7d96e,0.5052509077551518
n31638bde4914afd,0.498957479451104
n316fada57ec24bd,0.4984400200472102
n3183430903d45a2,0.5000187000471608
n31873c6c0adfa6b,0.4995602450155749
n318b62599b690c3,0.5079195709361548
n31b36e615eb114f,0.5000689345259013
n31bd4cfd4c47166,0.49592344369623725
n31d2cbf3db35550,0.5016815236536589
n31eaa71931d3883,0.5009234677427246
n31ed242211d792b,0.502628085093782
n31f2393184c07c2,0.5092363217821202
n31f57124ad2046c,0.4943559813160894
n31f7ba9e003a3fe,0.5013779802169143
n31f855742b726f7,0.49471880620893344
n320048f34c8f235,0.5070562853080121
n3208e9b07f96aad,0.49288847821074977
n320a914e2a9883e,0.49927555003152974
n320ae371e198a2f,0.4984111797517297
n321388d8b5fc384,0.4966027856222041
n322079b6cf28bdc,0.5026659026622246
n322730dd46e0fde,0.503755176755051
n3227d60a2dd1120,0.5015394294761619
n3242a0e801c6ded,0.5001481766489869
n3243453e2a09313,0.5177111558193337
n324a484a89db3f5,0.4996153508354602
n3269b857eb1c1b4,0.5051425231695957
n32705270386f8e4,0.4989006427522694
n327211ddc363ba1,0.5014904244526753
n327b4af6947251e,0.5053043489985143
n32892ea271dac5c,0.49823249004831976
n328aa527ce0ef1c,0.5022531797416308
n328c95de315f14d,0.4999893946316518
n328e1b7354e6590,0.5060995612221845
n3295abed567a4c2,0.5021407843007324
n329cab74d897e48,0.5019823451366268
n32a4ace9ba20bea,0.5053811764174685
n32b483ccfd021e6,0.49519504281213295
n32c94d85b520e15,0.5024415701361693
n32cb8e6b103b747,0.4953549069162822
n32d6aa86276c37a,0.5009536735274271
n32e957f13ab0730,0.4984850973590078
n32ec0b55c50b387,0.5060981716406147
n32efd04263a58fc,0.5009516948090937
n32f41dad95bdb74,0.5044481683278216
n32f83f6b69bf278,0.5077267865219165
n32f91f11105e16f,0.5005495557823788
n32fc160538594c8,0.49742638860389854
n330b7b5db8d4491,0.49723293552410275
n330bbb855cdd60b,0.4947595864174186
n3315c214edcf349,0.49804343506740234
n33161274daab156,0.49849708847589297
n3325502605db8db,0.4979839562650698
n3326dd88ebc427c,0.5033232999086354
n33288fdae589f35,0.5015090015290875
n33303c5084bf04f,0.5046405817531397
n333da86deff7132,0.5007043128300994
n33444e71e5d2dbe,0.4912630579698208
n33466f52e4465b5,0.5036957433566638
n334c7138198a866,0.4969895802292235
n335747f4ddb80a6,0.4974087477334998
n33599c92999243b,0.5096994803058248
n335f965fc338d14,0.503941147605046
n336a3a166e5647e,0.4958071377288215
n3377c18bce775a5,0.49749430011772194
n33848c12e3b5d84,0.49039092889742497
n338c5abed643fdb,0.4904850842128185
n33934d88ea194dc,0.4979880665355315
n33935d5ef583d8d,0.499576179971551
n339c6cc9b3ea6de,0.49479530998174304
n339cdb904ba0225,0.5066698441332838
n33a7c8ae6184c36,0.501285561325372
n33ab06a56fb1cc9,0.5036112755007547
n33b5da2e08d4205,0.5057773465155112
n33b94844b32fa06,0.5024162553696465
n33c5afb701559f3,0.501697930307748
n33cc028981e9d23,0.5018376414222829
n33cf239e949be8d,0.49485360872392053
n33da2addf01b05a,0.5057365322744204
n33dc47ac40be06a,0.500310713248446
n33e652c0a71e7a7,0.49814485403218917
n33e890e1c9fe844,0.4994862148640519
n33f31c4e54161cf,0.49930740438961724
n33fb994f0bc4a85,0.5036906488894233
n340f4cf2cbc5718,0.501215150905196
n340f8d8756d9a55,0.4967360898091422
n341216eaa1f252d,0.508225100145676
n34140ec2f5543a4,0.49600491738519026
n341720090c78434,0.503071189947338
n341c55378af86e5,0.49949445507654255
n3420ba3c6d14225,0.4983490254787763
n34224205e6ed4f4,0.4985174827591345
n3425614c9e3e323,0.5011575209967617
n342b7a73ea19458,0.5019757269464962
n343597808541738,0.5024937456973569
n343dff221d8cfd6,0.5003424660984721
n34490798375e99e,0.4968855746630127
n344c91341cd462d,0.49697976507809216
n345060b818e5af9,0.5015133434351046
n347660d8da342c0,0.4999021086558785
n348e025e511d27c,0.49637187894876783
n3496386f2de2ce8,0.497951673929562
n3499db3d48eb51b,0.4995690445004877
n349e905dec2f3d8,0.5072998921116509
n34a0f12ab6fcb69,0.49403609471931037
n34c09498f064529,0.4971185211812678
n34e042b180603e3,0.5018335148932447
n34e1939209fd351,0.500151761707786
n34e8c9ba115d19c,0.4993570178297324
n34ead96b43a06df,0.5048919772790068
n34f233557a7d9a1,0.4943190941439825
n34f7d673ee94f7f,0.5033997935813668
n34f815636ec9674,0.4979718571155493
n34fd3b6e1a3ffea,0.49751398738988645
n3522139dc1df196,0.5030589516660404
n3525466d0dd15b8,0.48891276624643765
n35273ea7bbc3c96,0.5027916244693806
n353aa2b2f4df43e,0.5039422657839457
n3558338b151cc0e,0.5008609636119128
n3560e13f1401543,0.504067938355045
n356566b2f3bf868,0.49759634600641567
n356a3a900ff376f,0.5023798099012983
n35794176ccaccad,0.5064810535905714
n3594ad800b60115,0.5060525348137226
n359d0fa5130dda3,0.5004586021948676
n35a879b8431c7ba,0.49669209462718555
n35acf3ed500f35f,0.4984355497837769
n35aeeb59664b3e4,0.4979231002729336
n35bd1a86c931434,0.4981792924225042
n35c52b3e25ac51d,0.5036908055444665
n35d0a64dec34269,0.5033745311164666
n35d103beb8c1c94,0.4992919490907622
n35d2d50c7689ac9,0.4999614002880561
n35d41302076a309,0.5020192905750224
n35ea9d7b3106ce3,0.5048890263124827
n35f93b553f4f77e,0.49986477722050127
n35fd9b6778c20be,0.5008967227408058
n35fff85d287d217,0.4957887394197285
n3609e4b010429c0,0.4994027689434387
n360e0e2f0e7177d,0.49764350057369056
n360eec94a26cb92,0.5040895437885636
n361b5b20afb6fb0,0.5083575408586157
n36250b50026e7b7,0.5046304979432253
n363350d7870e2bc,0.50072805908337
n363f4ba816a3e7f,0.49532506061735065
n3661c77c972ab7e,0.5051378941021237
n36696ee6b5d19b4,0.5001221809099006
n366f5824391eff6,0.49610913235594145
n366fb490243e5a2,0.49582798817566326
n36716de39a37479,0.49475392901220433
n3673528d87379cf,0.5030277636328429
n367bd3edc25590f,0.5006165919202847
n367bff1ad66c8e0,0.4920995864239181
n36983f7e06cb326,0.4982014976483911
n36983ff7bc17e8e,0.5031590617537691
n36a9b6a2db05378,0.4978507293618044
n36ab48689dbe521,0.49980308213579827
n36bb44d86658c1d,0.4968607385027479
n36bb4b708534e13,0.5008128731358895
n36c43deaf58e493,0.4959124033313849
n36cc05d6dad975c,0.4969054656653896
n36d4747aeb9af16,0.5039740178102841
n36d9216f0e70aed,0.4998398661663127
n36f1446cc17d478,0.49443433495557054
n370f6b6c38ae021,0.5026521373143173
n371e9faaab447d9,0.5028948743815634
n371f4e1625f1df6,0.49821321119202927
n3722d2cf1398ac9,0.49503558124237884
n372730a1879399d,0.49940533433271495
n3728a3d76d649cf,0.4954267879948729
n372bf43c22f7483,0.4965278798199895
n372e33c4856b395,0.5064112197672201
n37311ee47d7606c,0.4967397334992036
n373f45c9e1c5e40,0.4968086618753775
n374710a2258bb2f,0.5018718417083752
n3751e17598af33b,0.5054403087588906
n3755f9fa7bdaaba,0.5059937258253854
n376e823f9062827,0.5008631292284043
n3771b8d95b5da33,0.496860957188289
n377a4a8eaf38dba,0.49992341333180185
n377b0c0455fd306,0.5080223335982077
n378028e897beb22,0.5116742814221376
n378e4b747164257,0.49647660963779106
n378f731db6b4cfd,0.506575972030299
n379284956c385fe,0.49880950611725555
n379fde2957fa022,0.5005540650479103
n37aa46125ad4dc6,0.49869873037677626
n37ad7b56a265b3d,0.5042868611139649
n37b3a138db56d25,0.5082070663886173
n37be5893254651b,0.5062051691480968
n37c71e7ef99e40c,0.5023232461641112
n37e084fc9d01a5f,0.5066160865894058
n37e2d2ad5d77832,0.5029952622080276
n37e2f956dd0161a,0.5012246875747312
n37ee487c46eff76,0.4972552510028957
n37f18c73cee1297,0.4961582273827331
n37f9da0e75bc527,0.5045673873827784
n380a67966f48867,0.5083397742603357
n3817e20a544ea1e,0.5026936530417402
n3818501122598be,0.502895831092017
n381f3154dec4cf7,0.49973751053810356
n38210faca905b2e,0.5097573978143527
n382fee926dabc58,0.4984263210915942
n383ac701cae074d,0.500856006745298
n3841f411598f8c9,0.4993652252487195
n3842e0aef45d353,0.49537512572391224
n3842e517ce50c5f,0.4960175431511913
n384406ff1760627,0.5016258243798682
n384bae9bfece136,0.49837684576503294
n384e0b28c1438e7,0.4972324584134838
n3859ab95ac85e14,0.49505446435964445
n387ef6f18057ac7,0.5011966682066027
n3885690f1d8cd61,0.49827727441023373
n38887a56d73b177,0.5039374187815138
n3892a6639e70c36,0.4943244577084773
n389b1dfe9cde1bd,0.5010485251157327
n38d127bd0a7ffd6,0.4982241020768099
n38deaadb114b128,0.4947490300696189
n38ed3b808abecac,0.5033163458177742
n3909f6b0167973c,0.5020975172454591
n390b6f23ae80fe3,0.507274361458949
n391a14c96403674,0.49753646819899067
n392e04d01ea844c,0.49600782181744785
n3930b5de85f4a9d,0.4972620686636905
n3931c794ddc77a1,0.5046597109065525
n394256b6ef5bb02,0.5002408873445958
n39571da30326481,0.5074120534361508
n395858904b6b5f4,0.5010062454032901
n395a93a9a4af646,0.5005622289969953
n3965bc7745d9549,0.4981085289415329
n397162654d03722,0.5000967755694712
n3971b7d8f6e439d,0.5047763987439402
n397edc065c742c5,0.5001853170916253
n399b6b9260af391,0.49737031726421504
n39ac7ae0f2af1b4,0.5043429817366009
n39b1cf37622dc4d,0.4936975469729357
n39b3a62eff82cce,0.5116701141997057
n39ba953b258f75c,0.5001772179279689
n39c3fa25a12f090,0.5017587007489807
n39d1838017a04b9,0.5032071007698401
n39db6b407b7a0f9,0.5066066142162741
n39eddb309c525eb,0.4961718546735753
n39f45592ff8eba3,0.49723398015963505
n3a1327abc2f7319,0.49841648277623474
n3a14c839620d03a,0.5047981923268042
n3a1d050f989de13,0.5021922473243349
n3a1f2ed8e494aea,0.49578906979650417
n3a240347fec8222,0.49708841921639696
n3a2f4f2cb5449f6,0.49311244009652033
n3a370a814dc16dc,0.5010734438538929
n3a38ef9cfaa6ede,0.5016073384082761
n3a41de12170ee21,0.4962456971739661
n3a45e17af1d5e2e,0.5011297873564036
n3a4a57aada1838b,0.5000350403252931
n3a5890599930e3a,0.4973705830434791
n3a6d4c35e65f8d0,0.5033891384278781
n3a707069bc501a1,0.5017415900007323
n3a7284052bd471d,0.5002504936581685
n3a78b8efe3c3ae4,0.5009415234646624
n3a7f6bb3855c585,0.49933223404985
n3a9dc80d680915c,0.5015139225787076
n3ab41b3a0af237f,0.5066254908726499
n3ab6ff9fbd17cc9,0.5057384094185883
n3ab7ea304075b8d,0.4987793206646149
n3abb230919c1134,0.4973134344528039
n3abda52aab5d375,0.49740944965334793
n3ac4a3b772af610,0.4988462422123411
n3ada8cf9ffe8c7f,0.49863504186512353
n3ae277eda6cce1d,0.49600868713186363
n3ae328fe800fe74,0.4955829674647821
n3af71a7cf8f1e08,0.5011774408950568
n3b1847a1c3d512f,0.5037250419646576
n3b65879eec41924,0.4967677285376092
n3b72160b7b9c198,0.5032756245539177
n3b74f48a40fd0c6,0.49720121788356414
n3b84f3bf6e2254e,0.49611908349325395
n3b9220f32d41423,0.496641953073132
n3b952e26e77a330,0.5048365944243742
n3ba7137300c894a,0.49809261006496464
n3bcdcf3bcfc406e,0.5008960906046382
n3bdd3858c1ef552,0.5058615390307555
n3be2429868456c3,0.4988636653763219
n3be2660320a0b25,0.5018563132933417
n3beb1101bf4a87d,0.5037888208166851
n3bef2ce71b8857f,0.5073308036161943
n3c0a4a48c6618b3,0.4954402823773479
n3c0a691279862cf,0.5001341685956494
n3c1639e934fdbe0,0.5030431017124198
n3c168fa61ff0c2b,0.4990006301649664
n3c2cebb6b65f693,0.4982516048779685
n3c355e342a6e4e8,0.5009223585503779
n3c42fcb8bc0eef8,0.4923458334369174
n3c4322022575cfc,0.4982074246546924
n3c51c0d555dab7d,0.49771829210411017
n3c53f5b92757443,0.504029491615895
n3c565cc4306ba7f,0.5013567332163466
n3c5c145e29be966,0.4986307326398375
n3c5e629c5514125,0.4978116169036237
n3c669e3893aab3e,0.5024722269850812
n3c7d8c70d92d50e,0.49904406253569866
n3ca414b956b27fa,0.5003555886842193
n3ca42dcf1d8e2b8,0.49577442169902697
n3ca5d72146d8fd6,0.5052551513802935
n3cac8b60a800913,0.5022248660631371
n3cacb6e3e52ff3e,0.498151326467649
n3cb83cf1b34b8b3,0.5048328086314553
n3cbe320c91b5bc8,0.49774448993739384
n3cc19f43fcbb6c1,0.4931367748771816
n3ccb6f66ad61c1c,0.4998261025277205
n3ce3dbdbfb9c6cd,0.49882253160935147
n3cec7c08a6f4eb1,0.5047111944642182
n3cfacef0b9f9579,0.499508474517768
n3d1c8c216eafc13,0.5001506729677477
n3d3cf0c38691f84,0.5078159130238462
n3d64f8156243fd7,0.5021479161882992
n3d7984e2c1b635c,0.5042386412762954
n3d8ed2a0d281440,0.49333717921770465
n3d92559c6ae681d,0.49481123662777476
n3d9c93e66ead80c,0.5034193131917402
n3da0001a82b0605,0.5008645730266251
n3da000f9109d59c,0.5102494064492611
n3da423291b4cd3e,0.4974209185406666
n3dab44e0cf8a822,0.5035035073414658
n3db3b40b44800be,0.5053729788413099
n3dcc97f78a31353,0.49626886479472454
n3dcd332b92a2431,0.4968314678191922
n3decc1b8d0f65a9,0.5007536154464616
n3dff28c35b58f19,0.4924980781853128
n3e04ea714cce283,0.49775563909033776
n3e1184ee2b53619,0.5018689447930654
n3e404cf28487c1e,0.49440918287939856
n3e554b8fa3e85fc,0.49986640626898754
n3e5994cb22148e2,0.4965243103147199
n3e6113359675909,0.497586946716031
n3e6b505023d7c34,0.4995284495382365
n3e7041ffcc218c5,0.4959683628437839
n3e72b76b0ce5553,0.5016775102401421
n3e78f4d0a45b0ba,0.5009292641282048
n3e84cef6212232a,0.5065853453204692
n3e87ecf683eee2c,0.4973437091792
n3e9f58df21e2e45,0.5011171137123793
n3eaf8ed78e3c6bd,0.49484625542361765
n3eb7303e140fed2,0.5055216169447423
n3ebf93b8e59af45,0.5068174792027607
n3ec97a1191d25e8,0.49947487100842825
n3ee01d2e538776a,0.5001755620145174
n3ee46bb641b70f0,0.503579553041177
n3f022ae812f4f66,0.5004073638230033
n3f0f29de40281b4,0.4977449510191796
n3f1200057d762cd,0.5051390161606096
n3f2af4257a5ce5d,0.5044817806503141
n3f315c5a40e662c,0.496161444807117
n3f3a4bb5801605c,0.5075819447531268
n3f4217ff48240a9,0.4936742062183013
n3f4dce5d7e20c52,0.4995100641725424
n3f51110fcd8fc17,0.49878040839871307
n3f52b0a502d0cd7,0.5064405164450186
n3f5337f413beec1,0.5040942865968291
n3f57164a23561e3,0.5050315181708613
n3f586ac1b5222ba,0.5030099201645994
n3f59287dd0b42a7,0.5020199685444335
n3f6753f3d31875a,0.49173082877890617
n3f6e39694d992fb,0.5004380894345954
n3f71f00ef61e8fe,0.5014480328720923
n3f72e653077248b,0.5001545434514987
n3f7b8ef5f032d8b,0.5001255985837958
n3f886b1ee498fbc,0.5005590690246438
n3f9d4bad031fc18,0.5044962234806454
n3fa33075aaef37c,0.5019332416566423
n3faa06b9c0f791e,0.5095450221148391
n3fbc52cb1364ae3,0.4943447682687283
n3fbe491dd4a5e73,0.5009462050466322
n3fbe4a4a1100c83,0.49329076314991266
n3fc05a4d2512023,0.497326481173044
n3fc552a3ad28f9b,0.49971864846708797
n3fcd7c2f79a0a39,0.49510226910041866
n3fcee8b23677880,0.5014233177185524
n3fd59e9b20c2060,0.5023943704104593
n3fed578b28cac88,0.496143497819008
n3fedc3eea1077a6,0.5017974778722512
n404dcb2ca9780eb,0.5081054563812425
n405cb500117fd4f,0.5030636579767178
n405e10c3ee4b9c6,0.5017819547514424
n40622a79af8879f,0.5003254469783435
n406ccb0fb44502b,0.4990326838943979
n40825cd617a4d4b,0.5038949000052251
n40834d1b59d71f9,0.49725045165721815
n409aaa3c2ca3da1,0.4972394910004599
n409d6cf6568390a,0.509028683638874
n40a905fdf01ba49,0.5002119239471837
n40ad2de5092cffb,0.49923448303471435
n40ae84811f1a8f0,0.49980116769811217
n40b2deb5db894bb,0.5035070433288894
n40b9ab0ad6c015c,0.49295690921534097
n40ba8abe726a132,0.5011583028187715
n40cc9cc8308bdbb,0.4996947309242398
n40d4fa772927487,0.5007800787838802
n40e3b057e1c73bb,0.49875762370627735
n40f900018b2c427,0.49844421238585335
n40fbc03dc179a44,0.49562818271190573
n40fd6ff6dfc6e2b,0.4976844012159082
n4100040cf0af5f1,0.49532552694328896
n4107329b4b0262e,0.5006030029602637
n410cd50cf375881,0.5056726695688453
n411461b304ecf19,0.5041753600737496
n41248b3a5ba5d0d,0.5024748370603749
n4129a12e4852462,0.5068418141993565
n4129ece14f9b29a,0.4974125340083146
n41315f466e3fc15,0.5032535089105381
n413c1e99aefef29,0.49975419080700006
n413dcda2155ce2d,0.5037423403025328
n414407ade578fea,0.5039872907388748
n4149e918fb8be6d,0.504000994649501
n414f2beebc8f5fc,0.498521683411902
n415254c0101b4d4,0.5036390324167627
n4155854e41c9664,0.4956599142931214
n4161425c10b0730,0.5002810529401739
n4161e2783f85913,0.5025051394672101
n416c34ac21688e7,0.5018703413713305
n417b1638004d451,0.4947845205319538
n4182e28654ce314,0.5006836471724452
n4183fea13aff21e,0.5091542113795863
n41848a6df650269,0.49838924515212235
n4187568694db4b3,0.5058900754403303
n419b2a403e9c325,0.5086879917640841
n419b8cc5fa47a50,0.5024788718021697
n41b778f38664caa,0.49750203071429394
n41cfd12d4107a23,0.4963907938857356
n41d28aa0b06988b,0.5013424038005759
n41d5421e25df542,0.5017398969101283
n41dc9eee4ca0265,0.5013797566894728
n41ea5a8ebf9d079,0.5040085437872641
n41ed36bb50a2627,0.5000809894816344
n41ef62ec966a591,0.4999636241687282
n41fb6400eca7d31,0.4996685962051116
n41fd80af501d780,0.4968598946872676
n420243e816400ae,0.4935096328576831
n4202a00fae0b586,0.5016579295046837
n4206c845cd81fb9,0.5044739264883682
n42073084ac4010f,0.5048422812457454
n421588e0bb7fafe,0.5072101909908238
n4226ca1a6d14400,0.49662861273155035
n423727b66ca0239,0.4978373396923134
n4239b9854c28263,0.5013294872755122
n423d3a4aaf32251,0.5050907964367907
n42415c1573c2f2f,0.49649664795528303
n4252db964aca02b,0.5010167564304344
n425af7faa0d5a7d,0.5028168519220667
n42646e6297cf4f6,0.5023947699397096
n428afa2a05eabc7,0.4995450070538276
n42920dc49ef8e9e,0.49906396900306144
n42979475c2008c5,0.5058611421525188
n429cd2c7c5a89d6,0.49554487209361064
n42a0e6b2d250059,0.5081425399095142
n42a13beba5fbd9f,0.49573204059007825
n42adef6b52ec947,0.5034403114393873
n42b04a064fea4d6,0.5018961786980651
n42c88c5a869bdbe,0.49788940542394133
n42d37383d91f5ab,0.5057896776049221
n42d9553388fdf56,0.49711027488305876
n42dde84b5554a57,0.5066684425001883
n42fcf352610a67d,0.49932648523763024
n4308d1e525eaa9b,0.503719196269109
n431111954bbbab0,0.49637366385434906
n431ad4968384082,0.5035906789799851
n4322b199719f7b3,0.4961748139614812
n432e2cb4ce9540f,0.49154757093984724
n432effa11fd710d,0.5052247184910843
n432ff60033ca822,0.5045473802421268
n43315b44ccf6194,0.5058946520627208
n4336cb57de2e49d,0.5011830884432829
n43398884b4a1f75,0.4990975167047997
n433a8adba4ac412,0.507294136469996
n433aca096bef8fb,0.4954339287272642
n4345b20c93dfa70,0.5072187114235298
n43495e6990e3588,0.5017014604158009
n43653e69a0b5b4e,0.5004031168626377
n436b27ec6a775db,0.5029394834529246
n43879075f97d954,0.5061951706614088
n438911d9392c4ce,0.49617845385377257
n43a4f685641d5f5,0.49857692779148244
n43a780c5eb012ca,0.49845084412293567
n43a88ab28dc1819,0.49789849465820346
n43a912140bbd191,0.49528672198011997
n43b29eed551a4bb,0.5016772685426796
n43bd4513e6872f7,0.5026673730052394
n43d3a8b60e1f909,0.49937510997140233
n43f5dec744b0f2f,0.5048432910191263
n43f83ab30156612,0.5033351712828601
n4406009f8cc4f58,0.5015906948027475
n4409e2c31715add,0.5055105832048801
n440b8113e54f157,0.49921056255919005
n4439fd998f13cc0,0.4971601675660512
n443c0da59ce27c9,0.4993214876809255
n444067b4be2423c,0.5095989645997239
n444419e604791a3,0.49602777922802954
n444d45f759d72c8,0.49560980888258044
n4476c2a4b39954d,0.5002859878242911
n448263ee57d6284,0.5001210805832531
n449a9cc9b5f8b60,0.5107299718826219
n44a4244554d1fd5,0.4982876807276507
n44a93f7c82b23f1,0.5069752882849702
n44b1c95fa71a2de,0.5001640203692664
n44b79b9d7d5b1cf,0.504680520036396
n44b987cf16791d7,0.4987027070970803
n44b999ba4e55816,0.5010129272066227
n44bbd9fd156843f,0.49998489467257
n44c601e9be771eb,0.4971628814930788
n44d136c2d32190e,0.49757242412598157
n44e42fa35894bea,0.5076054853333969
n44e67dc6a58f26b,0.5027124567322103
n44f48b17748b719,0.4999209837759992
n44f6d47e36e18a2,0.5000457388669348
n45030b40da98c97,0.501275071096235
n450a84bab80380d,0.5015761180977111
n450c235461c4c74,0.499775873399462
n450c9d612303da0,0.4981945355737418
n451136f6694e9b9,0.49666350800482995
n451f2c9f43f247a,0.5000916223302656
n4521eefc31c7c4d,0.5041043556004867
n4534b0c6285dbd0,0.5032212322901073
n453aaa6725d212c,0.4977143325889042
n453bf2d96af969e,0.501041528468394
n453caffa8c80fc1,0.4982938971507672
n4553336e662e93e,0.49674097703423736
n455340623a577dd,0.4998341442278315
n45801f2e3e1388c,0.49851072865764773
n458a45e61b798ff,0.4929084098325823
n4590ff283a834a7,0.4938490326127772
n45915c72c99cc05,0.49097187880103094
n45aa83ab1ad4c51,0.5054535763677521
n45b1adcaedecc7d,0.5001066734784999
n45b30792d9fa90f,0.5069755782370472
n45b531b8e449578,0.50475760530771
n45e7affcb4e45b2,0.4966438212506559
n45f538a39fb9b7b,0.5039561417860544
n45fa0313375ab9c,0.49780433674942154
n460bf2342f2a542,0.5070913449999338
n461027a7efc31a9,0.5002655677697793
n46113f328a91ef2,0.5001282235943505
n461a935af764b47,0.4979239508977055
n4624f537d78be25,0.5001542637808376
n462d064c5b169dd,0.49402501886041067
n4639eb2a9f0940f,0.501879622949313
n463cfc73e1c323b,0.5012216006148057
n464025131ea536e,0.49572671004669305
n4645f3b30666dc0,0.5014954379228151
n464c231c9f5b764,0.49885030930193897
n464f557721ef06f,0.5017630381871679
n46557756253e7db,0.4991374395993657
n46638bc22d2a085,0.4956399998271425
n466b09703405460,0.5002104514803511
n466edf580801426,0.4991783287421142
n46716213408323d,0.5017017805386569
n46865cf8a48496d,0.5013802639731201
n469dfd6a5d49671,0.4972265803615995
n46a3d54f4d0f296,0.5026733449991863
n46aa7007f50ff55,0.49969140731556183
n46abb26bfd748f5,0.5006711118750421
n46ad92882e88b25,0.4951752534590277
n46afe0e31d37cb4,0.49796892052341957
n46d6bd430f18db4,0.5025966428251881
n46d90d6367601ef,0.49909516819478505
n46df9cd86a752a9,0.5000882132300911
n46e49fd5d1eee53,0.4956031146540464
n46edf2d5c773682,0.49726368421901745
n46efd51e68db2e8,0.4986034348829854
n46f7928df96de1b,0.5038488072598754
n46fd4e9255c93d5,0.5039729912724354
n4704824f1498633,0.4984270583826812
n4708c2d3444d62f,0.48944663107676184
n47105e6070f852d,0.5013063033690831
n47148628fdb2d8c,0.5025496117634664
n473f4c0ed9f169c,0.4959107262387317
n475040815ae3794,0.5047143236639843
n475209702fd0f2c,0.4970959087726976
n47552f568755e10,0.5058302552985644
n475533151adde8c,0.49267750881062966
n475bd176ea44def,0.4968879316009787
n47628a5ccb06bca,0.4905324981139839
n476bfc2bd8295cc,0.5006987585434346
n476c3461aa7eaa6,0.4985160328869643
n476f85a8804fecd,0.502779945631054
n4798aa71ed0b2bc,0.504443306410526
n479e3f7a92503fe,0.4985603704453463
n47a1ccc6ca21b2a,0.49023669607798426
n47a46d06fcfe4df,0.498251328312819
n47afd52ac3b9458,0.49668530894282653
n47b70ea770dca52,0.5053278117931528
n47bededc8232488,0.49974370092832276
n47c6b4f373f77f7,0.5010009359203303
n47f2c54ff5c04ac,0.4959738556760001
n480d667fd12befa,0.5008458939466617
n48156134673cc4b,0.5024622752355034
n48241acdf9e2aba,0.4915755002020037
n482de0094b89169,0.4988464034803755
n485cad886e65b47,0.4941457034435516
n485dc598f7aa9a5,0.5013760287021748
n485dcd229657ef4,0.5052907192280413
n486073b31e365f5,0.49910142303844696
n487f51a91e2f5c3,0.49605747299023706
n488e7f38cfb849f,0.49766388356995744
n48928e15436b716,0.49619034672937007
n4894a20ade06db2,0.5007388596537937
n48a3b9f36bd4813,0.5045965459260745
n48c0a42c3985ae4,0.5015451556987726
n48c1b2a37b59698,0.5007491951358262
n48cb89a5d5967b9,0.5078465151180079
n48cf518c8a2f509,0.4976912592795847
n48d7f2e22f9cc7c,0.5011231019259166
n48e2744082f161f,0.507204929143111
n48f01f6749c138c,0.49958378839834955
n4908c30a872d27f,0.5026311338524184
n4908e38f19300e5,0.4994008772987315
n4923edb44761d6a,0.49903298861693146
n492af9d5bcd9e9b,0.500887403921344
n4930b1b0feba969,0.5014155020720596
n493251d781ed508,0.49654491985746063
n4932f04ac8e3156,0.4977633632682035
n493422e07b7d7e1,0.4991024963046019
n49343fdbe1332d2,0.5041731908329228
n4934a854993b03e,0.5018061636815971
n4936e47b50eeb88,0.49855191104176133
n493e1de149632c4,0.495488090484143
n4956147cf4b357d,0.49784171737651206
n49585b43e97f65a,0.49706954635447237
n495d77315d86ffd,0.5030438741048447
n4961e56e3b65458,0.4941613654443219
n49673924d7e7a4a,0.5094465022293323
n4969ac23640710a,0.4986780597761883
n497134381f08bec,0.49769829345154526
n4987eeb43a9f8b2,0.49853404659563644
n498d365526cc13f,0.5023673358648111
n4996d3a459e7854,0.5052099970843209
n4997611ebd838a8,0.5028477070752629
n49ab18e8a19ac7e,0.4973410939639132
n49c5e00e13c225f,0.49338229173105524
n49e828ce440027a,0.49360767532155553
n4a0ae829b583048,0.4993262361365475
n4a0f0c99a3aeb29,0.5006671346317693
n4a209c0ee7b4db7,0.4965212019696065
n4a23dc441461467,0.4997155028845499
n4a3e2edd1c6d101,0.4967545066566036
n4a4d59fb2b3b246,0.5028482923087761
n4a4f814ad492d97,0.5002463125224821
n4a61da4964ec2a2,0.49386678826805896
n4a6a01c151f47aa,0.5040839323928801
n4a6c05c83141163,0.4987729006189013
n4a7902a6b766164,0.4992447158454725
n4a79cb2431469f0,0.505600945674085
n4aa2c55694ad2e3,0.5003323544231607
n4aa4fda65f3d06d,0.49515263206684823
n4aa7b45a0fcc26a,0.4965648524667521
n4aaa89ba06be24b,0.5104223143634797
n4abc54f24dbe6a3,0.497094749686673
n4ac3a92f9400057,0.4934529897670537
n4ac5e070c939db4,0.5033815288116338
n4ac61fa58a235de,0.5016229259369528
n4ac7c87fa9dafe7,0.5020068726707774
n4acafee96637e5f,0.49773241122482786
n4acc3806eb7d635,0.504151436523613
n4b0202dde163bdf,0.48573659688001697
n4b02a76a880bd5d,0.502167485853957
n4b05512202c7180,0.5044187932450417
n4b0ad88ce38592c,0.500005614748039
n4b0eda3f7f0dd1e,0.49656131568351947
n4b1b1d756c74d67,0.5090495982478033
n4b355de114bc9f3,0.5018316272033019
n4b4677daaabc1c3,0.49919944440095454
n4b4ce188bd31249,0.5031579871999944
n4b5ec85b6d345e5,0.49325302588445424
n4b68ce2bf5db9fd,0.4940767101208323
n4b6c4eadcb4c1e9,0.4966820659059602
n4b75842eb894d85,0.49685129925364974
n4b79bf637625678,0.4938602727069997
n4b8452339ce9a2c,0.5036209388649185
n4b853c4f3ec8edc,0.4969188885824828
n4b92ee5fc86a0c5,0.5055128698782552
n4badb3feed46f4a,0.4987373237606785
n4bbb409d94079e0,0.5020127909454176
n4bbfa63f3dce097,0.49982879721742196
n4bbfc063ca224c5,0.499057578438407
n4bcd327e6706153,0.4988971350104584
n4bd317d5ca0882a,0.4982743104151025
n4bd88f473196624,0.5034998483977187
n4bdd7264fd31565,0.4936768000203519
n4bdeb05a1323aa1,0.4994335325395978
n4be647297def8d5,0.499933996081623
n4bf420cadc38dc4,0.5054921947642081
n4bf8fceff6bfb58,0.5022992216302103
n4c01805c0426961,0.4969672409190972
n4c0b1e216fb44d2,0.4983287909639328
n4c14c3cf16b4b4e,0.508475736358225
n4c1b89b10f70f64,0.49730850664327514
n4c1eaf9de4dda94,0.5023460640807895
n4c27f05d604ccb4,0.5068632794402765
n4c2ff8b9b77ce74,0.5009282429141951
n4c31a4f0c91b2ac,0.5037658903478005
n4c3a226b105cf03,0.4982321274862788
n4c4015c39bd7834,0.49939316650203613
n4c452d3ba28b890,0.4995568417343633
n4c4548eca4520e4,0.5025928439749794
n4c527a15f08f8a0,0.49948948619800215
n4c59377dc1701ea,0.5000850405890801
n4c5cf75f4ab79ed,0.49488805752555487
n4c63e2088c62084,0.5021748003561592
n4c6d2d7abdf1227,0.496045576199941
n4c72bac460862a9,0.5024608816624712
n4c746341a4054a5,0.49838806336336045
n4c778c53ffc5009,0.5057682474565739
n4c7aca9250d3014,0.5014660947961487
n4c7c4e0e0678af9,0.5018694900077947
n4c8e2b737e6f4b8,0.5084464289630976
n4c97c4729b5af80,0.5126997336427386
n4ca49e17c6842bd,0.4964584657816834
n4cb0a90e8dc352a,0.49802509806966255
n4cb2aebc9288bbc,0.49607006948226523
n4cb4d564e6b1c5b,0.49820637217277197
n4cbe500a0baa9fb,0.49773699524423753
n4ccfd07cd00475b,0.5089424736511057
n4cd527b107cb59e,0.5022278110054791
n4cea3be1f95c3c6,0.4977244648004868
n4cf9426507f0853,0.49707602440333676
n4d1000240d7231f,0.49679233993672234
n4d2613b24f649f6,0.5033904126725836
n4d2a5e9f10b76d3,0.5012782868622186
n4d351aa402bef69,0.4948328508488082
n4d3793657aaf76a,0.49195100391906416
n4d48873783d60bc,0.49792682903106933
n4d48d23f0cf369e,0.498530810474094
n4d613d7d22464e1,0.5009464371176228
n4d6fc26fea60b9f,0.50372769710582
n4d701fdd6a051f1,0.49518102811145714
n4d75ac2921416c3,0.4930430747275476
n4d7879f89b01499,0.5097934859705143
n4d7c4775e9146d8,0.5013529771446983
n4d818acf76d12d2,0.49958180537418073
n4d81afbe24cf21e,0.5016069490024126
n4d82acb79e889cd,0.5010779004568514
n4d8448fe7237856,0.5042687529708979
n4d87ab348ae94fe,0.504081649751724
n4d97a13c0a68085,0.5041009600502674
n4daeba1551d292e,0.5002447254433242
n4db00ab565393c1,0.49614680580457066
n4dc1bcde01c9099,0.4940438071144452
n4dc23da097baed4,0.4927359647305798
n4de187eb2cd9cc3,0.497424567642251
n4de2e4f133456d3,0.4960037770992341
n4df9a6821a1a47a,0.49762622125663025
n4dfb1cc79af7425,0.49795084463667577
n4dff7f084eaefbf,0.5022017829217179
n4e188687bbb51ef,0.49949978820847724
n4e1e97915aeaa48,0.4940642080640774
n4e2ca88fbe44f8b,0.4994549641460018
n4e30adb735d952f,0.5016396260424159
n4e4066cdf67a4dd,0.49348728781983714
n4e45dbfb592abc5,0.5031044125452252
n4e49b1de0dcefa0,0.49470682187090775
n4e4db8d8dbd50aa,0.49600005487838084
n4e4f4519236087d,0.5010228562411023
n4e4faf5be5a703a,0.5033297473879917
n4e57899db3e7726,0.49733625158480665
n4e6115d0f097cf2,0.4975125373293902
n4e7316ef7f4bfa2,0.4989926138953011
n4e7377e2c7f245a,0.49920378672948423
n4e7531c1977c215,0.5012753005793839
n4e78f704c1f1587,0.5039314425302751
n4e7bc50d38d7889,0.5069512180087965
n4e7caf0213af9cc,0.49809108132569646
n4e7ff9d1df96c44,0.4976571253706184
n4e911c871edd283,0.4973849994279292
n4e948ff6e14933b,0.49442104689291666
n4ea01b2c47c4f28,0.5004945408538622
n4ebd43d1e3dbe5b,0.5004491103266804
n4ed861887b740e5,0.5006322569044842
n4edc22c689a361e,0.505394989600507
n4ee71cf50d4bfc9,0.5040115539316777
n4f064f376717363,0.4963806901091167
n4f0a735e822ea3b,0.5024029736580373
n4f330f656dd6e2c,0.495944991599391
n4f35c39d56b27d9,0.49717785191872477
n4f41c5bf15f8760,0.5033624882119916
n4f4c22d3e28122f,0.5031212884254087
n4f534246d2107fb,0.493998432470258
n4f57004e1a4c358,0.5019761646442162
n4f570ab5112d2a4,0.4971481527531819
n4f57995796f9f98,0.5052931806633855
n4f5c7b904ceac5e,0.5005251261691852
n4f6182172de27df,0.49693733250510186
n4f6baf7e845862d,0.5000867918526971
n4f6d0d1c53caca2,0.5033277012306492
n4f6d231a5b29f56,0.4965363907168454
n4f749fb87df91b2,0.5017952702459891
n4f758fe8cb6075b,0.4964701455865153
n4f76636c3d1620b,0.5010024577895039
n4f8631287913821,0.5023099901117676
n4f884975d35cb30,0.5094489677105905
n4f894846b2bfd3b,0.5034242960550125
n4f91ec15a156bc4,0.49755257706495215
n4f931b6786d3ff9,0.5054522840585355
n4f9653de3669d7a,0.49940829605769393
n4fa21d2bbf3eae3,0.5038894438098215
n4fa6d2ea5a526b9,0.5004248684427196
n4fad30da3d04b74,0.4991503259802748
n4fae3ebfddf378e,0.5003334533671017
n4fbfba6e2f85c42,0.49631039221634615
n4fc688613e8d08b,0.5046281351102204
n4fc971c10b60ae8,0.5050763426485185
n4fce9536206e0cc,0.5072121602114009
n4ff06dbd9ea3175,0.5008573058027129
n4ff12b548fb7089,0.49950299755538224
n4ffe27a8f4223ac,0.49775428917152464
n500288f8739e8ea,0.504458001851758
n50063f6ef1f23eb,0.5022360240892166
n500e545185c9b0f,0.5018351710455193
n5014d85588ae2bc,0.5009785767385783
n502a9e8f4296e70,0.4994085468804372
n50354f41b38d511,0.49809653348638
n50366927db5f812,0.49890235562477336
n503876a4871bb42,0.4955489971668136
n503c14baace5c2c,0.5045380164592022
n503c975e1ba075c,0.4947635725030143
n503fdee93bbeb38,0.4999035253129721
n5044dc0789fd0a4,0.5078700352664378
n504fed4c7317646,0.49160665747806676
n505e7ba2d74bd4d,0.5058487853859436
n5081e3d2d69d40c,0.4957119588680905
n50866db1541a14b,0.5005461946455275
n5094fbb98b23933,0.4963138985244111
n509aecb6039c708,0.5080345001655965
n50b84119bc8aab8,0.4983683482771605
n50d6a8aeb1b1170,0.49553294883898047
n50d9345b58dbae7,0.49885544718204256
n50f6c3633c78192,0.49425043267552726
n50f723ecda88e6d,0.49567776521137413
n5104166bf79652f,0.5009213118346085
n510e3bd1f83b80a,0.5036182937178844
n5118a5bd537a205,0.49544146342084094
n511df3c21d0effb,0.49799376462816725
n51260b59963b428,0.498465940521135
n513d37b37816747,0.4967419041144688
n51509495e9a05dd,0.4973504857977159
n51561c02341c88f,0.5017350645703725
n5165642e749928d,0.4946086567265101
n516af44403e81f0,0.4969485280971893
n5170cca37cbe0ee,0.5011444647193417
n51774b091bf40db,0.4961209514599297
n51855f97035bbc6,0.4910017178352656
n518c5727eff5bb0,0.5040611357918552
n51976ec4f220181,0.5035514818844968
n51a1330b173cc43,0.4965180873428826
n51a29e107c7aaf5,0.5053259887394259
n51af30fe8d20d7d,0.5094034398065622
n51be10e73e67887,0.4968086508111637
n51c19859fd00770,0.4979429312863938
n51e8d08c67277c9,0.49936485867658226
n5211ed2796eed62,0.5007049517915146
n52176f76705692d,0.49975413610416997
n5227975ade5a864,0.4994174583441362
n522aafe7add9911,0.5040608687021386
n5230617434f01fb,0.5013148567315314
n52389b05e2255a7,0.4975582149544107
n523f5c987427bd7,0.49207793518915205
n52444660ea8cbe7,0.5005662918737719
n52469e2c1588924,0.5108521319078025
n5246d8b44b20664,0.498124049939997
n524ceca5bac23cf,0.504717626585751
n52566e48c81c1af,0.5044876239096118
n525d05220f49e64,0.49906943072368115
n52658384bc4e09a,0.49828619099782623
n526704afd13fb0a,0.507747959568976
n52735bbc6a4499e,0.5059552708871413
n527511b45ca910a,0.50493988160307
n5276542015b23ef,0.49702930606298773
n527a139d6cf0da2,0.49599122559830144
n527d27a92684753,0.5008946623043387
n5281cea4de34b72,0.4971063009209748
n5286abd51606390,0.5010138624857217
n52959cae8cba25f,0.49651070718032064
n529a0a97b941874,0.49778075755459217
n529c0565a2dcc6b,0.5018084580977122
n52b7e677185f582,0.5049378750277517
n52b922e5b983224,0.49625108715542265
n52b93edcaf01e59,0.4989217161187251
n52bc2db1d317d0e,0.500216592564344
n52c6b152e5fda2d,0.5049006451288128
n52c89d5ef73ed29,0.4933761283075469
n52d806cae9513b2,0.49929822448720335
n52dcc860d8956a6,0.49757349887477004
n52e720054dd04c1,0.495404531658224
n52ecf66e1662e86,0.5001244914152972
n52f10916e8a89a0,0.5017635123181265
n53014833a37a3af,0.5043273627102268
n530bafb0253a5ed,0.5017176228342844
n530d283a9fa07a7,0.5085277371671365
n532e2a163020cf7,0.4979666202197171
n5339fb6f990b12c,0.5078818602713145
n534b6dd513c60e0,0.496475629424348
n53572e1ddf63d96,0.4984748970119003
n535a05ad6f133e1,0.4947989936829938
n535b022258627e3,0.5071725636993863
n535ff985ffa6c8d,0.4985349043353908
n5360022c3423477,0.4995670604759033
n5363f91be40026c,0.49758158648917
n5373ad830546618,0.5035699976848393
n537c0ff3c87166c,0.4976529505453792
n53838cced0f6557,0.5009087005372437
n53b62df46bbd7af,0.506949600089453
n53b70fc952ea461,0.5011157203489033
n53b78facdfaa83f,0.5031791482110906
n53b97b688f79dc1,0.500885214540901
n53c94b4d2c4acd6,0.4985447166027837
n53c9c12ce04f00d,0.4965212731220694
n53d032d7903f93e,0.49803701939099004
n53d4626b8ccd406,0.4998546584035406
n53d994cb51ab17a,0.49501614800151067
n53de98afcd2bea6,0.5124025589672776
n53e02fb03ed3f8e,0.5012270322422622
n53ecbc2d4a8d203,0.5028270185488679
n542793c65131d4c,0.4955790960178725
n542e67124333e47,0.4989365874950656
n543aa84d4c6ad0e,0.4988636933373912
n543f37481162960,0.4980423745789078
n54497b801c2210b,0.49662674360526715
n5450a5839ec3847,0.5067121713747829
n54629935c8827fe,0.4957557460693017
n546f75251758266,0.4975879809533817
n547c509e4d169c5,0.49969923296647223
n547ecf40398b53d,0.4997077198295435
n5486e5ba5c5c8d5,0.49685377961464944
n549085c1302530f,0.5021200497422442
n5493656c8e6b876,0.5016782050721769
n549cf5bc4e6ac98,0.5047068854878128
n54b33347b84a179,0.49684320831295337
n54b9ad72fb97ae3,0.495277575691823
n54bf20d1896df8f,0.5007500866479232
n54ce337cb5862a7,0.49701650622167476
n54de47fb9a5b572,0.4986924079141653
n54fb95d5533b998,0.4953744189061431
n54fd7eeb90278fa,0.4959306238758484
n55004dcef0c99b6,0.4993462121653611
n55051f7ee8e1954,0.4975670474489065
n551067dbc4331e2,0.49998704958787404
n551b75d60fc3fa8,0.501674537618546
n551ebbc4148022a,0.5098057387587325
n5520896e38dd820,0.5109289248679539
n553002981339929,0.5008446457871357
n553236f3c5d058e,0.5017160714344641
n55366536ff6d96f,0.4946300162373121
n5538d6afbb471cc,0.5002880280124226
n5544980b47202f2,0.5012133492663909
n554b6a215b90953,0.4997540592788838
n554c87f4600b21c,0.5041899084301559
n55751c8b78f2695,0.5082516394689945
n55781b37765b32d,0.5040698583108749
n557d6474d90076c,0.49563022179872684
n55806f5fe278275,0.49807620957949983
n558739fca4fb623,0.5008740959482259
n5596574bd7ea4c1,0.4927748050798965
n5599ac850d08374,0.49837556978651965
n559f6318c8cd7ea,0.49569741770161413
n55a5215e30bd749,0.49965508445882884
n55a8f211a95b401,0.5003610712341703
n55b3bcab151a1a7,0.5044140462445633
n55c59cb69942618,0.5018758753489793
n55c8f2defe185c1,0.4969969329681919
n55cfa3e95595a04,0.49867940789652426
n55d6186b5aec7b7,0.4994782344436735
n55d66a4a9f26de4,0.5038074453600666
n55db2b556a499dd,0.49954401119266784
n55e67e6dcf0db30,0.49524803587508975
n55f58680d8c0e9b,0.504841567652072
n5604444fd1dd3ff,0.49452275904985976
n560f84d8d65d23e,0.5013289270059926
n562212e6b410ee2,0.4991258708318558
n562bddf1403ce7e,0.5035282074334708
n563f47dd31846fa,0.4924555465812898
n5640e82584450b3,0.502518943252685
n56461eb850c2b06,0.5060188511246843
n56530c804ff9009,0.5079598553500877
n56657cac2646889,0.49939691494661326
n566711f9d3d924d,0.5023692708799605
n5674d4306ed863d,0.5034244669045855
n56768e4f7c741b5,0.4971915033267998
n567a6d8119ec2f1,0.5032933496332574
n5685b17f8f83dc3,0.5065812344956995
n568c3fd29c4b62c,0.4955842544582735
n56a2574dbc186a3,0.4952324127686572
n56ac81b9ea2587f,0.5014982349995147
n56b574b7b33dc4b,0.4931155835985664
n56b97ab82266d0e,0.4970802593340809
n56cb909972b2e77,0.49378039594350137
n56f25fbef48231e,0.49775112938135074
n56f43b43de5c35e,0.5029351151692216
n57034179d2adcd2,0.495379502153378
n57106c680ac9949,0.49367605674638054
n572634de89fe977,0.49727085935606524
n5726b9b5a8a533f,0.5077993247831943
n572e399c1b96e53,0.49628879372200596
n572eecb26a493d5,0.5022353362863836
n574268f693329a2,0.5006776079025539
n57461377f75aeea,0.49978963751782307
n574ce915df55580,0.49768385031755963
n574f09ef3988340,0.4971624337259057
n5752c6039e126ac,0.4971798514158736
n5758d26b54c5ba4,0.49621015452403155
n575e37eb87b2a9b,0.5102910437962834
n5774d620819b264,0.4984238991963939
n5780c6f3b717bdd,0.49676121985850086
n57900e04bc35330,0.49886125358415717
n5793e6e2a07c41e,0.49606103814405783
n5798eb084b277e0,0.5112766915472535
n57a2c489ea4c9b0,0.4989998263289994
n57a8446267d6bca,0.50903683084313
n57b83e303bf505a,0.49643976960335234
n57d333929e36688,0.49937864249273006
n57e3ffe6d5e6b7f,0.49681614998098134
n57f4e3b6002dfcb,0.49855526971307207
n5807dc5137824b4,0.49477407681647967
n580c6d0bdaaa920,0.495183596984219
n58116c398036375,0.5021864120580869
n5813c4a2b7c12df,0.5050262711498704
n5827d65ed471771,0.49931697763873184
n5828df860f50814,0.4989227763794994
n5834e12c16b0182,0.5016630214728635
n584bf1765e52002,0.5042453831243812
n5859b2b70f95f3f,0.49805787754944436
n585ca94bfe8af70,0.49956064659048627
n586cb67501640b8,0.5082025200096052
n587f9b60f4da615,0.4928460816967254
n588f7e5339e2f87,0.49402460691340205
n58963b83c596b82,0.4952847673850618
n589ec65e354255c,0.49694166283556246
n589eee4f7544709,0.5010544880561474
n589f5966446cefd,0.5028068057367605
n58b4cfbf640b028,0.5046542919161748
n58b5ebd07fb1789,0.4986547042393794
n58b64903751a1ea,0.4967292505556941
n58bae62c9d51833,0.5003951958403768
n58c235d6f6c6bb3,0.4936836711878373
n58d38eaa1da9081,0.5007606181405189
n58d9d3856b7f940,0.5062277900593904
n59069b66ef7cb6b,0.5022839907660045
n5915241e5fc097a,0.5026181819324813
n593301f7c5bb36f,0.5006398965721075
n59494aede697275,0.495273332943625
n59600051f836b0b,0.503175814093955
n5972baaa8d95f2b,0.498747656316527
n597675916a45373,0.504956013254979
n5978723b840a4b4,0.4995521803871722
n597d683d5107d9e,0.49252831759888094
n5984b7a88035083,0.5007437415102559
n59ade816abceca5,0.5048708613506979
n59b252c183c0e92,0.4969463067816207
n59c31e153c981c2,0.499372718256445
n59c41fd8786b527,0.4995193632898702
n59c5ec29c55f888,0.49663251791887864
n59d03148ea470a6,0.4950995036151166
n59e242e06ac2f5a,0.49842162315527766
n59e6a705897fc6d,0.500275719082528
n59e7ed3bcb44839,0.497314723043501
n59e9ecde81ea39c,0.5001790882811
n59ea5b4b3bae6a5,0.4973578371991334
n59fa04503112f4e,0.4988495477880189
n59fec81cba27c0d,0.5116842611620945
n5a034db145e5554,0.49600988066366525
n5a03ed0015a2976,0.4999221628402015
n5a15a7544996824,0.4958018421923195
n5a15c2819a7f7ff,0.49724196727050163
n5a207566337eb21,0.4951603857118709
n5a25b2171c4555a,0.5013665416216027
n5a31f0931b9def6,0.495403434898549
n5a4c15fb4052c73,0.506208634421022
n5a57c779646c089,0.5013706943960501
n5a7fd07349e2a75,0.5000861540870885
n5a7ff80ecae2336,0.5027356395714189
n5a81bbd94135e22,0.4984256614009571
n5a822552ed7a3ce,0.5015592171798254
n5aa05b2d3bf4dfd,0.5044791546698728
n5aa3a8d07670920,0.4951280909663469
n5aa8a0a8e4eef4f,0.5085897989593319
n5ab24a2b3d874ba,0.5051182214266686
n5ab82723897c3b0,0.4992460794519916
n5ac0f4e9ea4d162,0.498524009162992
n5ac364010372feb,0.5018736158056541
n5acda0602bd216f,0.4993624547672166
n5ad7b09f4021bb5,0.4980756422482613
n5ae8c32f6d7a8ea,0.5005325890192812
n5ae92ad456a609f,0.5047275792310253
n5aef0baaeac2ce4,0.4969576009489475
n5af533cd57197a6,0.5009547033103806
n5af9f767ff83641,0.49955423285474126
n5b10a0acdb0f01e,0.5011461397753669
n5b22c6fd76bf3d9,0.4991443808340359
n5b34db0e7de623e,0.5004697379388992
n5b39ffd9e535610,0.5030009355794398
n5b3c4f1f4906f92,0.5055688917856921
n5b44e1c5cc0be4e,0.49955854207930067
n5b483b2ce755828,0.49143308637158406
n5b48668fd0780dd,0.5020843558722003
n5b4d3ac35f08361,0.4975341991306715
n5b4e9a8f8e8bab5,0.5026490656406328
n5b535abd8875960,0.5057311130279362
n5b6581a225d3ad0,0.49905763955112314
n5b6925addfeea0a,0.500091762887224
n5b6dba400d5e96f,0.498699230139078
n5b75387541159f0,0.5007678102231307
n5b7a72a9f0f623a,0.4981519753408421
n5b874d2db9cd399,0.5007364172341261
n5b8a5dc5c2c8927,0.5104471668901054
n5b9ce9177f69a0a,0.5030890233191343
n5b9f4b8d2a6c30f,0.5033041027846568
n5b9ff5103d36063,0.5074314836544179
n5ba0440b8feb067,0.49589489151019855
n5ba50c1737949ee,0.49833900832781036
n5bab736f456b3b4,0.506272547567014
n5bac79edafba69d,0.5058061914523394
n5bacddfae93aa1b,0.49614779974955253
n5bb003d440978a5,0.5012462501965406
n5bb38b1290418ea,0.5020983896461272
n5bbc5b1e69d7e39,0.5046031267306125
n5bd7cc6726643ba,0.502988975160724
n5bda4c3f0e26486,0.504891511100792
n5bda4c4d308d577,0.4968231270734775
n5bda515a2a737a8,0.5007693064976655
n5becc451d67bede,0.5018736499070439
n5bf019a15a4c3b6,0.49976350219535737
n5bf5d8c2d02c133,0.498018189806139
n5bf8bbfaacd9ef2,0.5032791932939178
n5bfb3b2079dc197,0.4966319374567534
n5c099632e0e2182,0.5005620607901872
n5c11cde4d9af809,0.49847146625372485
n5c12a14e51e6c79,0.49433845193139897
n5c25cd1d1fe3523,0.4962978775789288
n5c2bec228dff521,0.5076290050910252
n5c34f84c912d918,0.5053869757762866
n5c4cce69ac1019e,0.5018626273595725
n5c4d1f214b742c1,0.5010296934685727
n5c4ef72bf4ef722,0.49980996326183613
n5c5b1924794fde0,0.5025766895465434
n5c6c5f4d9823b68,0.5007813754512467
n5c7a32537a68041,0.5064220974976316
n5c7badcd106aa29,0.4966397663059104
n5c7f501e2e6018f,0.5044052404079538
n5c914738ef96cd6,0.505528470993808
n5c93c5042024d9d,0.4974861790313855
n5ca1b93936ff130,0.4975028240100012
n5cb38a2c79281c7,0.5028693997959534
n5cb874d501f021a,0.5023316111790825
n5cbb1360b437187,0.4946637895365267
n5ccc9aff4d63814,0.502588991712403
n5cdf6203b7a2ece,0.49891318616093216
n5cf2bb208804873,0.501360611831453
n5cfc369729d433d,0.5042970443685989
n5d11d78851d10e3,0.498913843618825
n5d1667b452d07d3,0.5007865510894098
n5d232ba90df3bb1,0.5006404977410238
n5d2ae4a727e47d6,0.4958129254405
n5d3772d7a7dac42,0.49645823096890906
n5d42186569f1aaa,0.497135993518013
n5d672b72cb3a4e3,0.4976344025393102
n5d78628912f9c78,0.5000475127625882
n5d7b2617fbf1447,0.5030878720103287
n5d86c4aab718d1a,0.4974611485969234
n5d8aff72fe6417d,0.4997782243599286
n5d8f342e6aa3d17,0.5004502232219885
n5d978eead9cf11b,0.49660867898787836
n5daa5bad39d297a,0.5015754029325181
n5db600a7d13519b,0.5035844203856169
n5dc178907db101e,0.5031591679936287
n5dc201018ed1fa3,0.5061317094658737
n5dc91476e45c7d1,0.49720466772934907
n5dd2c0783973528,0.5016841315041509
n5dd4ca18e874aa9,0.5001442143709043
n5dd96e776bf38b3,0.5034490074339981
n5ddce5239b4525c,0.49750180561167356
n5dde2649afcbb90,0.5003632085513849
n5de1752496b6205,0.4951622889447316
n5de1a25147681ec,0.5032167587438484
n5de37f5e71d9dab,0.5082076112255012
n5dfca68c38f51f9,0.5002579050543857
n5dfdbbc5a4ce9d7,0.5007316773083913
n5e097eca36c4102,0.5022138788321857
n5e24dd99ba83334,0.5022264150375646
n5e28560376bb580,0.5010101686857106
n5e2cc30589c5333,0.5025932064528229
n5e3a4059d5e71ba,0.49843433804357057
n5e616c89f83c5e4,0.49932990886915424
n5e68c3a34ac5330,0.4994591214222297
n5e723c3dc61c331,0.49736175420472284
n5e7cfb80283bf79,0.4985304845689015
n5e9ffcb46bac8ba,0.505781757855748
n5ea424341ae958d,0.4970190965757208
n5ea888acf21852c,0.5008772882002058
n5ea89dcb13a572b,0.497430677561657
n5eaaacc9901b2b1,0.4961661518472822
n5eb7eed2930b650,0.5103186822951884
n5ebb2ba5fc7d06d,0.4979035619885305
n5ebc355461d3c62,0.5038989442705855
n5ebf073247e44bd,0.4953249131293905
n5ecf3fe16aaa32d,0.502368274687106
n5eef0a810ab92d3,0.4964126138562409
n5ef4df624de6a61,0.49884923181675195
n5ef8a5c41714855,0.5001332741503159
n5ef9dc704092737,0.4981033771314282
n5f00b53d22e89e1,0.49160712570553283
n5f09a938666566b,0.5039814370812492
n5f19a26ee8664d4,0.4973554473555462
n5f40b1eeb26acf1,0.49673016256712177
n5f60f4fad32cc8b,0.5025745554354653
n5f7341b0f6fa6a9,0.4970915644190073
n5f9c1adcc015b6b,0.49384192103607194
n5fafd0f035d6c28,0.5066453230742565
n5fc7bb0caff8e5c,0.497341664208955
n5fd39655ebfea39,0.4945953909978592
n5fde1d6709a8b84,0.4979042837040511
n5fde4e340733b36,0.49950871287018
n60173e058244faf,0.5063234668557267
n601b8ae6c9f0621,0.5096052535001162
n601ed769e2bd88f,0.5030772919508154
n602389e5217d0d1,0.5019306947452776
n6023f2512849756,0.4978438043462481
n6038feeaeed40be,0.497915673082798
n6044cc03ff9c85b,0.49894266064626636
n6054c0ba0f53733,0.5010045764083696
n605d3b661e61af9,0.5078625490625402
n6061b6fafaf3e16,0.5032010707893857
n6067e3f297dd035,0.5007933710507596
n606e833c5836e0d,0.4949113195501661
n6075e58629c98d6,0.5004448935141301
n60802aaf386afef,0.4968531051618403
n60899c0350ed712,0.49979600204301
n609b072d27a8edc,0.5019300858287125
n60a2bd443433dfd,0.4973621827020388
n60a323ea3405434,0.5040508647720517
n60a45483fe66b4a,0.4989481267261942
n60ad8a55c741a7b,0.4958860511343988
n60aeb81b98c26fd,0.5052164211469058
n60b89c7ca735b10,0.5010744683779778
n60cfb7fb025b53d,0.49461590908304764
n60dc248db75ff16,0.5095363962249694
n60efb5c73c5a7b0,0.500639731653595
n6102b6bcc7fef4d,0.5006837454476105
n610e169ccaecffe,0.5041748490591834
n61115e8748af662,0.4977940472900623
n612b942c4d2860d,0.503222404675022
n612dcd74e68d5e5,0.4940780807457677
n6132ddc86231658,0.5080712277936318
n614662cc76a591b,0.5029996057417131
n6148d2d3254f34f,0.4976777025646604
n615d27cb77ac865,0.5037815669448001
n6187fb43317b01e,0.5057533445143991
n619343361647b20,0.5049746669122633
n61a7bd97b96cd1f,0.5050765027223363
n61af0eefb53f0b8,0.49854604527484214
n61b0eb5a13fc3e5,0.4993846788158627
n61b2296975b70fa,0.49799890103228084
n61b3e93c48d8fac,0.4979762896592519
n61b92ff40087500,0.4993628713732467
n61bafbedb0876ce,0.49959305329230286
n61c155c2d1fab8b,0.49500004376670514
n61c44a1850fe7ae,0.49685583224188423
n61c890b9d126b70,0.5050706551948952
n61ccb08132d0b00,0.4953444229544502
n61d8d6c3d2524f7,0.49808084776339145
n61e9b993fad1a12,0.5023413793307125
n61f9f62c87575d7,0.5048489415786279
n61fdd8ea2e37115,0.5000205509642648
n6205f01f422bac1,0.49566837081195597
n62168767e351709,0.5021521207409694
n6222b5014e585b7,0.49681371017244996
n622339e521fa98c,0.4973949043648904
n6223785c0bcd396,0.5037194159422063
n6225d1ef1687e50,0.5032950780573017
n622e527f5982885,0.4987052060332078
n62322756ec4ab43,0.5046649645696547
n623c20314ec4e84,0.5024664856370957
n623dc3ad1b5c9c4,0.5067986923134339
n6244a26248a15e3,0.49825730487186404
n624a6f71e84984d,0.496598226589774
n624b27af4247bb1,0.4995844130371315
n624b70189644469,0.4962164831489721
n624c3824c0ccf00,0.4997685443175987
n6263a3b7c7794a3,0.5016280196656195
n62709cb66840169,0.499140120901101
n627527c1f2963cc,0.49849419477813817
n629cae5ac18bbda,0.5012285399166573
n629dfe64aea9432,0.5130992263679883
n62a040ea5fe7c54,0.4955727639446252
n62a07e494956273,0.4960959909293269
n62ad5d6cc3498c1,0.49786573224652253
n62b0fe8cc45a285,0.5018503793262443
n62d4ad080cd45d1,0.5104091541292921
n62da27935b87bea,0.49919060528134546
n62dccec14fc9ce3,0.5011616873959326
n62e247e9e28b4e9,0.49832869854112755
n62efee517b81154,0.5008467552704637
n62f372f0e3be301,0.5088675496790293
n62f4c6e42d7d2dd,0.4981444524070918
n6306ed735521083,0.4998087529594815
n6320007f3467d71,0.4974636660976157
n632a7258c1a5b44,0.4943386109059989
n632ac21498c64ec,0.49992179246755175
n632c401a2b0eee2,0.5003437509894461
n632d277e70628c7,0.5010990692993544
n633a68a539b5956,0.5007057267928497
n63411515d9b7482,0.49883185238977357
n634e3fc35a84080,0.5003259782832157
n635eea6afadd2bd,0.5077053361790048
n6360f5385ba6ee1,0.5024989712677674
n63836cd2050ce02,0.49633499424457267
n6393ce31a671c25,0.49824106221836323
n639614e351b1186,0.49896613522543354
n639e435efc4cf7f,0.4972342832611988
n63a8aa3b47807d2,0.499004741715303
n63a9d1387e4c17d,0.49986567998324327
n63ac75f69f4cc08,0.5036506908629228
n63ae5c7b156ea62,0.5008525811188355
n63af89b7da3369d,0.5006360847432857
n63beff70012985a,0.49855257921958074
n63fe28776e87ec8,0.4946213664908085
n63ffd85336d5018,0.49573503701443883
n64017dc3687b3f7,0.5082023820194874
n641178859757afb,0.49982519472114817
n641989610757dd6,0.49543404072337854
n64407fdb3492194,0.5008973824274638
n644438358a7250d,0.49332164665126405
n644cd718f943ace,0.4983871761725302
n6452ba88ad9e833,0.49865810498461893
n64608e7a536cb5b,0.4934512945075359
n6462ef06b1c2ff6,0.501631025300604
n647e593a0baac89,0.49898609547829736
n648043f5e8d3197,0.5027036889756712
n6482361475da778,0.49869799160656675
n648a2b1e2ec49ae,0.4941007200085469
n648ba9eedaa3fea,0.49542782351098896
n6498506d1a3c824,0.5043072646372061
n64a67f9c742a95a,0.4949767663269687
n64aab8c6f1dff24,0.506259595064296
n64b121f58dc32d4,0.4992921090530995
n64b45f0c771b062,0.5069476443272684
n64b730ba0d5db51,0.5000289772091006
n64bd83ef2808c57,0.5040801753933783
n64c6b9a0532755b,0.49966982546191474
n64cf1fd2ce85e38,0.49705648544039976
n64e1288ceb1782f,0.5031952322517994
n64ee0997951d7a8,0.4982324197427178
n64f2258268243de,0.4954407289678698
n64f5bf0a54d5c7b,0.4988278031918543
n6500057bb3fb752,0.5003362559908604
n6515add599eb5e7,0.4975157927305751
n6520cc80910bdfc,0.49898768088992906
n6523a135f6981f3,0.4978356304606025
n6531b15e506a1fb,0.5012628796211849
n6541370a8f451ab,0.49928917783874066
n6547871ffb3753d,0.5055700129257891
n6554a31b2d6ffda,0.5048371559460095
n65668862d4ddb0e,0.5027915211316045
n657749f6c40812c,0.4969426618069706
n65788424e04cba2,0.4915217406140076
n6578fada369e2e1,0.5023453482420909
n6580eb1c9149292,0.49870526575602814
n65901f4c3f712f9,0.50114732732299
n65a6aeb0ca53447,0.4966682358841772
n65a885acfe6d969,0.4955296463466614
n65b79120cdfaa5c,0.5087142507582894
n65b7c0b5bcb1d31,0.4891701861395594
n65bc720e0de50fd,0.4983825446344957
n65bd6c20cc6bf67,0.49525768365913775
n65bfcf8091bfcf9,0.4976326378746543
n65c5507222adb0e,0.49665954121102124
n65d1b83df8a9430,0.5010906881358782
n65d2544ed687e79,0.5011035132053445
n65ecd840e8e68c2,0.49808367747207377
n65f120d65fe5ed3,0.49858301550794026
n65fa9c146f59f40,0.5014973823642742
n65fae6f26f6f004,0.5004406153098485
n6603ef3d6bdaaac,0.49900302429623156
n660e4789bdbc50d,0.49287570586651314
n6612cbd5ea37840,0.5009715758294899
n66209e45fc614a4,0.5033112727401199
n663477555980cfd,0.49826008736368654
n6646a78ae49b23d,0.49871303702400627
n664a447f3f20d20,0.5016519017920772
n6653d2a987e93b6,0.5018612766005498
n6655f51b96f35bd,0.5011409026676519
n667b163d9774724,0.5020653818228178
n667c6d8243c2e8f,0.49320763061619055
n6692bb84eed9090,0.5096292778800212
n669776ade38be9c,0.49407147245430794
n66a265f09bfe276,0.49534103385906453
n66a30791f85ee7e,0.4997063811201178
n66b9f585a643dec,0.4985663280279795
n66bad6af402e349,0.5023970685072813
n66ce8c98684cb20,0.5006688976372812
n66d5981409ac292,0.5013282239308926
n66d85980b7ce2bc,0.4978890620709802
n66dae0edd129568,0.49655141973620737
n66db43bee1b0106,0.49496497576247017
n66de5ca9278a8e6,0.5060864870183849
n66e7053a7bbf95e,0.49721510981799655
n66f9b2307b239f0,0.49085051082199505
n66fa970799262c4,0.5050630322974875
n66fd9507b9ff3d2,0.5058414130772513
n67153f84804f483,0.5044982881005157
n6715614cd48afde,0.5043712272348263
n672792247f75418,0.49911298432874446
n673fa7d8cd38aeb,0.5028375909989887
n67579258793ff6b,0.4990303113052347
n67654626e3e1c8c,0.4981058570295257
n676cd34393be33e,0.4997352460642279
n677625a2b2cb29f,0.49858439459353915
n6782711b0b1991e,0.5037659924085128
n678306ebbd7042f,0.5048087759438612
n67848fed82eb1f3,0.5016558530440787
n678564c54938524,0.49788298453804297
n6786e448510a5d6,0.5003670259146468
n678d54a66409f53,0.4995575856175255
n678e1ae942ee7ce,0.5004329550738866
n67957e4b394e20a,0.5003022026489279
n679aa40eb066bcb,0.5016646628416428
n679d8171c13bbd1,0.5061104718622446
n67b6d4b8eacede8,0.4917190302309914
n67b9d34939c3137,0.4986948476702788
n67c08533a292aae,0.4988007209888595
n67d20b2151be6c1,0.5042646805153371
n67dc85be24d0b6e,0.49819708040609084
n67e299527c830dd,0.49707633418511943
n67e895e8b5b6edd,0.5020101470216136
n6800cf59814eebc,0.504103563408372
n6807c5f61d8df7e,0.5022376360186981
n681db15e294b42d,0.4972360844775713
n6838fcb45a98594,0.5008769451489913
n685197495c076ca,0.4975981247807125
n685840d96e94872,0.496057005898021
n686b7fd8242eb37,0.4943743482263022
n6884054a2cc42b4,0.5012228250784626
n6884e03887d36eb,0.501808789974288
n68928d17dc168d8,0.49974402918983507
n689912e7f6b151f,0.4982949228286821
n68a516ffe1a71c7,0.5033130527593365
n68b6ce763d15ed5,0.5032507490662952
n68bb5e06971b643,0.5012639859350965
n68df8f98c82ea1a,0.5003693210513284
n68e7561287f8074,0.5074581758477708
n68f4c1e4b71e7e4,0.4957606458438483
n68f5e5d1bd31cf8,0.49684910723047915
n68fc81d5e508f50,0.503551385034249
n68fe48e5d10283d,0.49842416476672685
n690682286d5610d,0.5013543422391518
n6908395e52ee9ed,0.5014753942505522
n690cd151b224cde,0.49585089424885076
n692da8ba6b3ffde,0.5022004947381721
n692df4a3fc0c97d,0.5032647219591325
n6938f37b0420061,0.49856642729546574
n694aabe3f0e2753,0.5042147252263521
n694f62b6a157cf5,0.5020080578108369
n6957761f5de7d37,0.49853583085083863
n695b7731cf41824,0.4988048618555472
n6974ce3552ac513,0.49809894337637545
n697b706b4cd39bc,0.49600017518004
n697c86db6dc6808,0.503642174970683
n698925518077b05,0.5005504439800987
n698c24598deb65f,0.5022852650107725
n698f12d55359c6e,0.5085736980616908
n699122cf97c3803,0.4927854682712525
n699c35077a91aff,0.4965832961376125
n699df14fc2fca87,0.49729816906339686
n699f4ca90458892,0.49619229580867985
n69a06f07e82aecd,0.4981329181508003
n69a246b031fa44d,0.49519282330077447
n69a8724006033bf,0.4924390444575996
n69d0c14d9c2f988,0.500148193017697
n69dd4e749638e90,0.5029957384148092
n69e86ccb3a769d1,0.49924747235064026
n69ef6263581dddd,0.49892061362795537
n69f2f6a6e6ffe23,0.4954055068837183
n6a1c4958057952f,0.4989120194503172
n6a1d0476040ad9c,0.5013822647279147
n6a286a54068a00e,0.5014309654695185
n6a2952a2821c6d6,0.49552450375781304
n6a3741a3b2e9450,0.499288891825269
n6a3cc872b6b0892,0.500340680638273
n6a40aa700a19258,0.49764602418376336
n6a51b821745c77d,0.4978154218111894
n6a58500674eca47,0.49875158489174065
n6a5c73c5f05942a,0.5091342329504263
n6a5f27308ca3c9b,0.5049130684258712
n6a646db9d04206e,0.4976654192722948
n6a6a13db5b2add2,0.49717987990892343
n6a6ec44279f1716,0.5008525304113836
n6a8a0a591bf5fc6,0.49739072211544955
n6a9e4c769d0c557,0.4996600942624321
n6aa0e4dd99d886a,0.505451721608981
n6aa4090e6990949,0.4960672633398881
n6aa5132ccb8393e,0.5047462379611656
n6ab91bad34b9e3b,0.5017533124820492
n6abb526263bf1d5,0.5047936980444445
n6ac15cf8e39a64d,0.5018037945388368
n6ac604041c71954,0.5100514578355199
n6ac60beb15aeac6,0.5063737229789343
n6ad12f13262d76a,0.49940248303368007
n6ae27f72fb5705e,0.4954443027189259
n6aed2e8c9910447,0.5012241042785797
n6af856e8009c91a,0.4999586274302171
n6b005b041c637ed,0.5006539282223373
n6b09b37ee5c0f7e,0.503786117447737
n6b1ad0ceaef171b,0.4992516303506649
n6b1cbdb212bc041,0.4990638464490163
n6b21167f3c1ebf2,0.5018366248350528
n6b2d6a6323fc5b1,0.5078259851787358
n6b43899a17c97e3,0.5017213038679635
n6b48d5d36073801,0.5080504038438597
n6b55f32e7f3e7e9,0.49741909667950934
n6b7b4d2c67a8e60,0.49321195700234677
n6b8497edfee7699,0.5092143627724028
n6b862ae1144acfc,0.4970681102538037
n6b8721a3c93434e,0.4978952444056206
n6b8a26de1cf6598,0.49295229956766906
n6b8ebc1e569de11,0.5020811296269243
n6b93e52de998156,0.5041008674316104
n6ba80ff0fa72e9d,0.5038833548679214
n6bace8daec42f5f,0.49537891226007613
n6bb9fe017c49c18,0.49421628376742344
n6bbc78efa756dd5,0.5026029005390766
n6bc5ac0d4b5d49f,0.5029395184997432
n6bc801812c898ba,0.4993828943358122
n6bccf85d003fb99,0.5008525192198762
n6bcff228d607128,0.4980842411040757
n6bd44fc3414099e,0.49841560564562504
n6bd7bfb1227dfc6,0.499484334680341
n6bd9c6b41878c34,0.4961665290272217
n6bda7f55fb4d7c1,0.4982007614521103
n6bdcf6ac8b3721f,0.4971709983623921
n6bdcf9752a85f15,0.5020809940774965
n6bde4a75b927062,0.4969346486379607
n6bf1a23c4236a57,0.5023390379754114
n6c060cde11b957b,0.49528711771318856
n6c0d1bdc7722e09,0.5018340101244904
n6c11de9cf551011,0.5047092991677986
n6c24739032d2101,0.496035621531906
n6c252a42eae2bd6,0.5040761428677506
n6c308873cd9abf8,0.500428875979344
n6c35cc169741bec,0.49668030101346555
n6c3aa6f97c20d1b,0.5142150176466512
n6c4dfeca837e9dd,0.4932035497306269
n6c4fb619423c0e2,0.5010269339229585
n6c6798dddd22c11,0.5038372732494296
n6c6b46646f8f3dd,0.49670371338251834
n6c71d1bee4999a2,0.5034340237474231
n6c8774a6c4a41fe,0.500380915274412
n6c8bbaec896d579,0.5047677966702541
n6c8d63aab9ac349,0.5009027547147216
n6ca16d4acdd8acc,0.5037285134896738
n6ca22e2e5cd64c4,0.4966382618851882
n6ca248ef7b01444,0.5027328718854527
n6ca2831c8e9b94e,0.4990606692702234
n6cad77a2dde1260,0.5018957265999148
n6cbde71f655a6de,0.4973799443363444
n6cc14c85baa3d16,0.5096570988308623
n6cca5e6280eb690,0.503451666264404
n6ccd8f26159f6da,0.5047393094786953
n6ceef3d2a5f3e9b,0.49649111449680017
n6cffed4b1144371,0.5010414974040325
n6d10bbbc9f09bff,0.501866405629377
n6d163245bffa26e,0.5024400746102211
n6d1e07e099b05af,0.4981205656245557
n6d1e1ca29214fa1,0.49716673306214393
n6d270e6839e0961,0.4982716303817176
n6d27ab0c1c47ee5,0.4991174040180507
n6d494403a5777b6,0.49560463435860735
n6d4aab1d72d86e9,0.4927766885653058
n6d5056bd301b8c3,0.5003754875634566
n6d650d3f759b14a,0.5042688087637345
n6d6deca72abaae2,0.500771523901101
n6d75f3cb8d1940e,0.5014750087565945
n6d760c67091dad1,0.4954902808914255
n6d7abe318423936,0.5000308120170844
n6d812a4fbcef3ff,0.4926693772845103
n6d87d3abce56aec,0.49751645075074724
n6d8a2bbc2f31846,0.5012621621768812
n6d8d0c1801ae9e3,0.504755037344538
n6d9e3c566682f3d,0.5027075852585788
n6d9e42265b8833c,0.5048048789365811
n6da8e705f6088f5,0.5033947070508702
n6dace7bd5dba64e,0.5053779920041002
n6dad4b3fe3a0e33,0.5019075755309825
n6dd7b6083e2f2c2,0.5024495148570912
n6dd9f3f8e943f02,0.4970160014516776
n6ddd404f26ce0c4,0.5036191061165474
n6dec4e94d6ac014,0.5034187289039848
n6dfcdf05928b284,0.4966356802904215
n6dfd59cdf116181,0.5075320371032153
n6dff143a6a261e5,0.4975836613726213
n6dff9a98415b543,0.5009545345629889
n6e0e6a76211cc09,0.5049113903374038
n6e1289c130692fc,0.4979620577008058
n6e1e07a571f12c2,0.4934795191464387
n6e267ad6fe3f4a6,0.49898529264673325
n6e2b50383474139,0.49936835505849275
n6e3232d37b0fe06,0.5018421566498114
n6e38256f456297a,0.5016788862437348
n6e3efa8c6ba01f3,0.5003041924093178
n6e4cd896b4e58e6,0.5014380457154949
n6e60ea9283da59c,0.4956705480556784
n6e64a7da2a2aa8f,0.5008623646828342
n6e68254db231df9,0.49470946071008026
n6e695b54a80f6b5,0.49934535445300887
n6e7012c7320edc6,0.4979086814834449
n6e71c36f9c561aa,0.5036222819856655
n6e8ace896b43e5a,0.4953619355008763
n6ea242de857a544,0.5033932894407708
n6eb3bbec6d70ab9,0.5066642189378414
n6eb48618c37a689,0.5050275526349294
n6eb7ffbd56fcd7b,0.501623356218798
n6eb863fdf5f710c,0.5004797872053506
n6ec4ffce8481a1d,0.5044136011630487
n6ecc37305ae7dc6,0.49643823076246846
n6ed788a5c136808,0.49587548231498946
n6ef9f6bf3c44fde,0.5005654297044194
n6f04343c9dac103,0.5000038318729432
n6f09e28c1d3f278,0.4950503947988287
n6f20d08e1b4103a,0.5019693816511921
n6f227fc17a82e9e,0.5007596673813347
n6f23301106605df,0.4963741614939715
n6f3093fb194986f,0.4976012062545314
n6f3e6cd7d3cd83e,0.49824284701139504
n6f4d63c0359f282,0.49827118482370025
n6f62ab447a63de0,0.5030583427297292
n6f640b7107dd1fa,0.4972135091638032
n6f69f0d38f2e630,0.499162710916231
n6f6c884b1b60018,0.4946429051304551
n6f74a547451055b,0.5006200749795663
n6f7a391b8c8f883,0.4956583701457336
n6f7bf22767f22f9,0.4917936847056711
n6f81e9232aecb44,0.5043942196525607
n6f9a2cd47de28a1,0.4994574242086971
n6fc758ff5570a4a,0.4979696304550621
n6fd0e7e501869de,0.5075647509948759
n6fe4f7c3b156ee0,0.5002459816813013
n700057a6184a18b,0.499005489816692
n7007166e8ccc049,0.5026499333541684
n700d80021f4995a,0.5010211606659046
n70124da963054d6,0.5015222266682815
n701dcca6e21e9c0,0.4968952655078357
n7021a12a567a451,0.5094149684413227
n702b96f5dd08201,0.5034371952176518
n70303dc36b2bfa0,0.49932448497382326
n7048e235132e1f3,0.4991078548875056
n7050bb3f4f4e9bc,0.5002061202144501
n70547b53222b0af,0.49894826943480053
n70579d874990cc0,0.49600158193979116
n705d6a9e615b0a4,0.5038943221962074
n70604b31f1b4023,0.5017037046958084
n706a285b27b261f,0.5029414686971041
n706acd2d063008b,0.502490598927139
n708b2b1c06ee727,0.4996651543895844
n708e535957f384d,0.49545438334691877
n709d0a0473d3cde,0.5027471847883966
n70a5c6f14726d65,0.49685349288317965
n70abf41962de1e4,0.5015220267276812
n70b02020baeb0eb,0.5021820140659693
n70de736fccadac2,0.49599329496850275
n70ef83409181a82,0.5013293513458756
n70f19669f1c03e6,0.49972103069828055
n70f62dcebfa106f,0.49969329367154314
n71004e72d287053,0.5052128332628688
n710353b36daa1e0,0.4997483379585666
n71040c32540605d,0.5026446673861863
n7108a09ffbe691a,0.5024366297911926
n710ad86e94e0fc9,0.4955830663664652
n7110661416f0d3b,0.5050498741005296
n711260035beb81e,0.4963464698359756
n7119725b4f27dc5,0.5007620740778213
n711ebddd43510c9,0.5055216090506095
n71449014ab9d10b,0.5035477468511631
n7146eb76729817e,0.49905998664889495
n7149546aa72c535,0.49680309422643537
n715274cdb94cf3e,0.5008512076423502
n7159db6a545c60f,0.4966487762138944
n715e7603e2e79ed,0.49739760269008565
n715ece36103e909,0.4957585258072548
n71673a32ea53f1a,0.49625785782603565
n71715f556857471,0.49731401319985763
n7179e293c7143f2,0.5059683888022317
n717ff1adc140f98,0.5032472175331362
n7187fd29601add5,0.5022076874997659
n719326b7e277fa0,0.5059014945008665
n719a8f1403f94c2,0.4969077958421413
n719cc6ffa4a5951,0.49782314722605325
n71ad7fa23c2950c,0.5075657915210223
n71b03bc03f2af35,0.5052591710962847
n71b89f8d9e0e1a2,0.502448987473117
n71bd905bda3d2d1,0.49553207982681846
n71c5dc025fb13aa,0.4982379936850139
n71cf3c46c6d1970,0.5067656038020151
n71d02c88a29b46e,0.5086475514221652
n71d6eca6a4d0e29,0.5050789108498415
n71e474bc79f0a4b,0.5001677717583183
n71f60b97516f4a8,0.5028919132047347
n71fb250391e66f1,0.5032833820246315
n720f0e3ec1bfdb2,0.5016075152723065
n72113c53924c787,0.49984723688099175
n721e9b7171044f3,0.5086356668438233
n722093022b18c4d,0.501927770331087
n722c7dc096c652c,0.5041820909372323
n7231bc82414782b,0.5003718933833452
n72370758d017bbf,0.4960707418149932
n723dcee8e9e294c,0.4989191227956282
n7249538d424337a,0.49982912986519695
n724c4d2e3c0d5b3,0.5008995414604889
n724d9bf662123c3,0.502002410343797
n724fd97e323ba8b,0.5074784622299152
n72502651972f5ae,0.5003525171550626
n727943c1f2d4c34,0.49631545952117107
n727ac92caca8ba0,0.5005213386440511
n727bc62921194a8,0.49763471314064284
n727f116045ac5ef,0.5012447416447002
n72939da12da2ecc,0.49831172038558263
n7299a9aee50d6e2,0.4995063645049842
n729e066315e6c07,0.49995183454424985
n729f70b0aa24495,0.49396545461467134
n72ad97ac3f1e2de,0.5050735795551431
n72b1b9a8eff11a2,0.4929646541024601
n72cc19b5e40f6ff,0.49910398569394826
n72dc774f9b0651d,0.49882437533292967
n72dc83616088884,0.5027730433862441
n72e1080ec3bb0d2,0.4999220845288147
n72fba4181fc7cb2,0.4965140499275224
n7305a8a6587f321,0.5107965292557305
n730c35ff07a0473,0.5045743152287402
n7312a62e0e756c3,0.5049942089072754
n731425c966b1201,0.502377849263744
n73156d94548bb59,0.5009874869253298
n7327763ac5d0454,0.5044288663299592
n732c13037e2fa51,0.4991173630198335
n7338dceb321710c,0.4999642339456661
n7339c43bf7230e5,0.5040310296869298
n733b8010f699d40,0.5007046351268027
n733dc2fce20b612,0.503180387082364
n734c3fe893bb9ff,0.5001576423233983
n736cdc1c57040f8,0.4992213392983409
n73761dad0ba1712,0.5039682272792924
n7380aefe26d80c6,0.4984478388987867
n738d21507b8c36d,0.5029371229078005
n73a563bb226169f,0.501401223979891
n73b5df579f9489d,0.4996944470770896
n73c24ddd340e72c,0.49720657380314187
n73c2999d9a2ec11,0.502868907686308
n73d1dcac5ea2b1a,0.4942147139717903
n73d3e1b8047ca0c,0.4933251456260182
n73e81114c07566c,0.5005193267268627
n73eef33835a401e,0.5012182097736118
n73efd8e05867695,0.49871531593878277
n73f0386e82a1648,0.49815116876227283
n73f239aae70f3f5,0.4978791702001874
n73fd8982392c127,0.5020263754085974
n7417eb0252c4683,0.5035936564735592
n74270f0a6f29617,0.5027081043336733
n7427c2259b2c0f2,0.5006195396220828
n74410a95d5ac2ae,0.49617589189591493
n74412bcce977c97,0.499610057390387
n744e2bdef7eb5e8,0.5015463814473505
n745ab7197e6b935,0.49905383138663345
n74646dfac4f208f,0.4983775088112501
n74730821f198088,0.5012323095972542
n7478fd61016e95e,0.502610739728525
n74829edd74d0109,0.49597283810778464
n748bfcfcf642573,0.49907614994230654
n748d737795aacf9,0.5037858436136917
n748fc49e18a540c,0.49658506478187325
n749862cb2eae4c6,0.49843280115315824
n7499784aab0c445,0.49364981671458075
n74b26d380749287,0.5011192410983955
n74b6f3978baf29f,0.49341363766495894
n74c86d70640dde8,0.5000014077207603
n74e0e8c753db521,0.4997064597021218
n74efb0a064d780a,0.5045104239527609
n74f0df7a167d543,0.5014368908635806
n74fa22c51026c59,0.4996935997114246
n74fa8420a68712d,0.5053576460167107
n75008902f0c57e8,0.49727910143060566
n750519025adb529,0.499140123817203
n750faf3c944f07f,0.49926869008329766
n75220dba621eefc,0.501566749610712
n75268338a199f3f,0.49655889225173383
n7530341ad010f36,0.5070750796612409
n75463d89d128450,0.5059752685786824
n754cc37c55faa2a,0.506879024711497
n75520c345494761,0.5010460112004469
n7559608d47d5c7f,0.4977537257361256
n755f4db77f7badf,0.5125518580885939
n7597f2be1daa525,0.4960140970436547
n759ba46d9c131a0,0.49980479117532
n759cf5145f43078,0.5007633025682241
n75aae7cc31bcd80,0.49815142423037795
n75c214913680055,0.5040331180940637
n75d873dbb2a5577,0.4982640167977376
n75e6c296ac66480,0.5052985775881587
n75e7ec042d98f3b,0.5049034605478908
n75f177cda8c275f,0.5044810328715329
n75f489a0c752ddc,0.4942281085721194
n7605e763b83924f,0.49647933997332927
n762df89dad1c143,0.5010874970778298
n7632e501c5c27b5,0.49836932488510993
n763603b52867348,0.49990141193700904
n763ca7f6b068d4b,0.499981804235699
n765133bd611fa12,0.5016230555251205
n7657e42dfa8fe52,0.5017130762106662
n766aea502ed52e0,0.49556003922445163
n766d35aa67833be,0.5035880502430409
n7677a455a7a355b,0.4964835863978233
n768277a8ab9734b,0.5037835156419044
n7683b232d281402,0.5016859059562746
n7686f621f61152f,0.5043936326737339
n768a8eafecb85b3,0.5018270180740738
n76958e13c85edd8,0.50227590794029
n76ac470626dec7b,0.5068600871475225
n76b2fc3abb24b28,0.49934123090283494
n76ba420df3a7043,0.5023834388122571
n76bd27fa7055688,0.5029161727074598
n76bdb6b432abeff,0.4974405670612809
n76c4da88d5591e6,0.5024272760378767
n76d798801a266fb,0.4939613791147537
n76dd372927fe808,0.49632590545832206
n76dda154842b4e1,0.5012273465971567
n76e92ecef046f8e,0.5016543672682708
n76f8278910364ae,0.49847149451044864
n76f8acde628af09,0.4989107248863634
n76fc8446a8ce93b,0.49947250186413755
n771769d57396635,0.49669327854389494
n7717ea3bbabd374,0.5011834516553164
n77369793f0ad97a,0.49430458342553824
n774f068bb9b0a3e,0.49256011887083645
n777c86529171bfc,0.5070900761700975
n7792c14d457b3d6,0.5010103957654585
n779fa22d4882ee1,0.5009567602510336
n77a91c8993210b3,0.4993087125868139
n77b290a415cbc46,0.49626705270895144
n77baa26a99b2b7c,0.5061075679867376
n77c9e64c4a66295,0.4999092939031347
n77e322a39fb54d1,0.4981745884745815
n77ecfec31b2b878,0.49678502994153756
n77f004c45a0f5c5,0.4991487482818216
n77f751af29bc0df,0.5004621019941358
n77fb5b69c5edd2c,0.496453183444096
n77fec22cd37cc88,0.5035516619102063
n780041abb914fc4,0.5062590291135277
n7800b1d5a53fc9c,0.5000516381884366
n781a82a62a85c83,0.49576138075899223
n781b5edf2453df1,0.4972366315766563
n7825209e7e230e8,0.5024698110114239
n7826d1b288167eb,0.498179425745985
n784028464b9b95b,0.49587121839100856
n784cbbfc913b805,0.4950324703134278
n784f9869f651527,0.503264339460756
n7853747b41ea306,0.5094474961849539
n7867d08b706eadf,0.5021248677219928
n78695d7b710d6ff,0.49241095284609765
n786bc4d288e6bc1,0.4990095650994199
n7887f73d81b3f1f,0.49665169953967747
n7890165bcc979b0,0.49329979785040007
n78a0f36f910b2b7,0.49896114326743995
n78b228473108287,0.4919539301194577
n78b9fa09cb63df2,0.5020900627039602
n78c9ac615846879,0.5055876173499854
n78ce9be9cbcd687,0.4978205662895767
n78d44451c7cfaf3,0.4972447029981919
n78d76ecaeefe527,0.49961460490329657
n78dd02b8093d643,0.5006622711538053
n78e9625b28c6b25,0.4969220882785856
n78f38dde6c35efe,0.5031200358275891
n78fd415ba86cf45,0.49856008753541886
n7907f0633d00a00,0.5023749842124362
n790c50e3ca0f86a,0.4999225236798769
n7912453e861d41d,0.49878594534656323
n791df611c3f64d2,0.5000647958324551
n7923753b3b97698,0.5028245067683521
n7928c0a93777927,0.5029132079293201
n794ccc5c4e69e5c,0.4972492732157849
n795f4c3b04b3d92,0.5069894014517637
n796dcf47a7922e8,0.49404738975531315
n796df2037b68b64,0.5047754566861432
n7972b19a1abf762,0.5006083583869445
n79818cd5b8547c6,0.5013043621848023
n7982454717746ef,0.5015562160653408
n7986f2edfa9c1c2,0.5056030576491909
n798ad062226b933,0.5068816345997517
n798dd00dad96f0c,0.4916047960032552
n799e00202efcd08,0.5006368452631471
n79acdef3d6cf82a,0.5011057818385509
n79add8a355fd2dc,0.4999215212307853
n79c4c75a2335187,0.49601185727114455
n79c5acbdf142c0f,0.49794803650450786
n79c7a9b3ea3ee7e,0.5088449850199246
n79ca738a01c8881,0.5013982426845354
n79d5c486f090197,0.4978137141302272
n79f0d758b299aa8,0.49322183971495515
n79faac8fc0e2995,0.5014798158769805
n7a048b0963f8cd9,0.5000846480663698
n7a0f0daa67d0f84,0.5018560755979548
n7a22a99eb85b7f2,0.5034174334438345
n7a38e5de18ad753,0.5006408219149339
n7a40dbdc50d52a3,0.500031627799712
n7a472fccc4d58d0,0.4965042174397654
n7a4c2044c34e485,0.5013698735149041
n7a61fc2ce91b25f,0.49875178175045437
n7a6281cca77f090,0.5010689256862473
n7a640f7d6663609,0.4988815879092595
n7a74c386b3c2d88,0.5043906667068524
n7a75d74e7d16368,0.502610091917805
n7a8fdda7d4ec830,0.4932103251820537
n7a907398682455a,0.4933940359898144
n7a9fc7e1e8e7c21,0.5014277481227087
n7aa82a42f6147f6,0.5004302722578388
n7ab299a793cef7e,0.5074046305735346
n7ab5b0f8bef1b14,0.49516655547985255
n7ab5ee31eafed6f,0.4984964288179756
n7ab6f62dd24ba68,0.4959668532714066
n7ac0955648fdd9f,0.4972757837423691
n7ac8aa743b7469a,0.5040449561855126
n7ac9dc802dc7b09,0.50032189167219
n7acd6843a994ec2,0.5056136903934304
n7ae44d1ddcb3582,0.5002739788985365
n7ae9b6120957bb9,0.49858812345270387
n7aed4098b7c6b38,0.4946506957525014
n7b0fc938b258a33,0.49205055691510824
n7b16418eac60d53,0.4984519825586009
n7b1da731859317e,0.49873257735850907
n7b214838c3ae78a,0.506380608647269
n7b251c495935cf6,0.4986083581380369
n7b27773485a8270,0.4944319270179289
n7b3560cf6dcc7b5,0.49637765190622035
n7b3a0bc1bb83cd7,0.5019895074120768
n7b3a3f5b7c531c2,0.498045176641155
n7b4606f55a76280,0.4943464686535754
n7b481b19b3d17a1,0.501332166981619
n7b55f65645d75d2,0.504873771734551
n7b64819d513e50c,0.49516661579455873
n7b64d3f32c31c16,0.4942141515099377
n7b71bb0f75028e5,0.5067074199290853
n7b77ce574541df8,0.49916085907555285
n7b7ba696ffd9d7e,0.49856511725624364
n7b7d3b9243acaf4,0.5015859858701526
n7b7daf056e3667d,0.4998150723617836
n7b8494334d86a42,0.49866027981356903
n7b853444db71562,0.4985391049066363
n7b8774b2e4f7e04,0.4980835618510328
n7b8b09cc325d85e,0.49940127188651123
n7b99f825507ef0c,0.5027668808177158
n7b9f45986a96693,0.5049269980756423
n7ba168acff50743,0.5038665932070029
n7ba79da3afc77f3,0.5007688901555326
n7baaae5ee567c0c,0.5010045289495413
n7badd4671072713,0.5022655568031384
n7bbf7f209477651,0.500828248344143
n7bcaf74a8a7bb7a,0.5030927862056099
n7bce57bb9cfdabb,0.5011760307082497
n7bd5a42c06dc112,0.5008403868873741
n7bd692951a9ad47,0.49679368745417335
n7c005abf7e8fc67,0.49699805477816633
n7c0a946bf5a615a,0.5028756618926832
n7c0ad2703336b37,0.5001972569419877
n7c0c6f696aa5124,0.5060636231100737
n7c17ec2bc0b2479,0.5008033719751579
n7c1bffffec95218,0.5053606863904968
n7c1d6246c6188c5,0.4957091950237637
n7c1de264f55eff6,0.49734346538136887
n7c297fd9690b41d,0.5032326631750729
n7c34f57bc8f04f6,0.5014779478986386
n7c52ee9cf61a04c,0.5011931436352925
n7c5365d9e3669b9,0.5027836198005289
n7c538b101c3b18f,0.4996549875620791
n7c5eabcfd1bc288,0.5017755636815073
n7c799e54c1f6c02,0.4971088807631771
n7c7f61160a6bc66,0.5017539409618607
n7c8c1b3b91582ed,0.4944022646718573
n7c8de2f7ac831ba,0.49632076738849723
n7c91bb71c685f09,0.4992416161904571
n7c96b6883cfa929,0.4984349424978339
n7c9bd56b72384aa,0.49615631010099587
n7ca5d84a5acf267,0.5037215917953984
n7cc00a776a81eb8,0.49729315940720265
n7cc5fee1140bd52,0.5000812646186976
n7cca5e64289b33c,0.5032967184741765
n7cccbbce8f86bf3,0.49707707576163435
n7cd111d069fd2a4,0.5008144150627428
n7cd38cd985d2f99,0.5070336604111061
n7cd3979e98fd19b,0.5038531169807979
n7cddc35c51061fa,0.5048365208251157
n7cfa3c016dc4623,0.4960041495376888
n7cfbc29d3217358,0.4995047850056663
n7d04e5f0345f997,0.5001114459482895
n7d04fd4fcebd2c9,0.5014784118321163
n7d1969a13908b53,0.5054830645529174
n7d25d0a17bc8d34,0.4991539939187819
n7d28e0ffe5559e2,0.49458005612970274
n7d2d7f48bc4a25b,0.4977445671048329
n7d38ce3dbc44f92,0.49436084326341395
n7d53ac0721ab00b,0.5081598202869878
n7d59fa337f02937,0.5010712037004788
n7d5d0937e385311,0.497137873458244
n7d647e8c838081a,0.5019264358662026
n7d69a9dd706e36b,0.4983782253720192
n7d6f18d748eb2ce,0.5083492061835096
n7d70a2f9a9c1510,0.4987618435017701
n7d771b87bcf4ac7,0.49631175935056276
n7d85c6b1faf1f98,0.4995129741424708
n7d8b145d7675946,0.4945592325837954
n7d94a5312e9a5d0,0.5066500681689851
n7da2338c4bb1a5b,0.5010460036327621
n7dbd5338c3d4e9f,0.4997249713489943
n7dc009cbf546db6,0.493598565589987
n7dc8733751f5fec,0.5096341409487837
n7dd235cb46364ef,0.4963451236095983
n7de6f61d334a783,0.4991035016401814
n7df3807627ce15f,0.4980296655285934
n7df3fb70c3c6d81,0.5073246097980997
n7df4bf82a90e3bd,0.49827787268282697
n7df6fdf5e984558,0.4955117988285982
n7df74ad64d20ef9,0.5049197872869988
n7dfb4a5c2925c01,0.503555796241581
n7e0012b57630e5e,0.4972940354294117
n7e046143fdd7bc8,0.4998836171150164
n7e07a6207d05eea,0.499687649588756
n7e0ec919bb538ff,0.5134508544312625
n7e0fda4940c2e0d,0.49847401757628795
n7e1b338beb570c6,0.5065058400842946
n7e3507a013cb295,0.4968663413653623
n7e4573b4c9875b8,0.4962836506906256
n7e47cab88fa06b3,0.5038478592931547
n7e49115082c0f69,0.4998159495867585
n7e69a0592140971,0.500591779824377
n7e7f5ed820dd87d,0.5060613660410942
n7e817adf3e6a0df,0.49720495934972314
n7e8a28be3d25a1d,0.49898442591628916
n7e969d94041874b,0.5022027130115382
n7ea6257fa260f3c,0.4953856025007384
n7eaa9a4e7afe601,0.5027923342448566
n7ead7f03f4ec0e6,0.49126002671711766
n7ebade8dd56eb33,0.5094284997656947
n7ecac01f39c51dd,0.501579961095969
n7ecd0733e465cf0,0.5001760478542033
n7ece3020ebe0fb9,0.49556631921150157
n7ed1fc4349b0320,0.5017170614717582
n7ed2243712b1329,0.4980362793691265
n7ed626f4f4016a7,0.5023285599851652
n7ee5c2093f79168,0.5000394814405825
n7ef42512a16018f,0.49752442412258624
n7f002af04f27507,0.4980384412654426
n7f032d05c16e3b6,0.5016202429532304
n7f09a4cd2ead803,0.5002458475490458
n7f09d6b5bb5d02c,0.49836727003605463
n7f19a7580abaacc,0.49210705653484443
n7f225b32ffa0619,0.4992185922542786
n7f5301635ef2007,0.5008558855164782
n7f560283848c4ec,0.4913825746450632
n7f61994dd9beb6f,0.5023878239046404
n7f6edeead033a99,0.5028598084211794
n7f8384e682fcda3,0.49715667735253216
n7f86c9c5431a953,0.5005603810826371
n7f86ddf9fe7978e,0.4941842548605847
n7fa39b1a7ed1f43,0.5029847499874176
n7fb865cef619970,0.5045530148747571
n7fba794bb9ab045,0.5066354820799561
n7fbd1befbc87b36,0.5036222411994101
n7fc7c3766157d46,0.4959136091189841
n7fd3ca0960f7007,0.4986360805555175
n7fd999957a3c956,0.4965271891643383
n7fdfd6954c2609d,0.4983282340132979
n7fe80fd1badc791,0.5010253903129606
n8006ac3bcafbe97,0.49886793866602563
n803201016312617,0.5023884450922524
n803f3534a5cc29b,0.5056373848121345
n8044a2024ced1e2,0.4994178907464417
n8059f7cfd2f279f,0.49408826586953547
n805edad976c8578,0.5071797814328418
n8073dd6519e9ea6,0.4957674444251161
n80772bb17748231,0.49954381284778443
n807fe6c39777082,0.5005904682959994
n8082ee9e4bc79a8,0.4993120446921973
n8084b84aa869b87,0.5051137045909684
n80850f17488326b,0.493975010746494
n808b9abee03e3cc,0.4947467691026832
n80954b1971422d6,0.4977238654632036
n809f736ec8b39bf,0.49111935444359484
n80a0259091fc34d,0.5031231094014811
n80a0e86345aad4e,0.4955328261253567
n80b35792d04ec43,0.501916754652604
n80b68171904bb1a,0.49915605878177033
n80bab4e240212f0,0.5049339329874318
n80c26cc73cdfaa7,0.4961584163091906
n80da4716ec85971,0.49780671090921624
n80e2da00c6ee192,0.4952826899772655
n80e8966119dadce,0.5109684877167462
n80f57b776fdaa9a,0.4997406567734676
n80f5beb0d2c9349,0.49525927115179963
n80f82f5460317d6,0.49756978726336903
n80f8be6185ea30d,0.49998147130687554
n81007edd5ced934,0.4980535195529524
n8100dc1e04d0e98,0.4993127351983286
n8106132922f9158,0.49629513566336664
n811068810b11b39,0.4940371277254575
n8114838b0c7c2a7,0.5018232347238837
n81215f6cb4a6013,0.49770279390695
n81265df565fd625,0.4978528322001528
n812bbb912a1832b,0.4994677934680945
n8134ed1b7147add,0.4912468055525423
n813965fb8a6d01c,0.5010080799805843
n81455c9afd7f5e9,0.4992147904358981
n8154c7c76981522,0.5000237482246788
n815b2e5d17e2343,0.5001433125785789
n815df32a2b3c925,0.5031964286554594
n817672dea017cbf,0.4951450552391328
n818f2a2266c2b12,0.5019745496761449
n8194db4b13635a7,0.49692397335319305
n81a024a267bcc48,0.5012072399977013
n81a0dcbc72a42d2,0.5025666099023236
n81a2db254e31b31,0.5051769645545872
n81a6edc892ef41c,0.5020203529577588
n81a77a4fc3852d5,0.5044587756512494
n81b1a69c66c151a,0.5069005926115473
n81b4ec9533198bd,0.49649698629740285
n81b6364e25e0c9e,0.5034073258714394
n81b6ce7fcd978fe,0.49794235602305686
n81bf03b1a808d1d,0.5041510469606745
n81d2f81b7aa3a83,0.5023373300724024
n81dac22ba2c08c9,0.49573015765337347
n81ebf7ebd74284c,0.4963430197488302
n82007a6e5e248e0,0.501876154217228
n820345aac4cc20b,0.4967083583830801
n82108b4729502d1,0.49961660323726764
n8218b61b434e5c5,0.49679894287573423
n82192de63c22e36,0.5034231120433869
n82256020d094adb,0.5057799260402872
n8235e4757545e01,0.5033180015870123
n823a26c52bbb44d,0.4979733580684654
n82522a9beed839e,0.4921474013496902
n826894eefd5a1cf,0.49973758299904064
n826a35b226fd9b1,0.49735844575196825
n827860c733e2984,0.5023766953417704
n828f915115c03ea,0.500063674331075
n8294bc5d52857f1,0.5018640621524036
n8295416f0b82d15,0.49819928971167765
n82a3a7a7c3a53c2,0.504137062185392
n82a46d8d162b215,0.5013934149379565
n82bc659cc6643e6,0.49857112843269435
n82c8f8ca494962a,0.49243937388554204
n82c9ef61d63695e,0.49450894966762116
n82cb6ce7de3a3d0,0.4985950223180194
n82d73fec64c1285,0.4998849492861091
n82d7f6c68633900,0.49883559903452346
n82ef97dc2ae22dd,0.4965960133639239
n82f14fc80c4d836,0.5022647596692592
n8306627459f3ce5,0.4987396144467562
n830ff32289d64f9,0.49660872793342575
n83139b3d53dcd6f,0.49993148846459246
n8313cbcd298bf7d,0.5056875109627538
n831f185a055b2e7,0.4972867674940468
n83375fc77dcbf2c,0.49937412752229815
n833b6eedd28c1e9,0.5050926542758686
n8344a7e4e1fc8c2,0.4974640919683727
n8355029074edd01,0.49287709540372066
n835586ffac34cbc,0.4993330306166719
n8361e6d69b6f4d7,0.4969775295188599
n8365277e6b6a275,0.4953300382347607
n8365817378cf319,0.5041066352547291
n8376d3bff001fa6,0.5063827820032333
n8391f646264060c,0.4964287076679307
n839746670517aa9,0.4991197992098878
n83a13ae4b34c74b,0.5064872545797522
n83a37859ffb8390,0.5039160087322043
n83b168130ef3be4,0.4993871910285382
n83b3683bdbe793a,0.49937844222700783
n83b74e5b7d3408a,0.507012283806211
n83d71af1741b42f,0.5056203271931453
n83dd573916ecafd,0.5042388370886679
n83e78466edae536,0.49258492741926696
n83eee7bb26fbf19,0.49661331345478205
n83f7df88d8bb0e7,0.5069048769499331
n83f925e58425ef5,0.49487674961007405
n83fb1dbc801c3ab,0.5021878243651268
n83fba72119934bb,0.49422552667644254
n83ff9f0a62d0a6c,0.5013652369464066
n840fc3436a7dadd,0.5104025625467624
n841caf76e788571,0.49309322349261403
n842787d589296aa,0.5056954399822619
n8428e6001c52d5f,0.4996517444656596
n842bb2a67a5c78c,0.49869054974507715
n843ddaf8910d5bd,0.49222628013995495
n847de6cb25b95f7,0.49493022194296554
n847ecddd7fb3ef1,0.5023329361713548
n848068b5392996d,0.4941102893161987
n848297096a41e31,0.509232516371798
n84b6c905dce3e4f,0.49822291915334205
n84b82e50d7329f2,0.5074789953897668
n84ba78a7fed35de,0.49920233874394393
n84c577c7ff5f294,0.5014451654595978
n84c9cae6ee33613,0.5004226931821774
n84ede7b08167464,0.5029274495845604
n84f210cab92a21d,0.5010331720826081
n84fec1d475f7e20,0.501849324101619
n85082024082f11c,0.49736134141375693
n8515c64228abe6b,0.4952724457475619
n852615775ef8795,0.49794979537179956
n853374f19bd925a,0.4994703360392881
n8538794872ae58b,0.5013431261854031
n853b7f79852f3a6,0.4986136295854904
n8544b357760234b,0.5022933387600633
n8547fec723cc8dd,0.4997492862047735
n8555320cb7a239a,0.4972907095906631
n8572a7b4edf110c,0.49331593815618635
n8599cb78c71df27,0.5074046923136436
n85a63380f6cb754,0.503370646515114
n85ae042db671ad0,0.49994308513266167
n85b26556d51cf91,0.5012924373336326
n85b49dc3df05d8e,0.4957820820810624
n85d895b52b21768,0.49577564149889075
n85db0cf5dcae791,0.4957969454452371
n85e5f7ad8cefb3b,0.49829608700405537
n85efc6f90cac075,0.4964476861293626
n85f6f8fc821e576,0.49536501199747074
n85f86458e39101a,0.499894345288467
n85fd1c1ee5dc27b,0.5017434124760133
n860ebb67dcfe4e8,0.49839421304469195
n861ed3443bdb3d9,0.49762801697860937
n862f576fe1bb3bf,0.5013536912119478
n864172e3316cf7d,0.5072234065468113
n864a7048c014191,0.49817973077628425
n8653e860635e297,0.5000535111447034
n8659f323044dfd7,0.5022068324935809
n86609a84b8453b1,0.4971278761465276
n8666d6d41c1fc75,0.5014405168801398
n866c5b5f764360a,0.5019864674585113
n866ee58d7a8d60c,0.49981988460091514
n8674bcdeb01ab26,0.49708734725691045
n86753a7558170b0,0.5016311290594339
n8676b68d0074bf6,0.49427127126153647
n8677cedada5f0a8,0.5003032728450061
n867960c456c9f58,0.49497473984523566
n8683bc645d40beb,0.5046190383890982
n868ec50b47e0508,0.49924501842342384
n8695129723271eb,0.5038707674112697
n869644c28de28b0,0.5014941187956748
n86a58cc75eb8605,0.4997287172086851
n86ae6e3ddd96656,0.5027029953816926
n86c0b4c6c29efc0,0.4959675235920916
n86cae7ac1f73ee4,0.5030849807368104
n86d68c0992ce4c3,0.5065925632912707
n86d95cf799daf68,0.4993147677759356
n86eace639b13e5a,0.5031247157784693
n86f35e1dbf135a3,0.49938385439392613
n86f847b30b274a9,0.5006611332053613
n870da1c82ec5e85,0.5029198007511196
n871207d5f7dd6a7,0.500847684566137
n8712ca6e67416d6,0.49689909312161445
n8723215b938982d,0.49777757014144147
n872c9a1adda9abe,0.49754865143171473
n8739eb8aa5b25d8,0.4991165365852572
n873be650650bba4,0.4983456923516956
n8754b911b797082,0.4985841565960799
n8755f6311505d28,0.49765627281296704
n876220f6173aa50,0.5059420797255021
n87680e2aca5fe17,0.5044469928633714
n876995e9b19c22c,0.4977549965390115
n877ab5e03531898,0.5079290017652672
n877e4fd2f4b16a4,0.5014753158781662
n879082ecba607dd,0.5032781334353681
n87a7790630434cd,0.49604595594064177
n87ae11d63016a9b,0.5015190943087449
n87b19b9628c642b,0.4961386679960501
n87b8545262c62e6,0.4995950614671412
n87bdc968358e676,0.5047107696380209
n87c323b2896180d,0.5008781154685488
n87cafae78ad47f2,0.4928806169586321
n87daafd9b5514a5,0.5056797012205603
n87ecbfa185b5346,0.4970439587805043
n87f000e19761169,0.499142730773939
n87f47845b0ffc07,0.5052112520406203
n8801f7843b51399,0.5076823282090672
n8808ee74838f1d1,0.500696966631716
n88113d41919f957,0.5005028286025459
n884c946d472b23f,0.5004755056855366
n8851ca33ed72cad,0.49791823878532054
n885681ecc595ed2,0.5006126442822275
n885a0860683c620,0.5001481618478708
n885f7bcce020cfa,0.49791721369486847
n8868d987bdb0f70,0.49326839955322144
n886c2c6797677a8,0.49891521050414683
n88754c929450a87,0.5030475611607542
n887a26a3ed74cba,0.5044423667364373
n88aba3e0a4e8b76,0.4985598367666073
n88b66c7114f06c3,0.4900378260630201
n88b6da8491c3cbe,0.5026925840746923
n88c5721fd1fce3a,0.5086863010040538
n88c7734735980cd,0.4948791363637155
n88c8447a4cbc622,0.5023035226244584
n88cbfb54ab0d2c8,0.5068641090102876
n88d18803c3949f3,0.4944694230044858
n88d6d5211aebae8,0.5052466017626546
n88e122dbe4a5582,0.501433309608581
n88ef6fd2719b88e,0.5006006473513659
n88f5eed5693ba51,0.5015989424598524
n88f6e3bc2c07260,0.5007842816432444
n88f8fa5ac4efa5a,0.4985051050914816
n8902d4a1599095b,0.4990506978073113
n890da4d21ae940d,0.49980678369305936
n8912a2546d93f67,0.5030751632708393
n892830f5fad6493,0.4982253136536819
n892b4658640669d,0.5036525461448136
n89309dbf113d9aa,0.5106884986276511
n8949c42c55991e0,0.502556820555582
n894f4e001070c83,0.4966742147241749
n89594f05b343dae,0.49946708286466973
n8977bc801c04b68,0.5032182587377206
n8984358078bd349,0.4982110783916974
n898ca447c3d44b7,0.49600348576131276
n899094d6aad4557,0.5019171072349303
n8992818736c008d,0.5011400140363567
n899b295d7c4e1e3,0.5030347677097262
n89a208d115cff62,0.4984610005901319
n89a6db1f4ea343b,0.5071754259195895
n89a6f289cde5e1e,0.49821316764310214
n89b2916efc6d8f9,0.5002186696905545
n89b958a2807d5c7,0.4977675764238706
n89bcf654e9cdd16,0.49856718174182013
n89cb9788a05f453,0.500150438020962
n89e03fc6b24a225,0.5063245770859768
n89e5b17a35484fd,0.505435592139885
n89fd5c88be6db3b,0.49694690411690906
n89fe19ce3a4c9fa,0.5001041473678597
n8a028ac1c016d81,0.49710493165375264
n8a1846218e8f7e9,0.49633844482344797
n8a2bc7218618970,0.5005296165550962
n8a36e3fb529b373,0.4993505679513074
n8a42af8fc9bc896,0.49513792821397723
n8a42c3036e94dcc,0.4950738045289622
n8a4576ef2b5b990,0.4972759441990436
n8a4d69bce34e8d0,0.49896985223945833
n8a50f401133194a,0.49283675772592367
n8a6b0c527958681,0.5062732452285276
n8a7b1dc66c65a13,0.505632890344975
n8a85e8de24b0ab0,0.49717841678297353
n8a92c7578ecf025,0.4984120730307377
n8a931ec17671ffa,0.49911807953538506
n8a9cec5de762317,0.49774144602896625
n8a9e004991a5196,0.49520226417385393
n8ab6a7c097cdbee,0.494447744462671
n8ac8e47a23d3839,0.4996775278467724
n8acca4bd71abf2d,0.5044068990627503
n8ad430b25b097ea,0.5005185094368682
n8aff2ca2133eead,0.498488202934803
n8b0736949e076ef,0.5016183282480398
n8b0f06fa265f86d,0.49700036142640874
n8b1eb4c46812a20,0.49739402456740117
n8b1f5cec167265c,0.49992570621159843
n8b2a22983003d48,0.4976711420043379
n8b2cabc8cf1966c,0.4989259870552193
n8b3752dcd3ab2bf,0.5005220496422541
n8b3ae09bb5447b1,0.4969831244781349
n8b4182c0a4d43d6,0.500966119764133
n8b4355b07cf346b,0.49468807876187815
n8b496910d98e474,0.4976689547345305
n8b53af33a0af274,0.4984233604234299
n8b612ca9adbe782,0.5050007634241729
n8b66060b57f276e,0.5023678973926867
n8b69f6b1272722d,0.49879799523480517
n8b70e438f2cb00e,0.4967650640855887
n8b79190ac71da76,0.49988102016669245
n8b8758e1ef67c11,0.504227844953635
n8b8c5614310a553,0.4983624984449324
n8b9c0b63cf6c8aa,0.49820424157738724
n8b9f6f090bee6f1,0.5127822036756643
n8ba6b4af7aaf9b3,0.4991194887339817
n8ba906833fcd9e1,0.4990201408339131
n8baed447ef933cf,0.49412137192039934
n8bec0463766caa0,0.5004683320410006
n8bf495ab8ad4083,0.500260603042649
n8c035f089936a8a,0.4977279012888834
n8c070f75d21e18f,0.5002277456938373
n8c0ec38701afe79,0.5062724534641859
n8c11274f1eae9b9,0.5035991416563735
n8c1ef7ba0761a5d,0.49800216904342537
n8c2023bc7acce88,0.49257420195146107
n8c2d36238fe5130,0.4950239133650854
n8c32ae08bc435fe,0.4981166881989237
n8c33fb0737dc3cd,0.49421373379700834
n8c34081df52ec49,0.5005209498791866
n8c3e08c009352e3,0.4945359988053053
n8c3fd43bb331d1b,0.5066739015922948
n8c4079821f882a6,0.5009625071360767
n8c452b9cf014f3a,0.5020355933188041
n8c47b80d8cde007,0.5064927254936553
n8c5fc3f2a1948bc,0.5030072788850278
n8c69f2525f3f50f,0.5033629940575045
n8c70e2940a50f00,0.5056101347238229
n8c7266c8ea1245d,0.5072099806076248
n8c81ba2e9c1d9e5,0.4950697510949135
n8c9b2f7ee1c184d,0.5034413495665031
n8ca18f763884cc0,0.5052502772636424
n8ca51df2aee617c,0.49749189168610203
n8caa7d3fd07d43b,0.4989825586973402
n8cac2c173f7e01d,0.504011613520992
n8cb919c4201a02c,0.5021072430536507
n8ccb86c6aec88da,0.4982243318474071
n8cce94c06ed6bf9,0.501906322209062
n8cdbb59d061c899,0.49676393621731535
n8cedb42cf0dee79,0.5055427803235996
n8cf069d8d63dd44,0.5039202773406061
n8cf24e0c9f317e5,0.5000971391647276
n8d05de8383dea6d,0.5000636763032372
n8d0d9b1cc13e73a,0.5019647160839477
n8d0def093294eab,0.5011649004726106
n8d15e7d3b4388e6,0.49610152509407623
n8d16afe893a5a84,0.5004514069450522
n8d1dee7f7734123,0.4985641997852332
n8d21fb5ea327563,0.501850218567417
n8d3acd6edb638f7,0.5026190931065933
n8d4505dbf8b82ce,0.4973048429299451
n8d56bc16e035f5b,0.49876504964670304
n8d8f06c8114b61e,0.4983164996382369
n8d90f6f37a0e0a7,0.497418720043687
n8d9115a490d7c3f,0.5014072438280641
n8d97071fe0422bf,0.4998464442672236
n8d9e904db461c84,0.49836764696251273
n8da12ce2d05b2da,0.49659993970490807
n8da14a7766d713b,0.5014868834730775
n8db7d3983825b3a,0.49892008557873957
n8dbedc892e4bbef,0.5007537481979312
n8dc3ed2ddea1617,0.49777000956668915
n8dcc861e10b54a1,0.49927718255141523
n8dd5c8271f13629,0.4953236678868926
n8deee5282164a7a,0.5060015884770185
n8e24d0f61422551,0.5033816297158445
n8e3457e0ba414de,0.49946456192180483
n8e37f515cc85439,0.505322363973929
n8e3f3af90f067bd,0.5005048927670236
n8e3ff6c0279cc98,0.5053546888773596
n8e5e295044b1ba3,0.4999682838649627
n8e670bb4df8e07f,0.5039113125517062
n8e88966ee95db7a,0.5055950002038193
n8e9330cba4a6923,0.5014045880315012
n8eaa0890558dd3d,0.49608330327929817
n8eba89f52126db6,0.4936269668600813
n8ecf320fb218ac0,0.4926224520381134
n8ed18a270a5bcd4,0.5027683343284369
n8edaffe0c96a228,0.5027118355668709
n8ef02e26aedc62d,0.49996745398824566
n8ef3298d2c025e1,0.4965649788035236
n8efbd7ad914b97d,0.5078866345122571
n8f00e2c1248671b,0.4975890894498824
n8f037b86f8c68c6,0.49605993402275533
n8f0f2c61df3c3b9,0.4941763865246242
n8f14338b5d22376,0.4975616476074112
n8f1692b9aeafc32,0.49797107286076675
n8f41ad5d4707793,0.5022562590183244
n8f4469f7a270171,0.5022658178699415
n8f49815b6d0a0e6,0.5008213516043029
n8f5206adbe2c013,0.5015795457654993
n8f55025cb3375fc,0.5102347335288673
n8f5912689d79e21,0.4991056652306363
n8f5fe944380ecd9,0.4975244006381732
n8f63f16d4b14bb0,0.49802647619256657
n8f702b8398f6a47,0.5084894431411944
n8f70c5e74e6bf57,0.49794231075973205
n8f75b173978d278,0.49898736966408314
n8f7b6faa2041ca1,0.5016725336138006
n8f7e124298e0387,0.501635420945301
n8f8734409069514,0.49924664308529343
n8f8ee8560acddba,0.5010566090594606
n8f9c529bb2f6c24,0.5000979112100451
n8fa46c937642409,0.5024079195272503
n8fa739d1c193875,0.5051270494541125
n8fb62197399d91e,0.4939795268547621
n8fb7f85679cc378,0.4999138287986944
n8fb9c59c970da0d,0.5018924577876159
n8fbf969f825c2ce,0.49736940642677413
n8fcaa574bb1aafa,0.49770922914245735
n8fcd604f23838f0,0.4980418073879427
n8fd0e628dbe4e02,0.49728639813516307
n8fd8805a3660caf,0.4987945623553498
n8fe7f06cbd3d5ff,0.4977683957763378
n8ff9eac17bba23c,0.5034005414075435
n8ffaae1b55f0e8a,0.5035505671013677
n8ffd36765974914,0.502003242209013
n8ffdf7e70d1fbe4,0.49847392912597915
n90057b87ac69e95,0.5064003190345809
n90073c92b1f5530,0.4963255574978973
n90093b810653258,0.5068100431563552
n90100fab7e843e7,0.49731022358685606
n90151ee0d22173a,0.5007522870357012
n9017bcf31b3edfe,0.5065758897013253
n901d348cc6fc97d,0.49662906191685735
n90204dcd01714b7,0.4989376465405908
n9029532f4688133,0.5006329298061964
n902bf6fb2162eee,0.4958163279959851
n902d9b995c6b8c5,0.4998566707566072
n9045f93f447be55,0.5029138468762053
n9046393cbe65cd3,0.5030776593036679
n904b5b219d5a6ac,0.49856653626293407
n904c83a8adf9364,0.5014152031446973
n904ecbd78977dce,0.4982731094634815
n9062a69d418a9df,0.5090829637368679
n9078ef28ae0fc44,0.4997937517816906
n90839d78a8ecbb1,0.501294441466332
n90872256bbfecfe,0.4990498373090988
n90a5f8c429697ff,0.49921950702781576
n90acd2095fccbe0,0.4933387585289107
n90b2b493e92bb69,0.5010593451238284
n90b3429636cc1e2,0.4935683350775438
n90b69fa38434e81,0.5026664103436049
n90c12806f15d0b5,0.5015441498120723
n90c8909ea4d5196,0.49934471660906354
n90d54784529353e,0.4966414264104185
n90de90961f74c7a,0.4989502316149402
n90eb2c8ddfde1de,0.5038166049445306
n90fb345850183dc,0.49796454038542187
n910281d8042d1ee,0.5013404066050142
n910495fd664002e,0.5025106983902391
n910e6cc09a5e4e5,0.4972040585576987
n9125a9c8f1f5f87,0.5005521901257333
n9127fe9fb947c57,0.5039019457298236
n912a00112fe619c,0.4982554226576012
n91360256bacf891,0.48845162310213336
n9137ccc31b21c8f,0.4982820460959227
n9161429cd6bf82b,0.498586754788187
n91659cfecd5a2cc,0.500238939956457
n916887233c16dfe,0.49829840787476604
n9168947e0953c31,0.5031700142585814
n91709cf3bd9d87b,0.4992653707157356
n917e46f57d8efd7,0.49697259820637213
n918e32a910128d1,0.5012369365493013
n918f300876b7b00,0.4940942017607694
n91a1f13dede2eaa,0.4981079556792021
n91a81955a6ba20e,0.49589756843619254
n91ba4abe5008453,0.4994702126468447
n91c86143c27c467,0.5023289718033831
n91ced5bf75c8fab,0.5012472362431099
n91d0c5984ec835d,0.5019096121019152
n91d33b0ca9844c7,0.5081747709536412
n91d3c015f436498,0.49728382839737006
n91dd8d652d7226c,0.4978262899811695
n91e4f694a3e36f7,0.49955317139646205
n91e80075fdba8dd,0.49827811560746627
n91f3be1581ecf76,0.49428468307888396
n91f490775bb7a0d,0.5044296355232315
n91fdbdc8bec94d1,0.5000768594092911
n920048ac8540370,0.4953017181233849
n92041e5788b7744,0.5018378479379272
n92142deb2f0458e,0.49664546708461216
n9215ac432a141f9,0.5036756494152164
n921c438f200a409,0.5038398343986146
n9225f046fc4c351,0.49234127306268605
n9227252b83c4640,0.5091265263444495
n9236490254940ef,0.5005945057460702
n9237ce9de2871d4,0.499896051878711
n923bae7bfc04795,0.5036660598842893
n923c0437dee2670,0.4994134865274291
n92437440faf8563,0.49922436041282076
n92475d9268dd44c,0.5026127150823976
n9260b096f9a8e9c,0.4997621919804911
n92613c68d9fefaa,0.501455095874838
n926d2ab83667095,0.4987501983598929
n926d4555859c542,0.49920891028895
n926d47f97dd082c,0.49958177223795214
n92700abec71aa01,0.5086663641738673
n927293a87e89007,0.49913263851386735
n92769415a824369,0.4979735310577481
n92775ac06967d64,0.5069326730408442
n928175ea9f35e66,0.5020652442579275
n928fc9d71c7b44a,0.4925200541204075
n92915318e1671be,0.5044938829666306
n929721ddc63df53,0.49602737050577334
n92a4effdeb4cf8b,0.49437354656822347
n92c2d821eaf2f9a,0.5000511199105682
n92d1c26696bfc39,0.4934140140397095
n92d441898c4148e,0.4968388191918121
n92d9075270d2f08,0.4963579167492117
n92da0c9d495b0a3,0.5020372431908889
n92dd04b6c5a5f04,0.4981787160275284
n92e93b9148ff01a,0.5083435195715736
n92ef9cba4d1edb8,0.5032669154998195
n92f74468c7294e2,0.49551374326796405
n92fb5c5fb751271,0.5101328564000653
n92fc91e1ae357c9,0.49482099441778676
n930702a076d0ee3,0.5057600170986885
n930b2e2077c17c7,0.4971461069938969
n9315f28219ea76c,0.4979220217239347
n93256919de10046,0.5067271502080728
n933d4fa170d99b8,0.4996491199480302
n934349e29c1c3c0,0.5049829444672483
n9349302304d9207,0.5027349502887684
n9358ed99340b9a6,0.5014966087083348
n936e026a560eeb0,0.4963321330681993
n9378fd3add33859,0.4997857624792851
n9386c79c037cc71,0.4960595800469897
n93a084778434111,0.493124455642826
n93b93dce7488c3a,0.5015559180813092
n93c8ddba28906b7,0.5014614441917876
n93d749e904305cd,0.5035343889124188
n93e6c7875d493d0,0.49560487205743503
n93eb6b078dc27e0,0.49963694904825123
n93f78cc76637aff,0.5055734190192847
n93fdbd8e2688550,0.5035494919185693
n940d8d69019ae0b,0.5046228081631663
n9413fe99f1fabaf,0.49653277695709575
n9414913d98ae4d2,0.5050518061654116
n9414de8e6cd30ed,0.5014848449678794
n943ec0100b59d4d,0.5002757175458914
n944123e07a76c07,0.5016157766959856
n944f832427ecddd,0.5028417613177367
n944fb19357412a9,0.5021696753471104
n944fca4199b69ac,0.4984081424317242
n9457a6486207e5c,0.5091498039027741
n9458cd668ca3d42,0.490878660248354
n945ffa314b65c80,0.5086931452300981
n9463b30ee8e7e8b,0.5022725096343161
n94703dcf151d6e9,0.49172401989993375
n9478610a0af60f0,0.4980331016424239
n947ec97536695a5,0.4994419183459269
n948264e6b7e64ce,0.49909618390383675
n948c999c2e6144a,0.5060982083169646
n948cb0f56c69817,0.49806831561114173
n948ee9998e2a8c8,0.49871924417291624
n949976469032b8e,0.5061815433955104
n949b83f5390fb72,0.500299452224791
n94a072ee3017b90,0.5037706963803406
n94a1532657be360,0.49520389335611875
n94a4ab47725597c,0.49497078250119964
n94aa1ac7f3b081c,0.5042424742660228
n94aa90e226a12a0,0.5020310659240088
n94af3fc05e97946,0.5078674894178014
n94b75ac7584a72f,0.5005444207949308
n94ce365adeccc75,0.501313967366718
n94d2426684c20f3,0.49090122484661136
n94db81e87176c68,0.4977742947072226
n94dca5d20a86516,0.513463395550175
n94ea90a3a7f254a,0.49929169366074544
n94ebe936472611b,0.4995742441751923
n94f447f49f16e32,0.493746672330747
n9510d43c185b348,0.5017837680166485
n9531e73f64d5388,0.5042083417647424
n953a487b0f0b896,0.5020828697500876
n954c77d4d1007f4,0.5010461346921266
n95537e5aea96dd3,0.5063257415882557
n955534494242552,0.49874471327183706
n955c1e0f6c0624a,0.4984883288818505
n955d5207541d38e,0.4991095796638143
n955ef5127a1115b,0.5026496322095022
n956712448a03927,0.5095116513983087
n957af6ce3622026,0.4988138990125428
n957d1745fc6c038,0.49653555618667666
n95803785976a7f3,0.499013034949689
n9583290db80da3f,0.4985369873893371
n9586515d39765cc,0.4923452937128501
n9596bead7f94619,0.5041677202235457
n95a6b91b56c3be6,0.5101526484051214
n95a966dc378be86,0.5071454396785736
n95acfe3b83f3e3b,0.5015526091409022
n95b15d9e6958c62,0.493626979347675
n95b4cf17e9c8c88,0.4966720897474744
n95b69fa0329a5f6,0.4959521941032269
n95d20fa240e2e88,0.5045478971467695
n95df2da0f14d8c5,0.494900617033719
n95e607e5a37ffa7,0.5057069629290659
n95eb6f22743a7d1,0.4991131182456717
n95f47d64bab332c,0.49913556419442606
n95fa6b07e87f69f,0.4975577481208726
n960fc0a13414dd8,0.5035775898313217
n9614f7c0ef0415e,0.501528757152302
n9620a5b3701d9b8,0.495580648431335
n963edbbbe0d3915,0.5045655343519133
n964aa11e735b489,0.4961250709770344
n964ea09eb7d9b8e,0.496645839163079
n965f7b2665df608,0.5060444715657992
n9662d1e2ab20be6,0.502817000052871
n966691e91604577,0.49564631666253495
n968528505b5b99f,0.4992297950807643
n9685e31a5b3fa8d,0.5013774928558672
n9695d10cdd47d1e,0.509101565501429
n969cd6bc31ebb8f,0.5024542400313355
n96ae9f9f249fa48,0.4945471039410786
n96b04cefc4e04ac,0.4964699233385439
n96b2d3c96b2e7ac,0.4988928697537868
n96bd737947d4e39,0.5048368822080788
n96be55bb9d97c27,0.49978082879952157
n96c4cb48b6496a8,0.49926120193726053
n96cc569bdbe8628,0.4944201906015628
n96ccaa22b4f7d26,0.5002499339372195
n96d238181fe8500,0.4956565645036678
n96e1f298f9c085e,0.498379228586973
n96ede4e2c0253ba,0.4984463623670092
n96efc0d2deb8ba6,0.5003660900006769
n96f47b18de2de42,0.4985128354722218
n9703a3143069325,0.4966177514829084
n970aa52e3e6bfb3,0.5035386184617552
n97118f9357c29a2,0.49916647883636794
n9714b12bdc4df56,0.4975775880355737
n97191d54240e084,0.492069553291914
n972bf6346ff362c,0.49935496687236713
n9736c475f7b6e97,0.4972203229626474
n97501726677968c,0.4976123109395326
n975d8e55b2514f9,0.5045736195359874
n9773d2be10787a7,0.5060247719297933
n978d73c7de06629,0.5028024204036284
n979028e183b2107,0.5020708943209083
n97a08cddf3b1d54,0.5001696035196995
n97d082b98d4837d,0.49836476212555864
n97d32b437cddf50,0.5038719056364476
n97d3a7c9d582dff,0.5003589006470317
n97e11d81e8dd0f1,0.5023364833337615
n97f2a89f6e42e6c,0.4959921965652058
n9802ec63000fecd,0.4984674006390636
n9804cad10cc4f35,0.5054048500952381
n98054a75910be28,0.49754256524386087
n980cd2e873130c3,0.5017084645127879
n980dc67449216e8,0.5077535307607253
n98100baecf46991,0.5020286769908043
n98184cb6891ebdc,0.49938916620273743
n981cbf6d8ab4370,0.4976343027373149
n98232f66c911ce4,0.5056513587692856
n9828e9f3a3e1c8b,0.4975547289220261
n9830dfaf55d891a,0.5026189287337316
n984505b98eb7aaf,0.4974167094113514
n9852e2a9b1008e9,0.5090654507574586
n985562ad3a59556,0.5043361025063264
n98576d454c92194,0.5029930661907183
n985db0467dba4d8,0.5020805224013878
n98635779787eefe,0.5089915587970446
n98651416fbff721,0.496619014660765
n9875edd0dc583a1,0.5046602760235911
n987981dfc5e9c86,0.49580540349979235
n987e48644df89b1,0.49933313858560063
n98802c613c47799,0.4958172856067098
n98859cff5995aae,0.4988427286493116
n98983be415e8d7d,0.4952861652024514
n98b8727658b01f8,0.49878886650092763
n98c70521fb0a590,0.5005765922902745
n98ca4e3ef528cd8,0.5055900034303108
n98e1aae7c2ee105,0.49962328442184767
n98e27be18db6f25,0.49825291406003736
n98e383c9668f698,0.49775149218486797
n98e565321751cc2,0.5011238671420617
n98feaeaa439801e,0.4969580356107346
n99089f2d153064f,0.49548040697595674
n99196a2bce81943,0.4973575157361484
n992425c9b758d33,0.49343888968383653
n992eb17e37d102e,0.5007581356355325
n99321f5c47d5452,0.50355296078581
n99356add6d463a6,0.49861331872825604
n99474a9c61fd03e,0.5014390332958013
n994ba8301c84f06,0.49881496903092676
n9955b0b3e3be742,0.49701079862243847
n996384e540c4446,0.5001709446444838
n996ff87f232e0a7,0.5000968413034437
n997a6e66489948e,0.49861155089098214
n99805fefde2b041,0.5028006986585372
n9981fe611865c22,0.49759555580204395
n99ac443447cecf3,0.501074249324166
n99af71067b6d130,0.4949751002779413
n99b1edca6e8e559,0.5008249667764966
n99bc6a822047274,0.49440915943162844
n99da7be5b27ba49,0.498170161364596
n99dd72498047218,0.4998658798315748
n99e3f4f9c01accd,0.5040534865848004
n99e634c145a5cae,0.49614602071477454
n99f07c75b5ccce3,0.4976902113896646
n9a0f31d9d4fb049,0.5046235793941505
n9a1a895ded42497,0.49939991885196144
n9a1dddd8795c422,0.5008471162582943
n9a1e1e277d9238e,0.49815655703303546
n9a23809819ddeb9,0.5066323767964849
n9a3c8302b4c0b39,0.49598684498228185
n9a3fc5bee9c6382,0.4997860906645582
n9a54846f1723a58,0.503922722507112
n9a56916559b37cb,0.5033458931003324
n9a5a76fbbe8ffb0,0.5013853651237943
n9a5c85880c35deb,0.49812647954492395
n9a736d30023eb3b,0.4939545223917226
n9a767e4c90d07a4,0.5047644768693136
n9a8d2172066972d,0.49841009448376794
n9a8d22779e4dfe6,0.5043317338203273
n9a8dfae09d25211,0.4991588561688999
n9a9e2c48f02079c,0.4996750120446246
n9aa5b8a5e44a35b,0.49623457484723055
n9ab4b0d7adcf189,0.5039178115304968
n9ab9c85d6093c53,0.49790668476524425
n9ae1d87d387ef6b,0.4991529590118458
n9aea6662e69d104,0.4986376855941621
n9b035bc0420dda6,0.4976113088971764
n9b03e968961c382,0.507205679196967
n9b0ab96e3dfa71e,0.5035653478889082
n9b1689d7596200d,0.5068636104754481
n9b288a0522a4b1f,0.49478445908333996
n9b3126e47b949db,0.503858750573028
n9b38f7aefce6343,0.49939892016610465
n9b3afe2c61b262a,0.5027231776778924
n9b43d9e4fcbc53a,0.5059840281174237
n9b45780b52a35d8,0.4967904893428684
n9b4679a41540b39,0.5016047465576638
n9b4885f1a3f931d,0.500605124958653
n9b4b1773666a5af,0.5019236666511835
n9b4e5d156e7d48e,0.49575709212881097
n9b60e796507c0b6,0.4992968258010264
n9b63ffb743fafbf,0.4985616634732811
n9b658a8a12d59a1,0.5011286888371066
n9b6e449a539dec5,0.5011472757525214
n9b6ee9d6cfd9ff3,0.5039852567224972
n9b6f069a00ba737,0.4947978051767084
n9b6f7751f0a909b,0.49575665427411425
n9b8faaf09f292cf,0.5026265396992986
n9b9f891d08ae75a,0.5010985825004538
n9ba9b5aae7f28f4,0.5043380124481593
n9baf7114edc1ddb,0.49931246836185533
n9bbfd2eb985e567,0.5072321296977313
n9bdd535f799cc7a,0.5050239380399308
n9be22b46c4943bb,0.5079957554551702
n9bfaf0a4863a5b0,0.5044205476624761
n9c0214103650d5d,0.5050190087524
n9c02ca5d8f6c147,0.5026441220060742
n9c0faee95059834,0.4938243315661664
n9c148f0b4324d71,0.4976199163679132
n9c220c595f7b41a,0.5011465081663565
n9c24cd243764a0e,0.4997914044965017
n9c35dfb2634561d,0.49614526941014664
n9c3e2d2459d2f12,0.49531751233420906
n9c460356880d545,0.5070652595653484
n9c4b3d47392366a,0.5012672176334191
n9c59e0d1c2994da,0.5005279502553526
n9c5b8adfe43fec2,0.49865492084621915
n9c5dda7ccad97e4,0.5015039940854968
n9c6ab87590a4a2b,0.49945204405540833
n9c6f168a7091ce1,0.4989069185152618
n9c6f21b679056f8,0.49563059801593634
n9c73a8f07823a5b,0.49960367491395413
n9c76a94587e09de,0.5062185990039325
n9c8dcd58ca65ee4,0.5041743434275859
n9c92ca011d4229a,0.5025811869165373
n9c9d1ac674227d1,0.49718838574213
n9cae6f4a40658e7,0.5008676089241645
n9cc394018bc9b2d,0.49280045372135733
n9cc3fdad5554fd3,0.5076674606432048
n9ccf8c18065e19a,0.507542754221734
n9cd1d3670ba2515,0.5036092951822762
n9ce53c83c71e104,0.5000998209303888
n9ce6486f948f47b,0.506686293275767
n9cf560d33d92305,0.49665719621709653
n9cf691aa11a129e,0.4970743734526044
n9d039e33c4e81bb,0.5037870054596719
n9d096292bb752ac,0.5060377192109996
n9d0fb6a155a31fc,0.4978999082758474
n9d1d51b8f92122f,0.5105234981737692
n9d1e44934e4f6e2,0.4945409941007556
n9d2c40f3137706c,0.5034760055271631
n9d40d77071fc761,0.49312245168424024
n9d4223bbbb0fa7c,0.5012163872932995
n9d428ec16516677,0.4992949650948958
n9d485d08af07596,0.5007677919213165
n9d4ace5b49d28d7,0.50518172960654
n9d5609468d61420,0.4994620420296884
n9d564822e4e0bf2,0.5163219245652704
n9d57d55edce2ced,0.5057590420231162
n9d61c0d6f0381c4,0.5076705590101942
n9d6ba5352924b3b,0.5023980627290716
n9d6d6ab4bed4420,0.49922249063607127
n9d72ca30fda393b,0.5046797251635242
n9d7675b5a07c624,0.501036110823141
n9d8623f7aea9b83,0.5068322597712106
n9d89a9537100933,0.49882945191217726
n9d8f3f5a3fc5f05,0.5016461551914646
n9d915f57a0a16d2,0.49953151585900807
n9d91f8a05096553,0.4994021661697853
n9d941bf96ed220a,0.500809663153887
n9d98c5b667ae58b,0.4995184131417404
n9d9992cfb60e6ea,0.4963256536394365
n9d9b49c1014c332,0.5034001513361585
n9db5eb023c52ba3,0.49973902469084064
n9dbbada2feadcdf,0.5026466648648317
n9dbfd3cc8828784,0.5053016473925015
n9dc4e78b157ad8a,0.49641409809942927
n9dcc5f9324c5f84,0.5032945102398072
n9dcdf2116c3752a,0.4987036673121331
n9dcf9fa2c31165f,0.4979718118922121
n9dd68f9bb42fe70,0.4955269024120197
n9de0532580614c9,0.4966816906488222
n9de1bdf3c3623a4,0.5021313350510088
n9df69e8e4048ee4,0.49139240383787647
n9e0352817332873,0.5052018987230183
n9e0bf276624d7f6,0.49674586606308124
n9e0c350568edd27,0.5049256167690914
n9e243995268a1ec,0.5001693714507919
n9e28ea688b38fa2,0.496983756701683
n9e310f03a1855d4,0.5005079108782259
n9e469d6cc94f172,0.4952344004302887
n9e50e3b97e2448c,0.5038567563324572
n9e584226cae0578,0.4981144554279149
n9e6430a8b6894a6,0.49464973894221065
n9e76816b177aa0f,0.4996684302961637
n9e8848040e3fcab,0.4976275476584572
n9e88914cd3f56b5,0.5007564646767036
n9e8a06c36361914,0.49900801793582933
n9e9519c1d78aa7e,0.5011342854575302
n9ea0f0e371a5ee3,0.5003526205949422
n9eb80d9b16bbe4b,0.5013311666243329
n9ed787f20360599,0.49752477669338785
n9edc2d8d1d6f58f,0.4973345256451301
n9ee64a458822455,0.49948114926342163
n9ee69cf53db727b,0.5071432252739015
n9eed919cea773bd,0.49997707593921153
n9ef5704a5f6e117,0.5028471813189133
n9f07f203551486f,0.49498926117138337
n9f0dd346f11a78a,0.49705079921462453
n9f0f3db56dfcc80,0.5031426723762218
n9f1eb89eedd6ff8,0.49860230227186536
n9f2a580459f7919,0.49963068427346136
n9f3783893c5eb73,0.49616855033607465
n9f391e99b4208b8,0.49922324507995103
n9f3970eb49767b1,0.4967793064131131
n9f3c4402654d652,0.49905226252062773
n9f3fe7d13c846c3,0.4994511921631512
n9f416830a687dd5,0.4980011331037364
n9f4f4c42bcaddf4,0.4907141234973975
n9f52942b849e28d,0.503252813089797
n9f53057e47fce76,0.5058031123598955
n9f58359db7aac72,0.49662306515642457
n9f5b06381240ce3,0.5068244562017126
n9f5ced46f48bae9,0.4958562528834579
n9f68275da85d04b,0.5019029656176862
n9f6bcdabe9d9547,0.49723620646268574
n9f6d6d3e98f8359,0.5055366578910825
n9f72fb1dc80b155,0.4994683248588295
n9f8b6c8c099621d,0.49904376757626134
n9f94f800cbbc250,0.4948642001695377
n9f9c8866e31bbcd,0.5012343665784486
n9fb42c65adc8a57,0.5008264472448586
n9fb7a221daa6963,0.4953766180147938
n9fba5e8855e127d,0.4954340584012115
n9fbce0c13024cd5,0.49676110246305566
n9fc9c33a6218882,0.5061111833329908
n9fd3f60e22c0831,0.49825306448932855
n9fe4467ca11b712,0.5009403116082365
n9ff4e43cc9963b1,0.4984955271340589
na01bd006e2a0766,0.5052505506174397
na02518d9f1534b6,0.5015461710247078
na02e7885708a12c,0.49723474342563667
na03aaaacca8da56,0.4989363195910191
na03d3d401cc11dc,0.5028815674732338
na03f62abf16257a,0.5038946041160632
na046df95312f1d6,0.5031364497816544
na048b6d0992659e,0.4981170079376709
na04cd6b109056a8,0.49705383899938305
na055d3e71e57d13,0.5009196640038955
na06109b30d658c1,0.5016069336129142
na068897fff3d2c4,0.4965853719248158
na06c1b737509777,0.4996563352931068
na08052a27133c20,0.5012434615418324
na0824cc74ac1f21,0.4981057396407818
na08afcccf22371c,0.5000000266928296
na092b23008a00a0,0.5031326457708843
na09d08910f30cad,0.49790953064358917
na09f379ea8cedef,0.4987445095368905
na09fc3257e70658,0.5061355932443684
na0bdfbc3d9fcfd1,0.503202296035179
na0be1b9e3107233,0.49970407683941875
na0c214fc2059234,0.49762348603550105
na0c4368a6cd2241,0.5032413617666288
na0c5160b5bf9000,0.4976171734988639
na0cefd9ad413fa8,0.49738670001244256
na0d8f57d2e6049b,0.49871916043604253
na0ddaa4700eda5e,0.5002243960707308
na0e32a1aacda14c,0.5005792074703678
na0f1602cafc97a9,0.4957373807085923
na0f6b8b7f6898ff,0.5019480497215864
na1036728a20a9db,0.4992683384006295
na10382dbfcf079e,0.5104166534463792
na123eeaa5a1f00c,0.5066758474299466
na14bfa48d74e914,0.5035015549599405
na15462b795bf145,0.49673457197252047
na167dd564bc75a1,0.4949769280732173
na16c5b010fe823d,0.5038530278907667
na16f99c4491f419,0.503210290428479
na1847aaff371e0c,0.497973310536651
na1959cfa8d34be1,0.5018340712559686
na198082098aa8f9,0.5091580972201458
na19d90eea7c2f6c,0.4985765528704947
na1a0f8d2695713e,0.4985131777181981
na1a5d0c76b5f12e,0.4988175211973805
na1bfcfc7b045739,0.49756593574202795
na1cec3ea31ea8bc,0.5013559209173146
na1de3694ef1e42e,0.5056826896705309
na1e9693247a5b4d,0.49720597439874886
na1e9c07dc480e4f,0.49849090775635074
na1f009e2a455a78,0.5031394961268265
na1fb9e7fde1b829,0.49722253970266145
na1fd77bababfb3c,0.4961035174022697
na20cde15aaaada7,0.5004926199801177
na212b10b964fea6,0.49956122347516335
na21f5f46600c95d,0.4997200822796985
na2234df03acb756,0.49871537804516597
na225c168f5610da,0.49707425363096064
na225fd6dcf13e85,0.49589982453741527
na2360fced7002c8,0.49742815111808575
na23936b87f97096,0.5025991646320536
na23e2a33a176d2c,0.49756532662529773
na24ec08783f3a77,0.4899015362774949
na24fbbfc711e688,0.5041372859207407
na25259862a89777,0.5072841359730252
na26966ab51499e4,0.5037199803738357
na279aa96c2e6898,0.4954367118014904
na27fe96d215cd4c,0.5004389769061932
na283a3568cfa3ab,0.4969187697451328
na29bd92663da8b1,0.499081061790627
na2a9a1690fe8490,0.49765372684783954
na2aa93da4195314,0.5032750899452335
na2afadfc41e49a5,0.49905610547869417
na2b6e92152fb3f0,0.4962640164746232
na2c581f4edbee0f,0.5013842106706464
na2d436910ec1b82,0.4989242590378713
na2da57827b06197,0.5078705569939036
na2e3bd709e63897,0.5022898492734515
na2e6b55755bb75b,0.5062238470210682
na2e91c5da081aed,0.5040776948857998
na2f65ddcf6918ad,0.5036195781364267
na3090d7f264a0cd,0.4977943698971259
na3157616bbe1154,0.49701907293402653
na31817d8a49ce9b,0.5036209390418896
na320a0ca5622042,0.4992628968694434
na324a32899e456f,0.4986108095332522
na3265939c28f7f7,0.49873195110204743
na3286a238a4b486,0.49923273654347256
na33d11d5f7c871d,0.4981046136666983
na342f1455700661,0.5025478500241578
na3522403737157d,0.4976833844569883
na35310a609f1052,0.5001302461543907
na35666871d41c6e,0.5023963144159773
na357e711c25a413,0.4977374497189145
na35c487d7964ee5,0.4969121745524246
na35fb84aab0caf3,0.49687816703162196
na3773bb2da35180,0.5004403647689075
na37bf524ddd8780,0.5003675866183842
na37f17493d592f8,0.5042976826533003
na3841e5e5140f01,0.5063580545950893
na38d20a1fb395b4,0.5058945046513189
na38ed429017636b,0.4989193817135744
na390e02d6a2b5ed,0.5051957490613161
na396fac3da78a92,0.5024887442243104
na39b4097a27c35e,0.49536126691277055
na3a7da27ac12c96,0.5033553413122517
na3b4f4cb149ecd3,0.49919403526096917
na3b5ba1ff322bab,0.49897710818065233
na3bb230afd52fac,0.49980554423883794
na3bb4c3d17c5868,0.5028745760291419
na3bdd248901fcd5,0.5014703275946046
na3bee969b74dead,0.49610355286213287
na3c1a9f1db71ff2,0.49640283532352925
na3c5199cf1f76c2,0.5040005542633259
na3cdc9b56a7e2e1,0.49791212928246026
na3ceac8daa2b221,0.5017120829009584
na3d858376745731,0.5090974768569059
na3fadc97bcd2337,0.49876364937398343
na411aed8691d971,0.4949370578435615
na4139795c19642e,0.5022980180135309
na41ac1ebc5a8679,0.49785225081500734
na41ffe1dab36297,0.49890272859522805
na432624e89c62f6,0.4992581095528065
na443a51cd9b87a9,0.49149068514379474
na447d49f9218ad8,0.4977457202101644
na4532eb1236ec5a,0.5028061894026676
na457ef48e06a860,0.5033473969532261
na45ff0ce1646ebb,0.49859991952814814
na46409346d523cc,0.4967272412764253
na468722af967dd2,0.5023827678172134
na46bdc37cf382b8,0.49863453642239064
na4729bc76fd6561,0.49326191935406694
na4842b08c3d9cde,0.502219867610505
na4864da0268a402,0.4957090682957607
na4920045a3827fe,0.49975526909131307
na49b228a542eef9,0.505556258757434
na4a500d4c8ee763,0.49907365123136105
na4ad2ac02a49c6c,0.503183378199818
na4ae4f641b753f5,0.5029604343834632
na4aea34ef61784e,0.5038345212030587
na4b583d3cf8ed71,0.4989099007328837
na4c7b170f760c3f,0.4983055750974297
na4c863f7d850861,0.4981005239045024
na4d1364dd4535b4,0.4975521432136107
na4d5fb1725fdbba,0.49941438297412205
na4dd08d293f2176,0.49669859562172936
na4e8897e61a0e98,0.5010556471254457
na4f066818cb7680,0.49403793218660186
na513b3f1d84bb50,0.4997613670609599
na51c1cfbffa4570,0.4994419367744212
na538771009695cd,0.4969948750524928
na53e5ecf978b3bb,0.4977371080899162
na541227ce2231ef,0.4999025141143115
na54255f996c556d,0.49619679788377324
na56061247966954,0.49769206616164585
na562a3735162c2b,0.49572021013156525
na5663a70a6ae0e0,0.4994495855424841
na574a445a13de14,0.4995224555571053
na577db34c5b4e37,0.5015191198635783
na5805af7a825c52,0.5008935728059671
na59253a975e8658,0.502399091474031
na5aa7f6cd0c8de7,0.4927814510660891
na5b5888d6c62d3e,0.4971533803998027
na5c9bbbc63cd35d,0.5043795588494544
na5caac3b5025a89,0.5021417010147803
na5cec252413a82f,0.4982937007522398
na5d10866d53ee3a,0.5085530486019274
na60190510904e38,0.4989868081582929
na60d5d2ed9a0ab1,0.49711092389267897
na61308c02b472dd,0.4951372386295765
na61402812936838,0.5022973669463252
na618773b71e9779,0.500044914082283
na61c6a57f6f425c,0.5024622546082823
na62a2017b2baec4,0.4997072685564291
na661d4cf67837e0,0.49573079126434144
na66b3d3f1cbec5c,0.4983558611565705
na6876567ad4dc58,0.49747207513372843
na691d855b54ceef,0.49719241508653267
na692758a6726a69,0.5027325551865799
na694971cf9a1536,0.5006127789369752
na6960108c0c7d22,0.5046049408315558
na69900af3501368,0.5052959784491468
na69c95d5abcceb2,0.5039444216010317
na6a027cec9f8ed0,0.5050195592772724
na6a155ea14b6335,0.5015501000456886
na6a8fe8bee7219f,0.49776256128557334
na6aef264c2eedca,0.5039862370017707
na6b80bf9f86bfb7,0.49492605149134167
na6db0269586c4d9,0.5052922419616072
na6df39b2c3720ee,0.5006237179140138
na6e0f2a1244286c,0.5013427746720609
na6e372611231fd2,0.5044769333895848
na6f613a96520ff3,0.4981177886091763
na6fbdb870f1258b,0.5077426773513586
na6fd1edeff270a2,0.4944439299222137
na7184e0176e9184,0.49550037289297033
na71b4b53a41c2c9,0.5024799067683333
na71cc381a4392dd,0.4982937489102631
na7207d16f6d4d62,0.5042553538917435
na726334ea6b4d0e,0.5031587430612708
na73418a9b30d395,0.49947135872590465
na73a4d2529d1b6d,0.5040458398366178
na73ef4733b069ee,0.5047104536825628
na7435cc8a299415,0.5011735103374554
na7448f5b8eb70c0,0.4952442081759641
na74c26d46d656eb,0.5036866537287927
na75c3468b96f574,0.5032909168779864
na75f43e5bca177b,0.4964580375014914
na761a2132960dae,0.5015964296615858
na7689c0e8a397d7,0.4978376548337559
na768bec3cd7b2a6,0.4971705389889328
na76cbd15e9afef1,0.5033488050504054
na77fee19b28da70,0.49708611059642666
na794c03453ef98e,0.5065281417897641
na7a5aadbc19f932,0.49949877701812884
na7c0043d7df66cb,0.4939499447932045
na7c64887931e8b4,0.49372020431749597
na7c670be24215e3,0.49676056887402303
na7c7fe74fc0c1d3,0.4976230734136156
na7d4657feab3cc7,0.49653141348122737
na7d803ab3a874c4,0.49671022050789543
na7e982907785dbf,0.5009145645751493
na7f13e17fbd28e0,0.5002968464947837
na7fadd4cb9a53a3,0.4970954074073972
na7fce6e9e5d2d4c,0.5014470286796395
na7ffa11f2e2d257,0.5007140482227077
na802864958a31d9,0.49847985281093626
na80a83313d70d8d,0.4990866341200061
na81582387adbe73,0.4963002950762241
na81e1cfd3d99377,0.4987201876552
na8291f54263fb4b,0.5010931096489069
na834f45ad9b7908,0.4991781744823603
na855369325acc39,0.500324091772279
na856c0154bb8647,0.49657899441102277
na859f6c09636b2c,0.5016034487540513
na8671cb31e5e9d7,0.5007280623782604
na8722cea4a065ed,0.49413090380653046
na87fbabf0c6d25a,0.49933814088234946
na8868e487fab784,0.5046546569277643
na88d58e14a2d8f9,0.49411142740004155
na89fe29d6a5bb26,0.5041070776436161
na8b443ad13a194f,0.5051240799921765
na8b9e7e43b0e112,0.5010591788381612
na8c01cddebca9fc,0.5016089754657259
na8c2e903d48398a,0.49798500668564893
na8c3a10314543e9,0.5030301487038543
na8df05f2aa03f2c,0.49918815796648613
na8eb366c4f5d604,0.49738234667160486
na8ede687ddf2662,0.5005715496293364
na90da64658f53bb,0.5042812821167466
na90f2dac5c6b395,0.4995404370500577
na916b950c147c59,0.5053739715413832
na91c9ebeaf46466,0.4943530215011238
na926fb90164e3f4,0.5025670140979916
na92bd31b2f339e6,0.4954009226875988
na92f2dd3005e602,0.4979508762778573
na9306b9a66f61c0,0.500518097298069
na934a784a781bc5,0.5106271839566383
na94183c5bf103a4,0.4966020726443049
na947086319c661f,0.5071047776575107
na94bb5fa929e0fa,0.4969597963619199
na94cd6b5bd67e05,0.4979780330723129
na9616c40de098b3,0.5009578379796492
na962354c4772e79,0.4979787916961635
na968fc1e409c5d0,0.4968034841312728
na97d1093308ab71,0.4983272246020252
na97d6f67587dff6,0.48084620449288945
na97f017312d182d,0.4936544655049704
na98299661fbbc62,0.49832198761149726
na9840dddb61b5d6,0.5042225058060076
na987ead2da4c72e,0.49006735069409885
na9a14b560137b3a,0.5039561733502215
na9b11e52c1a41aa,0.4955744215614177
na9b59905bddf597,0.49621525360635793
na9b6e74488de1aa,0.4971697617956081
na9be52358c46342,0.496644193971686
na9c1baab583cef3,0.5016149310158842
na9ccd31fdfdce83,0.5076048256776683
na9d170055cf690d,0.49830810707671375
na9d8fc82cb21500,0.4998279836711937
na9e171362b00818,0.4989665863468379
na9e2e5414d793af,0.5063602526887488
na9e955e715f980e,0.5001765720396845
na9f18455a34179c,0.5050441198999911
naa146595ab45f29,0.5008248768312815
naa1e5df2b20c4e9,0.49756216601234815
naa22e960b6ebad8,0.49362306192781424
naa2d3761d3e4d79,0.5081066387180394
naa50d98d8f6677f,0.5054451081327097
naa5575e673147c8,0.5003332901882518
naa558f9cf0892e3,0.4986919609218675
naa5cb66cec1fa46,0.4980780043833104
naa613e84ff5adb6,0.4940589796460847
naa6c4cdd689dcfc,0.5035974706277485
naa741f5bd1ba011,0.4968296778319335
naa799ea92ba94e9,0.5049214929223331
naa7bd1407ff466f,0.4967553270245711
naa7cb77e1841b5e,0.5035283876747566
naa801293efcda2a,0.4968849068066238
naa869d4cce10711,0.5015636672983173
naa99f4872ebf1b7,0.496963553192184
naabcfb0eccc7181,0.5017112988316043
naaeddc5455527be,0.5012013052454942
naaeeea949233082,0.5001214560294275
naaf0660603367d5,0.49169242035268723
naaf600d763b7984,0.5052874797427243
naaf74a0aee16a9f,0.5018585260875907
naafa090932e393a,0.5026061964962165
naafcd00702c701d,0.4986287833677449
naaff468a6b66757,0.49897443403667874
nab0948f69342308,0.49808482440083424
nab0a27738324478,0.5021999687023386
nab13ee2234952dc,0.505002522965813
nab16443ee63bdc7,0.5000224636282043
nab31a08566046ff,0.5034370007152921
nab34f00d64629c1,0.5063387460192378
nab41de01618e058,0.4996039454047333
nab4e9d58c9275db,0.506534583953154
nab55429fcb50e94,0.5010988236897334
nab67f9686c5d44b,0.49420238145475476
nab6b9f8411b8b79,0.4951817671115616
nab6da30cb9321ad,0.49756130030783663
nab7405207ed40be,0.5025965330844636
nab7b32b13b8dcc9,0.5067378996265479
nab8afea65bd8ff1,0.5013884601310525
nab923c9f5f259c6,0.502186291780024
nab937beba516ae2,0.4997800469761813
nab9d4bf71bc3f40,0.508700537006099
naba4529e6d79c8f,0.49521932218025594
nabae2c43bd4ec0f,0.5033631496485882
nabae950c0ceb9f8,0.5007961726932392
nabb852d4641f920,0.5013721037483354
nabc75d9a26c25c8,0.4977201967913261
nabce1412dded311,0.4916313070344577
nabdc2180d272697,0.5004655269988847
nabdf67374355129,0.5046238776453255
nabe64a95c9231a0,0.49583668105858736
nabefe8efb2f58a8,0.5059371680808444
nabf1c3342621545,0.5004090298331737
nabf8d1332380484,0.4985797491625919
nac00956a330aecd,0.4959133823602234
nac0d34a5b15ef81,0.5013551871785169
nac1701a9b34e513,0.4954813238105606
nac190e2c822ab9b,0.49628499989826164
nac19eca2c386cb2,0.5009926854096874
nac1f87e2616699c,0.49724881143119065
nac21c4205467edc,0.5040343445102663
nac23c80f1dc2018,0.5007111141008033
nac2d074bc0c872e,0.4984137270965421
nac354a3c213326c,0.49838775540742036
nac3c8f0f83447bf,0.5077440985601934
nac4dd1baab57af5,0.5028730943807499
nac55ea558a9bf34,0.49738048790277845
nac6d95562662b9f,0.5009276348038921
nac76cf6f8f4577e,0.4985761005838644
nac79a1db9328784,0.5030820073542431
nac87a3747064d44,0.4982243391794263
naca7671f132a478,0.49635135758513016
nacaf4b561fb8fe0,0.5010092849277153
nacb8cd9bc1d4754,0.49695841822133174
nacbd1cb3670eba0,0.49956659976610024
nacc02aa015d2e17,0.5053338425567602
nace14b5bf8550e8,0.5028072843538255
nace7d6b05c7e3e0,0.49857768100480454
nacef96b1fabbf2f,0.4998487350147497
nacf023447fa58aa,0.49569351770552944
nacfa94d5a6ec2be,0.5033874349505266
nad132fcc62f3501,0.4986180762606551
nad1daac0fb00a6f,0.49693521662568035
nad374d71fc025c9,0.49554777620511675
nad41985bb4661dd,0.5036321187424001
nad47c9641fb37c7,0.49579124392723606
nad4c32722217cbe,0.49565761030160166
nad8cc129ab565dd,0.5003457507488025
nada6d1664c22bea,0.49971512135061175
nadc9ecaa824cdf5,0.5004379300202335
nadcaaa7a6a55cfb,0.5038694052404874
nadceaf3e7993d69,0.5031689270004632
nadd82beb62ca0b5,0.49373845356260376
naddf04aa80b5d31,0.497359205823147
nade17f5ac6ae184,0.501192257750622
nadeb7947156d0f9,0.5017964774683363
nadf0c958f61d778,0.4945970616045223
nadf148651803dfc,0.5036694387246731
nadf3b273bd8fb31,0.504932723697293
nadfbd4bb4c30d6b,0.49936644426715937
nadfcb2fed8615af,0.5040444447743654
nae075f6e6c53336,0.4994154487126877
nae0ab067cfa6f15,0.49913147130735913
nae1520cb664b5ef,0.5028333244029739
nae191d1280c0735,0.5029033994799181
nae218ab9f680b2a,0.49791675130717467
nae2cc7b28e9147f,0.49984993082634477
nae488b68accd1f3,0.5115885596231422
nae4c67970177486,0.49761952962914413
nae549a3d0e9733b,0.4928887678789491
nae55a0e223eed4a,0.494138195440922
nae5a43f4708717d,0.49842252539476817
nae8170d8afc1a28,0.5034228471728299
nae83653e1f05390,0.49862999700550437
nae9bf7df4d2f971,0.5005446098788444
naea0e30542851fd,0.5037215054542099
naead7756666cf41,0.49898133373677517
naecd281c50630be,0.5023308150303276
naeee1372ad2f53e,0.50529788763939
naef50238c39ab2f,0.4993763654708091
naef53c00596c502,0.5047323077617993
naefea86aef0e0bd,0.4964174790486146
naf02d5fb917c267,0.4958428669695298
naf02e4493a3704f,0.49796397352551897
naf0777b1b69e502,0.4958596927146278
naf07a229391bf45,0.4961300242282902
naf36cf61fc5e5ff,0.49972535252994477
naf62b383d717714,0.49816875814130285
naf6e7dc295219c3,0.5007714869854393
naf8f8319160c173,0.5030353154107015
naf99d661d46d3b4,0.49701203415594164
naf9f86c9d17e976,0.49416032178612435
nafba14d8adf20df,0.4913745001055642
nafbf38bf0e74650,0.4988090404743901
nafd078483fa33d6,0.5033199394855252
nafd3e513a89afde,0.4988486654638977
nafd4e010acd7831,0.5024126468514742
naff28b363437306,0.49594961298920875
naff54deafb28da9,0.504417600258325
naff996ba9f8ef75,0.5055564513819262
nb005ec6f6955cbf,0.49767662953081987
nb06188978b71ae3,0.5007911726001959
nb0664fd2399b733,0.5011873805237105
nb0676ffce8105be,0.49473739722089394
nb076efd2668c67d,0.49735889924880067
nb07ca82c085a462,0.49948562906319854
nb0987b61399626e,0.49835875095955284
nb0a43e5ff890cc3,0.5037475067148219
nb0a90c5d1134a11,0.5039346976759367
nb0b5354bde2dcd9,0.4943064364991773
nb0b8d9ca6ca5bea,0.503747930706354
nb0c7584e9fa5a71,0.4964210874432921
nb0c8804e5c5078c,0.4999996548913522
nb0d5fd8f14202cc,0.4981812714418258
nb0da03211907c68,0.4970777721019151
nb0e00c17d652d69,0.5038672041892963
nb0e3b0b8228f47d,0.5002270701273929
nb0e5a550c941cde,0.5056131311505953
nb0f97a47be1fd5e,0.49885952553203333
nb10b67994406dbd,0.494797420700457
nb116fbdab637746,0.4987770572428881
nb125bae127eb461,0.5076870280865945
nb174d2cfd82cba8,0.49794278412440934
nb17700eae412bd1,0.5003275515043889
nb18a80567e09ca7,0.49981651050644327
nb191dc4565090a7,0.507812172215829
nb1a524bf31e7daf,0.49949046946679915
nb1a59343df0888f,0.5004209166145945
nb1a60c54d7cb2d6,0.5016192013132288
nb1aa452fbb99d2d,0.5005005525556165
nb1b2b9a43585a1e,0.4966864182929829
nb1d171a8c1c4916,0.5042806316393941
nb1d2d3485abd7cc,0.5019068123692452
nb1e92c15c3c7016,0.49483048826826675
nb1f76a28b581b39,0.49618690177162844
nb1f92d0974f4f28,0.5060345191425698
nb213864034580c9,0.5000334334223824
nb223850a8951727,0.49677538306551516
nb22ffd468009738,0.49640752113362185
nb234257dfe9f52a,0.49973269931082476
nb23616200789a64,0.5046596741552675
nb240265fa140991,0.5036479064290075
nb24fa00fec9e7a3,0.4964049793216691
nb2522cdad884eba,0.5041591907595561
nb25f77a9cb6c920,0.5003131302006361
nb263481e7eb28cc,0.4976407423618592
nb26621eddc6bf9a,0.5002604612791837
nb269e2f8d7da499,0.5029894683435931
nb273a8342874b69,0.49770164304961395
nb2758dbcf47b928,0.49705455960256406
nb28bd313c0324f4,0.4988356022924432
nb2904b94a208b91,0.49572413457632564
nb293e8b0627365b,0.5039572631425274
nb2a0d43b91c1ffd,0.49885582840608306
nb2a13da8046e04a,0.4980953998476452
nb2a25f7ac26bb86,0.49527161677401904
nb2aa65040dd3410,0.5041192437133105
nb2b058c293dccf6,0.5075376873222418
nb2b7e4b5539ec76,0.4983501677175989
nb2cdd85d3976449,0.4989612759586283
nb2cdf6887c6e62f,0.4972524308673585
nb2db1f92ff39caa,0.5004346027311957
nb2e2b3e363ff3be,0.4989242981494809
nb2e38d37082fe93,0.5033397222810547
nb2f2274dd6218f4,0.49580679955146845
nb2f5f3b2900f788,0.5012566801054211
nb302769e293410e,0.5016988054025462
nb305bca21a93618,0.4992817520904809
nb32084cf4e8ea19,0.5050900429928911
nb320da865681faf,0.5023522907006243
nb32a08ff4dc5078,0.5115597037588094
nb32bf1854df3a3b,0.5001359083150815
nb32dcdef10445b6,0.506284706288351
nb33712f7ae5d934,0.5039068126661519
nb33a7e04b807c58,0.5053443189471044
nb34108b3078cc0a,0.49835583110297316
nb3472f0256e51e9,0.4973942263618987
nb354a93978d9af6,0.5052532925315781
nb354d2c81684c86,0.5039322772132429
nb359fbab985c92b,0.5069419668337987
nb360927bf47827a,0.5083769846019678
nb36511c2e8b01c0,0.5044115414488457
nb366c648f870c4e,0.49676910136844016
nb374ce685792004,0.5016867347771833
nb38f43f47926b9b,0.4980713567758805
nb3ae9ec9c91172a,0.5038112473353047
nb3bae9268ada2e4,0.5014150186723237
nb3cadbe8dee1a65,0.5010022143204977
nb3d910f4fe72122,0.5015171403918312
nb3dd817358b0d90,0.5058903407023564
nb3dd8f2cfca0c2a,0.5002852909397483
nb3e01615c466f1e,0.49227170297468903
nb3f43f5b347a75d,0.4990664157902273
nb3f92f634ea068b,0.4954646598964602
nb4023e93f531bca,0.5068458868063563
nb40b0d59b15f364,0.4995622998201935
nb40c62e2172c213,0.4982035630985653
nb4129399dac9acf,0.4950957832910804
nb42087134336f43,0.5058737590950504
nb4214efb52bc1e4,0.5041486130481442
nb43a510ac245dcc,0.5039008877180364
nb442b48b5c1a0ea,0.5004884222747464
nb444aed3c15fc51,0.5053065510549447
nb445e40e1ec93c4,0.4982843239414171
nb448b92e9738f06,0.5023874008772715
nb44ffd788984e51,0.5033837865917175
nb4590cc25dd41ed,0.49952249982900815
nb459b5f84f57a19,0.49772458706368833
nb45dea070efdf18,0.5012302168442241
nb463b294d79a7f2,0.49847493113790226
nb4690bd24432af8,0.5020550361351914
nb46a9d6ee5370a2,0.5063761417306064
nb478a0d2fef00c1,0.49713130304816533
nb47e6768fb8b8c2,0.5023311064763119
nb489529e1183e77,0.5022278463168465
nb49ddbd5c207442,0.5011017234356844
nb49e297c59efe79,0.4984785495379276
nb49f0c835b33133,0.5003208588282749
nb4a01010edf32e2,0.5018318553913326
nb4ad39f412e9a93,0.5041071182187704
nb4ba595a0bbc2ef,0.5000899116862376
nb4bdefdb8e0cee9,0.5031628793973256
nb4be5a8eb538112,0.4988876327422159
nb4d342e51aaed81,0.5053125758253224
nb4da0e4f48e65de,0.5009738245588627
nb4e0cdf1d87bc11,0.4946159876496154
nb4effdd01cd0d34,0.4982338201613777
nb4f5353053e6c5d,0.4989349056009162
nb4fd4f53a8d9c0a,0.49561005633713734
nb50297f3790dcb8,0.49140736755151315
nb50aaa8dd39ad5b,0.49599450760709207
nb50ff5bc50f3fb3,0.49749443876985905
nb510f9bbe0e3079,0.5017614636432886
nb514eff1e58827c,0.5002145744704531
nb515d9af51af846,0.499888122268844
nb5218c11562b583,0.5038315471621483
nb5223de372ed739,0.5060841088942762
nb533cf030865222,0.4988777608410151
nb53702621f39d99,0.5018746339610021
nb544afd16086566,0.4973514983027904
nb54d27194f5ebb4,0.5009449282717043
nb561ac7d70ea1c0,0.4976657421658074
nb571251a2f42bcc,0.5014044271690077
nb5733bce336b531,0.5071444542088183
nb58337ce507143a,0.4998452145125823
nb58e179b289c72c,0.4987320886222566
nb5934d8ee751486,0.4951243482290815
nb593d79a5774225,0.5007692283700509
nb59bb0f0ed11b35,0.4976549753528665
nb5a105c2dc6a164,0.5043805332124566
nb5b416ef203d5b9,0.49556439659698776
nb5bdfce39c2d5b5,0.5016111825477777
nb5c347187abdb55,0.4962455417328702
nb5d503e4cdef517,0.4980094052224319
nb5e2b6250ceb01e,0.4961754085896796
nb5e8badfa98166b,0.49995952364918855
nb5f1d7bb465139f,0.4981889676290796
nb5fecc3710272e5,0.4968232844470283
nb6043e905dcd873,0.49572969077073714
nb604ea800a6484c,0.4980591287427842
nb604f8ef61974bd,0.5015463711642928
nb606a065ffd433f,0.49638839292724013
nb616ad5b464fc3f,0.5036454481622119
nb61f17cd85b32e1,0.5012124760345731
nb62f4a874ab0b2d,0.49326381100517797
nb6458d269f2828a,0.5012255786615016
nb647507b77b2ad1,0.49769068956713697
nb65470cb39de365,0.5037903365043198
nb659367711ee924,0.5011068648963081
nb6653cfbcbe3443,0.49737542281285063
nb66add0ab8f0c59,0.5073441264268307
nb66afcd64d0160d,0.5013277710351786
nb6747425f90ecbc,0.4980720960304393
nb67755bf1832b06,0.5053719920820959
nb695b071fea1465,0.5041869150870825
nb699b2187fb5d98,0.5024773317808161
nb69baf3e3acc6f5,0.5043703408072359
nb69bdc2ce9a259c,0.5004983188181937
nb6a615ed47824ca,0.4999280351648951
nb6ac9da890ac785,0.506901176910768
nb6ad8fbd78a46f5,0.4995530086421895
nb6bb31837890c31,0.500424599902256
nb6bdfb46ac1d25f,0.49989780039307397
nb6ff2de4e04b768,0.49774397427742195
nb70479244d071fe,0.4998214962991695
nb73133710e43274,0.4987796495674
nb73c4852b0b90cb,0.5116025219255436
nb74031489b4fb2c,0.5031414418633218
nb744e0906b57a09,0.5017413630886881
nb7567e407d9a337,0.5012304693096796
nb75a80cc8169c3a,0.4974721934972982
nb76764bc7225124,0.5004510999618378
nb767eafe4b65c18,0.49424154009705834
nb770a7162f0245a,0.5074143455661738
nb774f75018e97af,0.502453366289109
nb7949e31ea3f35d,0.5049193003847209
nb7974b73bb88227,0.5030156902064064
nb797f216eb03c4a,0.49457900916755904
nb79cbe77262c467,0.497917383790147
nb79fa65a7805a8a,0.5020192928477287
nb7a3ae3b71213a1,0.49859049982484277
nb7a489d890ca7a3,0.5016580144620374
nb7bdb549a2b527b,0.5041129334888202
nb7d88935e95c008,0.5031324840525118
nb7dacdea31536bc,0.4991099901828797
nb7f4e6c0ada949d,0.5038214052466132
nb7fd62cff64bafe,0.4999911587046584
nb7fe88fd8f89128,0.49500594559184996
nb7ffb14fd597124,0.5030841274086598
nb811a162b2276bb,0.4954084142040199
nb8173b8c57e50d0,0.5034821608836739
nb81c08f33147871,0.4979652273124657
nb82bc2c07280ca9,0.4957844295066611
nb83079b9fe93565,0.5057843809935773
nb85ba7a9acfa293,0.4972255137459321
nb86223817598b27,0.5010641798272361
nb872b1537ecbafc,0.5058265585873496
nb8795c7b5759b90,0.5004857344873112
nb88f14a5302cf79,0.501684092049449
nb891c2c84611f7b,0.4964074130783624
nb89f1c1ed01bb25,0.5052311139379174
nb8c145a6721ad3d,0.4955268722562284
nb8c2610644f2f92,0.5007796943549602
nb8c90e7399fa7d8,0.5023254913609314
nb8c954d43963121,0.5030945796322487
nb8d00740d3f8723,0.49997997598236477
nb8d86c6272b3823,0.5024315941310831
nb8dbd0e3ce7765a,0.4962152591718591
nb8dc23acbfbda3e,0.49463088807615374
nb8e164c9458335e,0.5008079527146819
nb8e3477e07769c6,0.4985328801909743
nb8e35731cc03312,0.5024825206076144
nb8e3b6397051201,0.503144126174811
nb907afb183f39d2,0.497917063359858
nb91a739d3a000d1,0.5012707735321462
nb91aa765b164df4,0.49413406491028516
nb91cbeff11d9a74,0.5143005748016456
nb9227e7aaf4825c,0.49833992511813346
nb92584c5e2b3147,0.49981252353944616
nb92841a383f2c03,0.49561505628976066
nb92aade261451cc,0.4988581421450199
nb93441e178db06b,0.5034395615783134
nb936187fd146753,0.5017560580820792
nb9416f17f5fb7d9,0.5020823024157873
nb94a554d345cd47,0.49717494468044954
nb9657e84d80d5cb,0.4961268583091617
nb96f0ac0dfc869d,0.5048666922616383
nb985a70ae36ece2,0.5032210908742429
nb997aeff2d6a49e,0.4991385277648887
nb99eb3b215ae04c,0.4971767481607145
nb9acc201bba3796,0.5028478588276551
nb9aed2093401a28,0.5039229333926954
nb9b6047761aa8c5,0.4959642711610501
nb9c4e6a70299390,0.49786290996168375
nb9db0b2cf7ff5d8,0.49673075049052684
nb9db2d10a3fa94e,0.4979887313347296
nb9e7de41056ba39,0.5042417227421981
nb9e8aed6d32c19a,0.4990867319350019
nb9ed9f03d61465f,0.49978416044820084
nb9f1fc1bc5c395e,0.5018897076264522
nb9f2b24159d75b4,0.5029271919896481
nb9f669583dbf62e,0.49440685029283526
nba0871ac500de72,0.4987443739478352
nba08c060c865f41,0.5004636709960669
nba25b767e6aec24,0.49984058019696426
nba28a56a5a10023,0.5052204072298523
nba3898553a1fe4c,0.5001325278425159
nba3c00068b61b13,0.4972091570993323
nba3d94066133f46,0.503624510932258
nba3e8cc75d53d1a,0.5029591222057508
nba4f689651d80dc,0.4991066279932529
nba5ea0f49500246,0.49094805911257716
nba5efe530326a9b,0.49231837338642115
nba603dcec205e01,0.5032791396020286
nba6044887739e8d,0.4989317186961333
nba6fbd536d644ca,0.49746064076960905
nba7a5dd3313121a,0.5023687607538521
nba7a9f4ddc1371c,0.5000002865729344
nba7c4f29dc6ce71,0.49753649891268575
nba83282f8bbe09f,0.49533716214345863
nba876beebcfe197,0.5074510173342769
nba8fca6397a7f5c,0.5028753853237548
nba9b0892f92d9c3,0.4988124583966917
nba9dec936384a1e,0.4992350860057155
nbaab2aba7f55ced,0.49755325513673404
nbabe5d77d53a0b0,0.49650594056346425
nbac0535525f9c61,0.5051133806378991
nbac11f5404157e2,0.5017635369465754
nbac63bf6759a844,0.5078654000805716
nbad59412581550f,0.5004776860962763
nbad800d36319b5b,0.500427104746672
nbaeea20dcb76375,0.500052453686695
nbaf24bc67481bda,0.502212167198923
nbb051bce9cc14fd,0.49655765326394813
nbb074f7678200b4,0.49520419184132036
nbb0901a23ac299b,0.5002262193392031
nbb10010bb7a79c4,0.5064637055079839
nbb1e4db10f67a2d,0.5012298373034189
nbb3257eb80f4e2d,0.4968741947249219
nbb33a8b32746f9d,0.5026236846467742
nbb4090cd4e289bf,0.49448017827458796
nbb4f94aa839172f,0.49647226969209207
nbb546a98cd9b1e7,0.5005595102235628
nbb56cb0961e93e4,0.5015723771506734
nbb6331e0e881083,0.4979901669458415
nbb6b01b6bdc4fb4,0.5000498381834713
nbb70779e0de9459,0.4985546218879535
nbb87ac77ec51b66,0.4992269283469593
nbb88133d9dcab44,0.5019559681194606
nbb8eac67336d823,0.5006738750618149
nbb93fa3af96d84b,0.5067453569921911
nbbbefc1a4865c18,0.4992533905394258
nbbcdcc38513adb1,0.505928649812808
nbbce6db8584b545,0.4966372703189379
nbbd580da75ffcc3,0.49917037374693796
nbbddd0e0e97f768,0.49943440171437825
nbbe710190ec58b9,0.5020937359235633
nbbf015d6962cbc3,0.5000692530100033
nbbf2eb12c2b4193,0.4987001458368605
nbbfde05df2d6333,0.5018110324211544
nbbff448d2adeee7,0.4921709973232099
nbc125bbe5de1e7a,0.5008761579376946
nbc24dd6c00ab113,0.493161481687026
nbc284f4b3b490cc,0.5051118976751088
nbc3462217079dac,0.4967329739755191
nbc48e6280b72bc6,0.5014668765962387
nbc4a03000232d10,0.5025517741563634
nbc4ddc604f6abca,0.4974827852641655
nbc6cc5ba046dadb,0.500572064416364
nbc7907f102fcccd,0.49932303550054324
nbc7915123c3c8ae,0.5012792215719675
nbc7e4611606c1df,0.501036763758131
nbc86afe798eab54,0.5074112938432723
nbc87577c127bd92,0.5012974072964893
nbc8d2972947b54a,0.5002370447737261
nbc96ba31525e98a,0.5081131766091092
nbca5329b13011a8,0.4954444205895748
nbcb0a050442d447,0.498584265481761
nbcbe477159a588b,0.4965167158210606
nbcbf6daf009bf4b,0.5081012982606723
nbcca9b0e3c3dbbf,0.5019000082717235
nbcd6b9b7fe783c8,0.4988670612575736
nbcddc5e5056c374,0.49848813246080276
nbcdf31f19652e79,0.5048902715716108
nbce7e83c904172d,0.5065164319026836
nbcf93bb9003428c,0.5005782326382392
nbcfaf78501976d2,0.4954533561280362
nbd018ff59ded942,0.5051682222261076
nbd043d031cab079,0.5033693337608937
nbd07fa22b9e35ef,0.5001844306598348
nbd09acde193a2ba,0.5049839267139623
nbd175e1597baca2,0.49777451716098936
nbd17fd21f7cb726,0.49541841151287697
nbd1ea2dbd8cf059,0.498190754591893
nbd2bffbf0208315,0.4997899657790161
nbd2f70828a57204,0.501074932456506
nbd396a018217b1c,0.5015415005851291
nbd474f73a396472,0.49819355843943136
nbd52e1f69ce51a0,0.5008100877228348
nbd7b148f2a4a6d0,0.5044901273581286
nbd7c4a7b0149550,0.49388213874175396
nbd8428864e3327a,0.5069332948091013
nbd88010d3249aa4,0.5001485326426455
nbd8fa4cb7cb1f70,0.4991240526803296
nbda52815d531be5,0.49891749724752144
nbda6c925536fe78,0.49749648833767113
nbda880bc4e0cdf6,0.5042984318299207
nbdb3240807a990a,0.5072858102499058
nbdb8df8c89852c2,0.49829467601050825
nbdbb18696cfb22c,0.4990702746676589
nbdc14ed3954b056,0.49807940434701287
nbdd1e7b2cf75cfd,0.5022542951782322
nbde1cfd67f87d7a,0.5007951379306419
nbde4c06ce44a8d1,0.5003030136011026
nbdec502c8751da8,0.5005884305591428
nbdf13206bfa7667,0.502214159324481
nbdf83ea5e4f6069,0.5061909844926031
nbe018ff987bdd6a,0.4975038247150801
nbe0dd42084e4307,0.5029823773065495
nbe1849fd4683f02,0.5065355497077141
nbe1a90f8366a31f,0.5084836753881185
nbe207cedc63c296,0.5038965416608904
nbe3f1f2ab8550ba,0.5110568126885271
nbe464f908a1f37c,0.5072934152651658
nbe51910c6328c83,0.4967341645278106
nbe6257ef2790e0e,0.5032724282193546
nbe6693c3edaf695,0.4987032987665124
nbe75c1d73bc23b9,0.5046263592641803
nbe768cf59887baf,0.5082589093698977
nbe76e96c94eb14b,0.5031644404577538
nbe78ac0e52e2575,0.5065367686686846
nbe8c6431a3d8411,0.508582560078615
nbea73d174c6fbcf,0.4981119868250412
nbeadefad5672b1c,0.5029513049751685
nbeb4c698587d44f,0.5022088414812405
nbec60c95d6e516e,0.49975876813361
nbecbc758b75a7ab,0.49940807646442176
nbecef0659b56fdd,0.4953570335758316
nbed041fa8c61711,0.5016327251150641
nbed203b59a26501,0.5022821578009826
nbedb9550cb0a4b1,0.4981611906113608
nbee135081a2e3a0,0.5053759409337452
nbee62f8ac336f14,0.5011961505698791
nbef947adf2144f9,0.4953932576932873
nbefab3910bea165,0.4984618154812404
nbf020a994522245,0.49905623252439
nbf03b58a72af97f,0.5023965004679921
nbf07b7753d5287b,0.4991277129538293
nbf08985476661f5,0.5012472088990727
nbf0fda6543031f3,0.49712541428767953
nbf16e83b509897d,0.49647840280927186
nbf18dac78e85009,0.5077461315407519
nbf21e670809da7d,0.5000499581773772
nbf248f88b25ebe0,0.5036725361129467
nbf253ecb04b01a3,0.4986269158222933
nbf3101073699c59,0.5039417443197872
nbf3b4888061340a,0.4982083941229506
nbf481cede1f7fa7,0.4945261564385128
nbf4c1be02a18653,0.49525709234582593
nbf66a288b853911,0.5081425546758678
nbf68e770ff2840f,0.4977940566732471
nbf70ce9877e07b1,0.5009749773298973
nbf77502e1796e45,0.5025888489001092
nbf7abb2c17d10e4,0.4990913163744205
nbf7b73c75125a2b,0.5003437702948378
nbf7bd578a83867e,0.49001656829607965
nbf9ce168e2a4652,0.4973843997956555
nbfabbdaf56b8915,0.5086972054062613
nbfc38107c47ed0c,0.503713137538427
nbfc38e141a23842,0.4951139769131764
nbfccd9a42cd6be5,0.5018639273912121
nbfdb8d16d8f7e11,0.49518744490385563
nbfe00dedb0ddc18,0.5046140602032085
nbfefc84860e70a4,0.5036311249574623
nbffd4b63fd04f52,0.4996033016485983
nc01c2d50f0b0e27,0.5001018345937795
nc04d298f2d6638b,0.5036697813864803
nc0571cf344a69aa,0.49474654445952093
nc0699cca303cc89,0.5001361030641482
nc074121766ac56a,0.5013853507549673
nc088b8fe5d35592,0.4979365377513614
nc08a6b2230abd7c,0.5081815734568106
nc08e7a7c744c6f2,0.4999220914098478
nc0aab07544381f1,0.5019823630913327
nc0acdb5c5edfa22,0.5051120756596879
nc0afac014cd71d2,0.4978575985623075
nc0afe64d7d9a995,0.49465244871681974
nc0b9072df69b002,0.5008836079226477
nc0bffbd8d8c752e,0.49962444739868617
nc0cf6f7c8f1d7e9,0.5069828588595414
nc0d210068dfe86b,0.49508548506892247
nc0db15801c9255c,0.49782575859647754
nc0de8e57be2b73c,0.501356967394164
nc0e024093a340dd,0.4959913030998568
nc10662194294e3d,0.5026901266443321
nc10f9d618d64c57,0.5007084946229503
nc11c7015d09eaac,0.49447658710691705
nc1450183f76f76f,0.4959667170155216
nc14765bfb160c99,0.4988002593219311
nc14881f518b80fc,0.4975393531026815
nc14cfa1b1deb0e4,0.5007130915611423
nc158f9b465bded7,0.4997743666915831
nc15e0bdc81ecb29,0.5010206049053536
nc16072dcce90f2c,0.5015693704696712
nc17dab066b8d162,0.5051899606989183
nc17f6175b2793af,0.502968267966102
nc1819b51e9e5fdd,0.499874050291861
nc1820222c0e4b7c,0.49241224484324975
nc1a5fb7b6d841d6,0.5027793395867016
nc1b18b7a5677140,0.49685667867004596
nc1b3bc7b7b4c413,0.4969011062042609
nc1b7b638d3191ac,0.5013900322055447
nc1bc7aeea6003b9,0.5001262643305033
nc1c15148364bb85,0.5003791372354078
nc1c4da89299de61,0.49833894414426616
nc1d779b51451c0a,0.4955875471433525
nc1e66e4f717ac69,0.5013986484549011
nc1ee4d07a209d22,0.49960618303401444
nc1f08ad0109ad03,0.5038709530677934
nc1fcb95462d9aaf,0.4963239737372144
nc2071877fc59674,0.5060452722148152
nc2131f4b5ad0aae,0.5021206420350736
nc21ec7b640396db,0.49653898196035684
nc225a1c0184dc5d,0.5002238649034627
nc2275c06d6d8465,0.4979487170474574
nc22a56d17cf5ad5,0.5026584096987035
nc23d4234b1cbc7c,0.4955982984984984
nc23e64f52f5c0de,0.4974491819339788
nc247e828b8e9078,0.49664254578204237
nc2512a1413c62c4,0.5009265829823323
nc2561b959ed62d2,0.5053207755362331
nc2582c86ffcc431,0.4971605422411762
nc264a3c7b486a23,0.4971991609204792
nc26643fe9d2421a,0.498665319408202
nc269d4da103ef81,0.4981698820130039
nc26eea04849fc53,0.5007187527891048
nc2716974f2053d9,0.49751802671652384
nc27a25ddc4d7c28,0.5082092092293196
nc27a4cd9d0a1e4c,0.4963227937363377
nc285392122b979e,0.4975865705060448
nc2897a66da89e94,0.49854535924833265
nc28ef67d1cbd957,0.501217832930955
nc297858c2bc1701,0.5038228573930543
nc2a969c5b8e0e3b,0.49978499541966614
nc2b24b295bdffbc,0.49958555336723715
nc2b3c0260271151,0.5023126343129934
nc2bdab22ec4aad5,0.5010420254847823
nc2d1fe59c2a0885,0.4997148619951142
nc2db1a52d51e6c0,0.5014208672145974
nc2e092dcbc8c61f,0.5083818494222176
nc2ebbbf47c1ba44,0.49837852731010646
nc2edc2c7dea0548,0.4967133488994638
nc2efab5323c62e2,0.4936816583395179
nc303f1cc13651a1,0.5077531345697093
nc31166961a36c54,0.4952026772602126
nc32c012581001b1,0.499268290281146
nc33e943eb5582fd,0.5008349205416782
nc346df451101aa1,0.5016972157989966
nc366c36865b7626,0.4986260978645564
nc36b3b21e025dc9,0.5037942621201958
nc37e85f63ff45b3,0.4969606320739949
nc393794d7340ad3,0.5067205753163093
nc39e9d2431faac1,0.49677286058177333
nc3a29ab3fdfd48e,0.4964510697494423
nc3a461bce622b61,0.4927473061814172
nc3a88481b0d2a63,0.5068426743047786
nc3b68633d471394,0.5001824371170757
nc3ca26369c9d272,0.5023025359208528
nc3d09d11d648f82,0.5062727525859867
nc3e137f0e25733b,0.5001761615273359
nc3e80d0a160fad7,0.5088272932622744
nc3fdea39b8751ca,0.4960239720399548
nc402029e04150fa,0.4986747359458124
nc40683ce5d83497,0.503767823617405
nc413f4b9e4c5875,0.49935514207789333
nc41473b2573e84c,0.5030504651798355
nc420de648640a83,0.49201798602136454
nc42175790833b52,0.5048650542180341
nc42278069781db9,0.5049607437220001
nc42a9ce9b2c88f8,0.5012441758208556
nc42cc6ea3bd64d6,0.509546763074124
nc43578dba68dd92,0.49783667880140664
nc43c0764d241111,0.5010820688959655
nc44904c99911a6a,0.5023224997047724
nc44e735c1c454c2,0.5030914457012168
nc44f7b2824cdc9d,0.4991138592353376
nc44f89a78dfe143,0.49894739227156937
nc45756a98785f83,0.4963763732254959
nc45c821e122108c,0.5015844571917014
nc46342380a519c0,0.49965804847868434
nc46cbb3729bd565,0.5041074844583076
nc46ceace9d9a068,0.5058749483400398
nc4892de5242e347,0.5020286322656492
nc4895aab99e0468,0.5049940586719721
nc490fc3b7728b19,0.5011096525208115
nc4b6074d8564c6f,0.5050657166649378
nc4c1ebd44377645,0.504955211371407
nc4c62e07ce6078c,0.4987453868819144
nc4ccde04e9c2061,0.5056549584889316
nc4d690dc3008249,0.49798258819894936
nc4d97e4db6b06b0,0.5022866944255876
nc4e11a59b71992f,0.49956156729703777
nc522b09b8479a7b,0.5066627994113088
nc539de4d0414d39,0.4985626895341256
nc53e00f647704de,0.5019862448692097
nc54b6cb0b98035e,0.4971461539744889
nc55000226ffb154,0.5016841121322448
nc56de9e8d7dbcda,0.5004487589183002
nc57d4f1e2fd0907,0.5059326976370876
nc58e4b509427bd0,0.5019123781958221
nc59934ba7c01ba0,0.5008520317286917
nc599968317da870,0.5019657085667518
nc59edb132e8dcd0,0.5004323882924577
nc5a05d290fe2d18,0.5008528894940057
nc5a96cf40e97cc4,0.500010802392758
nc5b089defc9d225,0.507486983970819
nc5cea2e475903ad,0.4989880478358722
nc5dc410e82150c3,0.49994084936484123
nc5e0c7bfa3397db,0.5054001482056139
nc5e4e4b16b0266f,0.5029054259723204
nc5e77730cc3e7a4,0.5065523354279178
nc5f9fb0a78ae396,0.49971168937355787
nc6123d6cee4403c,0.4961155276478456
nc634b776e4ceb6e,0.4968200353127526
nc63946a45024a01,0.5017811452453879
nc63ee779765b9d4,0.5005562942701154
nc6400ccb6344a1b,0.49769203475620677
nc640283b01624ba,0.49890485802724827
nc640c8007bcdddd,0.5024453588351406
nc641773a9a41081,0.5001645797947059
nc65cae7b60af3a8,0.4991561351402493
nc6694098c967386,0.5015565762140693
nc66c125f521b69b,0.5103145951481752
nc6754d08db3379e,0.499379511624151
nc6785bbbdec35f2,0.49869148117305745
nc67b8267abf99b9,0.5020856039877303
nc68591b36e55a4a,0.5000621234745872
nc68988004bdf1d3,0.5017743989908361
nc69c2d790a3056d,0.49916939650401276
nc69f813fc80379b,0.5017915945420947
nc6a9e4278bc90e9,0.5012958989078685
nc6b2a7db14ebd5e,0.5012871542618053
nc6c320435741462,0.5024187163780506
nc6d609588134ec2,0.5026370128838602
nc6d8fbab3710ac1,0.4984903689582108
nc6e06aecb72d358,0.5020644669034007
nc6e6d3b2714e9f8,0.5043782061090021
nc6ec3056402eda7,0.495108561813566
nc6ef6a3eda7f3a3,0.49788565434872195
nc700b654b5efd80,0.5011856746820139
nc70766e4e689483,0.5071600540153306
nc71a96bffa5bdbb,0.5038811741576741
nc728485b63483e8,0.49321526543629535
nc729f7b658b6448,0.5072317857859722
nc733cb77b5c0fe7,0.4958036206539026
nc73e58be1021ffd,0.5033691899982999
nc74ee062e68fae2,0.5014527476423118
nc7678a5ea7c0712,0.5023151012129484
nc76990fff542b19,0.49893866110653734
nc76fa8b69fc310a,0.4976728513726237
nc7720bd88bc60e5,0.5040150119449949
nc77bc992f2396dd,0.49741763368748193
nc77e34d5ac1a473,0.5009364602325476
nc78ac7925c9c955,0.5059770111965572
nc793ea4dae29ed1,0.5023483363692095
nc795855b5a88154,0.5001587724782717
nc79d4d878f25929,0.5009069931819753
nc7a6906217ef4e2,0.49878748915395726
nc7ac5e21c641ff3,0.5033473447848985
nc7c37a9ada2b53c,0.49905184797069346
nc7cd9fa11c177e1,0.49412655044686704
nc7e18f160b6421f,0.4998231758070826
nc7e44bab7535b31,0.5001351488352048
nc7e5bacdb3ea9f2,0.499812201840958
nc7e7bb2b6702889,0.5111843815128446
nc7ecd0dfa806c7d,0.4969766646386708
nc7f8a4dab40fb73,0.4980787613286411
nc7fa4f86ae8a672,0.49295704298308357
nc801804643ed13b,0.4946487144981888
nc81269f344fd2bf,0.4944815252448603
nc82170a947d5dc6,0.5065338774269611
nc8243069556ce77,0.5076752563498844
nc82982cfa7113ff,0.4975772724680548
nc8336518bf65809,0.5024394185950859
nc8399c71508320c,0.49946571086427644
nc83a6e545cc20c7,0.5043651645626518
nc84bc339fbca43a,0.49729983057336336
nc84bef9bdbd258a,0.5061541563653074
nc84c1c0046067a1,0.49450255226149453
nc84ceb72272fd70,0.4953658223023085
nc84d1f6644abea8,0.49618875903027365
nc85edc8666a9dd6,0.5019734864123561
nc8646df38f64833,0.49632066698507316
nc88d3d079a1a21b,0.49702658456000065
nc89204957bd814f,0.4928700143829253
nc8932225a3aec12,0.505722429608486
nc89dcd24d6c35f6,0.5055304255993495
nc8b28b903ffb260,0.5023540620599323
nc8b58d74483a98d,0.5026820716791205
nc8b69ccd2abfebd,0.5023114244424145
nc8c62f63d01bad3,0.5009149508037086
nc8d1aa18d196d1a,0.5019239988265686
nc8d7a651f27d7de,0.4968405472513615
nc8e5ad2199ba1f4,0.5094994109955806
nc8e72a5894d263e,0.5068330526502935
nc90959117d266e0,0.5063341116887385
nc92ed16c8457a4b,0.5059494072799755
nc934e9625e0cb6e,0.49864186973425667
nc93c4a6abaf9c17,0.49963910519723775
nc93df52cb1f6b4a,0.5013643215282387
nc95f9a3fb07657b,0.5042241958407789
nc96664e09286e0d,0.5123457354205363
nc96a0c5be0f79a6,0.5012515136263779
nc9791a91798f094,0.4919157358662309
nc9b1b68377dd471,0.4998310203677675
nc9b1c6b1090802c,0.49913249661054665
nc9c469d78d164a4,0.5078909799851977
nc9cad5f471b6325,0.49791716900245053
nc9e8e70480e1aab,0.5045420267590623
nc9f1aad5f734db8,0.4933038147632738
nc9f939bae75df2c,0.49889695941017964
nc9faf4a52dc275e,0.5026882794604692
nca0996a744dae09,0.5012795922274458
nca109a14fba4c9c,0.5041830378589721
nca112743446d437,0.4981754437699894
nca12e113e08ce82,0.4922294028855694
nca161527e6e4378,0.5009373917152875
nca3c38878b0de76,0.49933267650963553
nca41d4e34a0aca9,0.4998361864535312
nca4e1e87ae44ca0,0.4981276865724725
nca725df7f22d384,0.5080483138754274
nca8e9923a416cf8,0.49333946540719137
ncaa467fe7aa37c6,0.4990295127544413
ncaaf0fd3f4d76b1,0.4995541521179196
ncab71a66c6cd481,0.4957739071495528
ncabf5210e4c98fe,0.5005552672346705
ncac2e631472395f,0.5028634327675833
ncac5fd6253877c2,0.49728184014195936
ncae25aaeb3690a6,0.5014417531295944
ncaf2ee44ab91770,0.49355834496475937
ncb0703977a6e3a2,0.4987278182926318
ncb1bd842f21ea4f,0.49833477027101675
ncb1d3999dd5fd8c,0.5010947105495636
ncb1ea4398cc733e,0.4970894429123015
ncb20bbfa63596b2,0.49990265762054853
ncb22f4f04ae2735,0.49397632866635677
ncb23a6d09ddebe3,0.5016748611085393
ncb3d893fafe9395,0.5004936563523402
ncb536f76ba74a08,0.49552242107555805
ncb689478c8a881d,0.4994948969510428
ncb6953b948b9c10,0.505564851034515
ncb766cc4e89b0f1,0.4988371591008387
ncb929bef4ba4c3c,0.5012948838888717
ncb93611a36b79f1,0.5003043115987413
ncba2be395a19d0f,0.4998252753243309
ncbaaa9cd22945f2,0.5015783258146299
ncbab20f9cb620ae,0.4969193438023933
ncbae567ac62eef1,0.5045087198459496
ncbb2747a69bd090,0.49888658836689476
ncbb5930ccb5f6aa,0.49816463147313417
ncbb96c303a1ebe6,0.5043514600855654
ncbc55f3dcb2f308,0.4985030075211835
ncbd0dcdfde44e34,0.4963859177026682
ncbd4738f129cb2d,0.5050537912325948
ncbddfe28284cf9c,0.5073204897912518
ncbe99faa8fd2596,0.5024620988033109
ncbeea19995caece,0.503402299610071
ncbeea421d0c6453,0.49712965948925764
ncbf6c9ae670b6ff,0.4980635895214376
ncbf95cec97c06b7,0.5018623183188917
ncbfccb77d250d80,0.502292703784639
ncc01f0389b15f99,0.5087985197913978
ncc11b387d69871e,0.5014684122641833
ncc1eb9114ede890,0.4964021276187685
ncc31b96885acc72,0.501264793040855
ncc35e1a765b095d,0.50072524468988
ncc38d29393ab67c,0.5054952511931279
ncc4f8c01d7678f6,0.5056251276737463
ncc522ba98709a23,0.4964735631283797
ncc58a1c7b73a579,0.5099936446077623
ncc6716e5d847165,0.49407087956277884
ncc6c8f056c6c141,0.4961876945282149
ncc748c31ac94dce,0.4955529743115593
ncc77627ecf4b4e5,0.49396565507577794
ncc81c40bb8feadc,0.5036061944655572
ncc86dec15b7d7e1,0.5032377738667477
ncca80f30714215f,0.5013418884145243
ncca849df42e4eff,0.49662994212323036
nccac89e54b8b2aa,0.5004626211732568
nccc0f8fafca73d4,0.4947213983725414
nccd65d95891715f,0.49975370445917433
ncce48b3dbede245,0.5035470747903001
ncce817cbd4247f2,0.4980680347478629
ncce82765b5b4058,0.5084402173597286
ncce97118f3c8c25,0.4978065887085418
nccf5f1eac665f99,0.4960348057685336
nccfe4569ccef866,0.5012900932217161
ncd0bdfdfc60f136,0.49734921118391334
ncd16928cc0e289d,0.5054023930610945
ncd18f101f4ddce6,0.4956969851547386
ncd1b4339dafa477,0.5027138172849819
ncd3288273f9369a,0.4987950018431395
ncd372ab21df75be,0.5007516607874811
ncd3bff106857bce,0.5062440651109208
ncd553949fdeb943,0.5013686374212138
ncd5cf1df8c8afc3,0.49798121642683985
ncd6939afc361e63,0.5103328940002345
ncd6d37c88ae1634,0.5007650115231964
ncd7023c522ac1dc,0.49636222011526
ncd7726387404134,0.5065062815963941
ncd7808ba631b392,0.5095014713831975
ncd783e268ba3ff0,0.4944988857330568
ncd81e48f3e1baab,0.4982954840836954
ncd85b401d6793e0,0.5027857689476958
ncda4b67415b88c5,0.4987491419572664
ncda6bc6060c7b38,0.5033374054120608
ncdb56df6d488d08,0.4996995057869355
ncdc7c71d925fb04,0.4973770641884938
ncdd39ce19bd3b09,0.49465678143711816
ncde15c6941bbdb7,0.5043123313928976
ncde331229616284,0.4984371088840606
ncdec960a7b7ae19,0.5076623727253273
ncdf22cb018183bb,0.49918462774578815
ncdf413ffb09e630,0.4992477499941168
ncdf8d53d3c913dc,0.49985931238106673
nce04f2ebc1e7265,0.5038808938846242
nce1b7b85118d35b,0.5065532097684392
nce20c227e9f164a,0.5021499812956502
nce2fdc26560bdf4,0.49925107995607293
nce308e882fc8ed7,0.504972706812895
nce35198505b23f6,0.4982211532625249
nce4473c0587a646,0.49942341568146525
nce4a2b3d65d5283,0.49883901682312043
nce553aad89b87b8,0.5021401196734179
nce560d0fe176893,0.5067089653627626
nce56dd001f7737b,0.49649693563870356
nce5d3555cf0b90e,0.4962106537720195
nce75a25b3ba315a,0.4993067346140162
nce9115bd9a072bc,0.4996248597006627
ncea11c9ba8e747c,0.5061705892482878
nceac7dde4153f7d,0.5066714229649387
nceaca153b2ffed6,0.5009698278825099
ncebae319160d1d6,0.5038962151506936
ncebbb180794197d,0.4954765208507477
ncebf3e7959246b7,0.50232007138697
nced4b43cc8e4021,0.507038390404183
nced75a2517e2499,0.5040599064379899
ncede87cb71b76f9,0.4950807430491006
ncedfb1ad9aa37a0,0.5003128001498237
ncee46a7783d34da,0.5000643023117867
ncee55e482798865,0.5001944866223923
ncef1e0dc0f49ee6,0.499566539973422
ncef2bd0e24a6acf,0.4961562219229065
ncf01766bd3222de,0.5062017062967148
ncf0224b0d094827,0.49424380219811903
ncf0d59d810dd1ab,0.5061488574814705
ncf28b03407bd2a6,0.5031250387122802
ncf2a390e8b113a8,0.49383526091641855
ncf2dffa5e5a9028,0.5008846754982039
ncf3a997344d093c,0.4976425965452836
ncf439dc915c669c,0.4985328829050605
ncf453f9e0484be7,0.5008970118708002
ncf4aabba94e1e03,0.5004355580004398
ncf5425c3cdb2a7b,0.4955066351838634
ncf548f28334a01a,0.5010454363924873
ncf5e0f2fb889724,0.5064018370463469
ncf60645a1d73450,0.49726689505887917
ncf6c22d88cc6343,0.5054396879636345
ncf79fd8349cbed1,0.5016269101016858
ncf89daa29107410,0.5003822720678857
ncf914dfefe9babd,0.4999041890332056
ncf9309b71f96c09,0.49622791917982007
ncf9e1ffc761ac7e,0.4986491871752022
ncfa0186d45c7884,0.49797738777333017
ncfafd1e2e2233dd,0.5014352755906178
ncfb75decc7eeb84,0.5069487277219292
ncfb99fc41cefb04,0.4971666193540691
ncfbcf6e0fb3a59f,0.49814868977964016
ncfdc77778c56b3f,0.5018573974701114
ncfdd41bf5b737dc,0.4986382932366398
ncfe40f07cf17c31,0.49834768073491403
ncfeb31a0cf4e6bc,0.500245484425479
ncffb70070e836f0,0.5014871510826744
ncffbf04dfcee6b9,0.504348224869508
nd03d78ed89abe57,0.5057793656929538
nd04cd545bc2ac4a,0.49732106136389703
nd055fb2df86d8be,0.49293513601816724
nd05672eb7d116fc,0.4998613471989088
nd061f40f838a9dc,0.5026625481269623
nd06d29dde92cb85,0.4968367913901115
nd072563f02abad0,0.49600044528232307
nd0760cca0bdc76c,0.5016123527607522
nd0796da2d1fa86e,0.4997567098485387
nd0880e03ff0b92d,0.5030054278910366
nd08938b1e026d5d,0.49767115559181246
nd09e62ff08cad72,0.4869113873289152
nd0a451d46f53a08,0.5020861142006882
nd0adba4e5b47c0b,0.5007441949411153
nd0b930865210a6c,0.4997356148721601
nd0daede3c979459,0.5008318463583491
nd0e51e98728959c,0.5057990126315312
nd0ed4bd3e92ddb1,0.49963623256522083
nd0f46a284676ea4,0.5061302724579806
nd0fab07b1b3a589,0.5077396854745369
nd0fd78cf11cd3ad,0.4995365203274996
nd0fe07a9009cc71,0.4952194665048075
nd12d513811d527f,0.4966593872696075
nd12e849f036e75e,0.4973962053656006
nd1324f0a2e3deb5,0.5026562152174558
nd150c39e29da2c4,0.5007980801364139
nd15e7cfb571a79d,0.49584277718699793
nd1648a5f1ed06a7,0.5031315953533037
nd16589f841638ce,0.5003621788867478
nd17824fa3d26380,0.5022197812230569
nd17e11e553e9db2,0.4986677151598187
nd183cf095c0e9a0,0.5075057839676899
nd18e182d337bc92,0.49780254657378453
nd19489ecb85ffed,0.49957336159477245
nd1aa15eb01c6201,0.5027489191844969
nd1aaf1fbee56712,0.4995283577606706
nd1ab3d871031d2e,0.503303330899598
nd1ae260d74642bf,0.4987411322746366
nd1bd69f5bf05d4d,0.4971429590248738
nd1c82b5a2ff22a8,0.500942388248563
nd1c989a534a66c4,0.4924530367275836
nd1d0f364ba34ec5,0.4951813325538435
nd1e723074275db1,0.49860281063032
nd1f7cf14c6e8c78,0.4984501240049746
nd1f92a6a1aa12d0,0.4997883681897041
nd1fae6a09c4909d,0.5001926550480905
nd20916f9f7fb363,0.4981693227988567
nd20f244b273d48e,0.4984358325504864
nd21f4a6beaad003,0.501736049640499
nd230d12cc7051d0,0.5084397061378232
nd2313594c41736b,0.4978994063478838
nd2400f1e734d7d2,0.4999369107565808
nd245218e9899edb,0.5104378276785195
nd2480656327a5b6,0.5048544802218905
nd2626b817e59484,0.49941591649594075
nd26af291725588e,0.4957460511445446
nd2731b844e22876,0.49621257449122913
nd27bfce4c72c44a,0.5044243363878658
nd28344dfa49da16,0.5069034342159556
nd285398f6a9e6d5,0.4998652797312956
nd28c60470bc6e8f,0.49865434557881516
nd29bd85de8b1f9b,0.4987687236934256
nd2a4b287aa4374a,0.4987626429603551
nd2b78d60ad56d69,0.5030589651269868
nd2bf6d42c55c170,0.49947129947747654
nd2ed2317c41ff6d,0.49770475059151525
nd2edc6ae92d90f6,0.496070961363305
nd2f9ff7aadf484a,0.499126114916775
nd2fcf9abae23914,0.5021276679696756
nd2fdf3d2615a6d9,0.5045863381732545
nd2ff29074c9baca,0.5052906297407423
nd304abe43421db1,0.49881744913962545
nd31581e668c0435,0.4969688873222361
nd33e8cb1b859c61,0.49756576879872755
nd33ff3d6dde54d2,0.502267215122896
nd3426249f5af269,0.49619052573447253
nd350b7b427a7dff,0.5050004987034408
nd355ddb586c9be7,0.5001063346560402
nd35d0566af6af07,0.5070015963997122
nd35d366faa945cd,0.49622888253383457
nd3635ee5c28da4a,0.5063874424486972
nd36a4ddef283bec,0.5030913124013279
nd36de6e3c9b7367,0.5002066754428404
nd371e5c7e2eacbb,0.5053601720892491
nd37f45b50cfa680,0.5052248685743325
nd3a469a424004d3,0.497333965579329
nd3a584e93f92ae6,0.5063242202239466
nd3c142b1d959f8b,0.4951137936908706
nd3c2cecdfb709a6,0.501548635735276
nd3c6bef538c50f1,0.5040726463981778
nd3d9854dab21e2f,0.49889393537781573
nd3db046fa39f780,0.49838878858667673
nd3f10c52cf05016,0.4949379208108849
nd3f1b5b40aca0f5,0.5029487744843553
nd40023fb8cc0275,0.49974320005858036
nd40f1713a1d8c87,0.5025408277673695
nd4247e0be773b4a,0.49665193049038414
nd427156476b6fa9,0.49598022981468803
nd4350ff4edefdbf,0.5011618691584412
nd4418fa830aa0ea,0.4977839683649497
nd4435e02b61d317,0.5006485932751809
nd44872694b50a72,0.49880926941303727
nd4538b67ea0a2d1,0.5028236221900363
nd45f7f0f12824ed,0.49593411076711014
nd4614b46583bb4b,0.49498915638633556
nd462ea43818021a,0.5009913150845856
nd465d358b90467c,0.49709300194163186
nd472d3643c4d69e,0.5046579877013739
nd4741f0b9149491,0.4970622253747962
nd486859b8d2d1ad,0.5033856670337988
nd4895ee38f188ea,0.4964797977721513
nd48c5f5370996d0,0.49780022109327526
nd4a217f266ac924,0.4998356747540423
nd4af4fc211522e9,0.49642500818250573
nd4b89fecdf96a39,0.5043793283786442
nd4cd703e9cdc72f,0.4990062155131061
nd4f3f82b5a11130,0.4999507975185602
nd4f416ace0f4f02,0.4976149834787079
nd4f8d8fde5c5085,0.498338625491282
nd50498521c6d72b,0.5051335060987846
nd5058b7099c0204,0.49519444473972035
nd50aa34a655135a,0.5072657663927806
nd50ffb2b67eb7fb,0.49856274301548087
nd51a4ebaa119bcc,0.4977507060426156
nd52fc031600807b,0.5016780195858365
nd5533c0fbd3ff98,0.49573514050317313
nd5643b3708a48af,0.4994914220846094
nd570ba176dd6045,0.4995200072282749
nd58a4b78613c48d,0.4981845663448669
nd58bd9b7b4b9c08,0.502662686869568
nd5951b78be5dd21,0.4950698463684393
nd5971bfe9e672e1,0.501180361967178
nd5a9d5de736e96e,0.49637930191902446
nd5aa9a717575e72,0.5047867397637575
nd5b4d0820be0fba,0.49872119047365754
nd5bf4b7606c8fbe,0.4997870058126953
nd5de2b9b1ed4889,0.4976270852003098
nd5f3201ac369f02,0.5018758747371059
nd6232353892a54c,0.5024049569752279
nd62657fcda01b7e,0.5074145603470159
nd63137d8471ab4b,0.4986515797152252
nd637cd83b371191,0.5061357923881634
nd6404936329fedf,0.498645125011934
nd650aa4fef94064,0.49978047076869175
nd6531af56c8b511,0.5008291665270933
nd65d5aa1affa9bf,0.5012742873020966
nd668d6bbe8babd2,0.496280275193816
nd677f9ca1c2fa72,0.5002683491488696
nd67f2509587d8a2,0.4967071908562774
nd68f0cd68f9f948,0.5004803063120608
nd6982eef31eadee,0.503569825131384
nd69fc4f78d00886,0.5001936269820761
nd6a0528f877eb97,0.5012596559801815
nd6ad5f35345ce74,0.5015479797937319
nd6c069d69437995,0.498375676210354
nd6c807d0923630b,0.50443016562855
nd6cf486b8368574,0.49935498802214867
nd6dff426d352ba0,0.501851789231465
nd6e304332b2b84f,0.49610574723302914
nd6f7f05724b9b91,0.5072255477923485
nd7189b72f5973c6,0.49714945937910887
nd72a9622f112000,0.5031302978033164
nd7346d68af01388,0.5013341510065228
nd737d2f28d6d359,0.5059522590682594
nd738ce6e1c31f5d,0.49780122848140496
nd73a5664fb92947,0.5056538563702893
nd743b0c9ae94586,0.5002835717819571
nd745dc2dac8db50,0.49658278623665614
nd7501613eafaf68,0.5082546056800572
nd752d44e5419b5d,0.5026891339004809
nd768afcd3656799,0.49738200995281584
nd7851b1fa1c6e64,0.5050525938262073
nd79b438b227c0d3,0.4980878255548594
nd79f0cac781d372,0.4948791221330262
nd7bfef2161d809c,0.5017434438858999
nd7c29bb6864d2f1,0.4962131435282689
nd7cda054b6af349,0.4956810611927884
nd7d6127c3ee4571,0.49436470289288
nd7e4f7cca5116e4,0.4960500667908165
nd7e9e97bab8192c,0.49573551624541135
nd7f0e24769a5b6e,0.49623350532020827
nd7feb11f3db26a4,0.4954495748651874
nd804bc545e941d6,0.49445008027695797
nd807074ea8f13f9,0.503294421336768
nd8130298f5df414,0.49629192101555053
nd81e649702529a7,0.4967244378124424
nd8473552050ce9d,0.5014586274740725
nd85574db7161d68,0.493111150233973
nd8578e0c9b07633,0.4982073248696855
nd85aaea2e94ac55,0.4991681292521307
nd866e381618b085,0.4967546238314513
nd86c1d70fc0f716,0.4993294991085422
nd87a6df949d1e12,0.4982319209835411
nd87c0ea83a9d233,0.4945617668052157
nd88cb5df73e4a69,0.4973542417172033
nd8923dce65183a6,0.4939711999652434
nd8973156291b717,0.501481155251583
nd89e2f05bc5386d,0.4995863037679038
nd8a553470fb9e6e,0.5005828458381179
nd8a85c1772036e0,0.49306771534202026
nd8af79081849b1b,0.4985250958182893
nd8b0b447ee4ac1a,0.5030498109398716
nd8b70b766b23966,0.4974887117508787
nd8ba0dad0f6ebb9,0.4974183246506607
nd8bb6d7f15707df,0.4957256631502178
nd8ca8571f09c125,0.4972020896471154
nd8d66fd6647a1e2,0.5013963978714342
nd8e1488bc16cb3b,0.4970712856270238
nd8e732c1fae1a96,0.501020213959168
nd8f43348e2e2f59,0.5006544910273039
nd9024eb03751c3a,0.5025467210932493
nd918a7bb94fd224,0.4952749454309594
nd929e38c93fc0a0,0.5075003385584163
nd92a8035c3e0ba5,0.49925272766098217
nd92ed34c53d9af5,0.5083753325145441
nd92fcfed09bba97,0.5094159417320407
nd930c269b5b2aff,0.5045762687109902
nd941e1a63cf8a2d,0.5024586527329047
nd9470ea25343062,0.49727201513559693
nd949de5b0bbebe1,0.4966162639244252
nd94bab3afe513d0,0.4958463118342663
nd96162859b816e2,0.5037533203999882
nd982d500013b9ae,0.4952122186793996
nd9850f32a90021e,0.504510656532673
nd98ce754208e430,0.502051384223759
nd993a2f16b4a883,0.4941380121704375
nd9ba0a06542547b,0.5076658961835335
nd9d43ba256e384b,0.5053233917118448
nd9f0bd77a1bb5ec,0.4968860719532589
nda0fd8bf1c92861,0.49796896757778586
nda0fe8a07fa2d8d,0.5065602893773408
nda10660180c5344,0.49874960013796743
nda348459d3981f9,0.49598453600367903
nda37163fb4f3f15,0.4939566403067485
nda4a60e0a2bd045,0.500404628556251
nda617e91c79e66a,0.4944723259961685
nda65e5a90a416e5,0.4935034666418391
nda6d884fd99cd7e,0.49891673683315957
nda70412deb28c63,0.4997154316548605
nda77f0b89a8a87d,0.5013685362404608
nda8e99470475426,0.5059149749220458
nda8fef44b3fb910,0.4947540028489347
nda928f829222adc,0.5002568502235176
ndac292eaa73251b,0.49803476862095153
ndac462f4971278a,0.5058351594654807
ndace194f9a101f1,0.49835314433880107
ndad71b020fb2d2f,0.49882145715431087
ndade9ca23175997,0.49396885055388967
ndae4582685a6b51,0.49761303655118744
ndae9ed325db2f5d,0.5015484944126226
ndaf2c0ba9a1da58,0.5031156573548642
ndb00a23221938f1,0.496325452655159
ndb0b8518448775a,0.4975381358185041
ndb15f0a47890e32,0.499251651744221
ndb1c6d857f34341,0.5019325978114256
ndb23ea6ce0b5645,0.4977809775606403
ndb251d0ae69c10c,0.5010669392729301
ndb2897a62559bd8,0.49607304784042205
ndb2c4739faae3df,0.4986708694525279
ndb42b14b596a902,0.49796174292245043
ndb54954dffc17ac,0.49884373536413923
ndb576910da8d7dd,0.5039847365015051
ndb5989341a83672,0.5070242878139269
ndb6287bd7ee8c35,0.49842447653335686
ndb6def507335e46,0.49799240748476337
ndb6e63e4c5993f2,0.5043249879108104
ndb702e77823babd,0.5010915420081915
ndb70d7e799694b5,0.5036778775634458
ndb71df16503b503,0.4953489769901615
ndb7e17c1062f7ee,0.4985244982644682
ndba8f92012e8b7f,0.5057873114225075
ndbb20bd5489364c,0.4980262849475899
ndbbe2f58416065b,0.5053231997503884
ndbbf01b6a7e5a04,0.5002235398465941
ndbbf7ecc5efe72b,0.5025098298232461
ndbc57e18a8ab883,0.5007825268897024
ndbd1890d06cb51c,0.5028966667798431
ndbdb12cfac7bc56,0.49714587229721646
ndbdff870bd9bac7,0.4976993063504587
ndbeb6deff9e3623,0.5001823917762755
ndbf3cd1080b9a14,0.49529664113824473
ndbf6ba437996191,0.5011644630239581
ndc04cafe3e733c6,0.5038942451597181
ndc0a81d1aada8b7,0.4999029925239583
ndc0d90f5e1a66a9,0.49811236396858716
ndc16bd0b661f9eb,0.49953376987343406
ndc1be18734d07a4,0.49804112908674647
ndc1c82efaf764e4,0.4993618733907449
ndc1df9d137f763a,0.49802334606325055
ndc2bd66eb4e4684,0.49618968545268677
ndc362f35b74445d,0.49996348582717204
ndc4015bf53c42b8,0.4987967785796735
ndc427de4e3cfbaa,0.49807642481243714
ndc51239646fa393,0.5023081186759574
ndc52d6af1a7cfaa,0.4969970618866666
ndc5df442a2f43b0,0.5040220269955009
ndc6ba2c3f67c801,0.5048546407697472
ndc7cd2fa9243a77,0.4973567503121914
ndc80e5b83537fa0,0.4948067593443549
ndc86ac448cfb5ae,0.5024911097566339
ndc915f513554ae6,0.5008642839449559
ndc978700bebef74,0.5024521234030884
ndc9b861fa5b5626,0.5042551540158958
ndcabefef0f07ab0,0.5014995267275277
ndcb8a0f752fd6bd,0.5015054941197061
ndcbe053c3c1be9b,0.49758253423657556
ndcd056eafe13c72,0.5009999263521776
ndce412631c9a073,0.5042445791246664
ndce855b76ee59a4,0.5041180938304427
ndd01bdc873a2283,0.4993759316581215
ndd08b35b4532917,0.4993164954737809
ndd0b67ad4fde796,0.49621405197111856
ndd0bfd393e3f64a,0.5036819578210897
ndd0e28922082fe3,0.5019573545265895
ndd0f6e65c430b04,0.5074571125932711
ndd20eeaa231e2f8,0.4943771434632454
ndd45ec08597995c,0.4990376214363773
ndd4a9ba6e97f7ad,0.49577778024769437
ndd4b4b2968f8194,0.49414568131132774
ndd4f13497f78e9b,0.5000533900802866
ndd532651c858113,0.4967618381668622
ndd533a6aceb0c6f,0.4999111736720253
ndd537a0f5499e92,0.5010174666832452
ndd6b7f62f5284bb,0.4947357299953476
ndd91c3006fd1e07,0.5020692212882806
ndd94956ec60fdd5,0.5013717881218015
nddadb5369136e6a,0.5083695892217465
nddb278d9016418e,0.5047438407835612
nddc291b0d4eb14b,0.5076465178693831
nddcb34b27d59178,0.49846645608525947
nddd0a739f1a498a,0.501082332746886
nddea0017e5c9510,0.5024607913636445
nde082c7ff44ac27,0.5004628299476754
nde1fc0b41fb7e89,0.49475705042840024
nde278228c29c0b0,0.49464139208711255
nde2dc7ecdaf2747,0.49539046647116247
nde371f755af4168,0.49891799358734384
nde5b25d9b8dd89f,0.5072005416928842
nde5cea64ab1be45,0.5024606945270067
nde74c13a8200464,0.5002671505970558
nde77abfa3ef06df,0.4996403313293094
nde90478b10ec0e7,0.49520864148478666
nde9a00044779699,0.5012819072102581
nde9e7ea05210e64,0.5005130553879212
ndeb849f59c5bb16,0.499563071897983
ndebd26c34514d02,0.5026624542959177
ndec00e1e8bfaf32,0.4998726433371246
ndec5d3fac2efe68,0.5055261618813032
nded0c28a6971da4,0.5002638849663829
nded343ba5a4dd73,0.49660704061149596
ndee90630a81ca6a,0.5019257247621498
ndeee6e2bdc47c0c,0.5048986712454309
ndef532be2da2f7b,0.49791979194939584
ndefd6dc3ae46f17,0.503300417898745
ndf0cfbfc2e14bbc,0.5008038766621644
ndf1142a244d299d,0.5003667828311434
ndf146183a358488,0.4958063435248128
ndf16e8e3e0b30e1,0.5020365585132404
ndf195ebacf8440a,0.49735597616766847
ndf25e3b18108a18,0.5036264480163258
ndf2e452e4fc72d5,0.5022286215183335
ndf3376a984ba42e,0.4986098725468949
ndf3dee19da9a953,0.4954294055881599
ndf4551e347dc93e,0.5001413807667885
ndf4c17823db9201,0.5012806157237346
ndf5b5b301bb86e2,0.5008332804234196
ndf5bde802b7a644,0.5035930487283965
ndf5ec9e41945a38,0.5004717476401623
ndf6671e71aacb16,0.4988722436824686
ndf6c8caea368305,0.5008003341635177
ndf71ca9e65ef00c,0.49692155193300375
ndf79107ffd67a7c,0.5014187067148755
ndf7ebc2aef7d819,0.49906681299354133
ndf7ec3c4276f512,0.5020229371708467
ndf8132ff56e5ede,0.496722145514655
ndf888a20ca09781,0.49686689241382354
ndf90268d4fdb18a,0.4944759292949387
ndfafee494b11c81,0.5045754899720648
ndfb35f4bd3093c3,0.5010793309440654
ndfca3d046e544fe,0.5007405454552971
ndfce86811fa49d6,0.49824618762978157
ndfce9d6f39c38c4,0.5010279804961063
ndfdf34d86bff8ae,0.5001284359516829
ndfe48d35c7ec2ec,0.503662223406244
ndff83b339aa2463,0.501335712252497
ndff8f2f004b7fa2,0.5022039699424518
ne01665343638c7a,0.5002820151949551
ne01c863d270af77,0.49882453192248916
ne024baaf519a4f9,0.4949011001435711
ne02685f466c2fbc,0.49701305226885906
ne0277526aa67257,0.5018564358253432
ne0369ea07752ebf,0.4993720577995455
ne045e33219a497c,0.4965233849022087
ne05254e09e6f9e6,0.5071894993788175
ne05d4036df05070,0.5052425506567064
ne061bec94788680,0.5040139560288664
ne06e5590f74fbcc,0.4982742579816523
ne072696447c4ddc,0.49929340551145013
ne0759401679c7f2,0.5050011519082466
ne0763feb634bbe4,0.4981602102295046
ne07718e314de8c2,0.4994467225725414
ne07a1e3d38dd1b8,0.49824918479367125
ne083c3341bd29d8,0.50151929693118
ne084495aa0336cb,0.5050420909750557
ne087093e214701f,0.5028604364968287
ne09a2f72737f9e5,0.49724679668516913
ne0a9074a9272dc8,0.5093539327224306
ne0be4b009365dc6,0.5038569512457407
ne0d4c2c142fd57d,0.5019843477936566
ne0f1ee885eb104a,0.49704334192422056
ne10e4d5eb315976,0.5007334361483827
ne10e6bb7c3ff46c,0.5028815930715461
ne113bccde524f95,0.4941726875876048
ne1159d7eaeb9804,0.5021046432941974
ne120261db500863,0.49855523613715885
ne12a4952f03ec50,0.5099441169196549
ne13422c61f0649b,0.4948817651258915
ne144d71aa845bb5,0.5066674041277538
ne14a74f2cf628ff,0.5158662728295248
ne15a55d141414b9,0.4984841218658657
ne16dcbfc5a070d7,0.4994524271556793
ne1713d32cb2f649,0.5046075789694872
ne1744156d4c5f30,0.5017948631450689
ne17cdb2c7e239dd,0.5025223849660319
ne17e5f4e012dd1d,0.5004662341803214
ne186e8742840bdd,0.5070066233140123
ne186f7168e839ff,0.4999482704976985
ne18c8d4b65c068f,0.49910543107028155
ne1900d0552aa2e5,0.5005422235501733
ne198009103ab046,0.5042050138086929
ne1aa6135a700abf,0.4997184661788486
ne1aaa40459dcccd,0.5004511088266025
ne1b80cfbf3a0173,0.5032667303215768
ne1bb68e2fc812bc,0.5037564504684691
ne1bd52232c76db9,0.502822342470775
ne1d1c136b0a7611,0.5057318600300458
ne1d600a61c74905,0.49677001082481065
ne1ead52bcc37806,0.5058510345073904
ne1f76913f65b0ce,0.5008613413813398
ne1f82c1c14b4333,0.5015158251065379
ne1fbe4a5936dd4e,0.4940166370386902
ne20703f2b2d0913,0.49887397946472595
ne20ae2a6894f341,0.49986341597345335
ne210fd9ab634897,0.5061625091968809
ne21b5695d4cdd70,0.5041457778087717
ne21c478b1231742,0.49691807015443
ne22e9f9b5d22be2,0.5006388173278256
ne235836226ac121,0.4973335182956108
ne23f93050b049db,0.49629427680561383
ne24b98848fc7575,0.49600300715939105
ne24c9aff8da0ed5,0.4991963862153637
ne24e550db51e0cf,0.5050059485159307
ne25871350312912,0.4979471554144858
ne25bad5d98578b9,0.49971838595037354
ne263ba3c271ba3d,0.5078234834487898
ne266225339d17fd,0.49632065880652426
ne26d8937012121c,0.5047799591232612
ne275262b2dc77b7,0.5025699168503303
ne28321d5ea6f6fe,0.5046614253584867
ne2914494399af05,0.4983060099520296
ne2926bc84e65389,0.5007683535449092
ne2aa2c6be55c31f,0.49813918970191623
ne2b0ca288d6e327,0.4974432199427601
ne2b7d7113141d2b,0.5095476254254808
ne2bad65077230ca,0.4992605310916914
ne2c7294e7e8fa0c,0.506065714010991
ne2dc3b9de5f2ba2,0.5040665594725928
ne2e36542f2f0c6c,0.5030227055397947
ne2e88bf5dc3fff4,0.5005491753122773
ne3010910fca476b,0.5019694950279882
ne308717cc222027,0.5017518846429648
ne30ebf7485f00ad,0.5051110371884918
ne3186569aaa88d7,0.4968479210735106
ne31c35b79c17588,0.489844051945812
ne32739518cb6137,0.49702398761305683
ne3344d3bf6b9e11,0.4983969674692775
ne3457a7900ce620,0.5025310226340837
ne354e88f24a3a73,0.5070095159322507
ne35e34e89b362a7,0.5059976235815299
ne3627a4eeffae6c,0.5031456017021118
ne365752992ad43a,0.4988374107647168
ne3696bb2058b259,0.4906127807999165
ne36be777452af0e,0.4974645231539038
ne3725d7cf907427,0.4974071836720324
ne378557b19ef62c,0.498633127620532
ne3788331f8151c0,0.4986025502179587
ne37cd1046218c03,0.4999627571524242
ne37f8a442cb7c6a,0.4950559138805752
ne399f79624ba9b8,0.49544124445728793
ne39a484a447e546,0.5011976465436592
ne3b8921adef6005,0.49829471701595335
ne3bfbc65eec9219,0.4973401237201343
ne3bfedc3e6eee0a,0.49975487394300633
ne3d0a1d0215f38c,0.5055399161518795
ne3d15bf5f4e6020,0.49534981014768953
ne3ec7aa00a4c42c,0.5002138101795683
ne3ed68cc850f923,0.5037077150215451
ne3f2c02c7ab3fc9,0.49463750486784863
ne3fd52524b893f1,0.49467799190369105
ne3fda4fe8358c10,0.4930542355325841
ne4049e733349b62,0.49341756605850484
ne40ccfe6f7b02ec,0.5052404947124538
ne4144706392ff0b,0.5031651938464614
ne41b63681baef0e,0.5065652145990778
ne42cd2365536f0f,0.5045235658733564
ne43b975f5556357,0.507991297189924
ne43bec508a07eac,0.5047720754745213
ne4459bce1c58210,0.500867597886132
ne4507e8eadebea0,0.5002493702124228
ne4632a4260c2e57,0.5007755952879254
ne46940a9e89a05b,0.4962474756433583
ne46d6c14a265988,0.49827881227339016
ne4770cc194cda9d,0.500144720763532
ne47905cb6bf491f,0.4993224671790483
ne486056284e142a,0.5009866030578295
ne4b4d260242aaab,0.5020085198861124
ne4b5166ce07cc8e,0.5003698294248701
ne4c2b99211668ed,0.5047347103368509
ne4c73105f7b9529,0.5012354056917715
ne4c9cb130eaa2b7,0.49889284901788916
ne4da4805c9aae06,0.4998423585914956
ne4e16a852acf536,0.49660482477171247
ne4e56ae9ab87e2c,0.4964611482929553
ne4ecdedcecab928,0.5011751837860413
ne4f7d1ab0f3ef39,0.4948536275946898
ne4fcb82cb5d0635,0.49672389530007904
ne51689d7adaeffc,0.500588475142678
ne51ebc8b78117d6,0.49629878616510936
ne520f62955ef28a,0.5114087878078843
ne52232c4adc6144,0.5017274106853217
ne5342226450b959,0.5032462742614838
ne534a695ac6494c,0.49590466446343096
ne535d734f9b7d13,0.4977109172310236
ne536c5fe540fc8b,0.49864503553528805
ne53c688b66212d0,0.504732474334044
ne53de8ef2a4bd5b,0.49894583773617246
ne5414832b234426,0.4972416144240585
ne54b38c51779c26,0.498881383286682
ne55743ccccf3fb9,0.4994591835451397
ne5593cc29169d54,0.4944042906029244
ne55cd3e41c63c1f,0.4941743170386494
ne5655d530a35496,0.4962964335995904
ne5722699e32c57e,0.4988890786222943
ne59df8eb8875bdf,0.49580258607283456
ne5a00de80b61418,0.5001597353222471
ne5a086290eb458f,0.4958101035052767
ne5adae0c4f3d8ad,0.49623530449588715
ne5b38930924658d,0.5024714467063128
ne5be1fdb13227d4,0.5036334451539747
ne5c7800ae6121d0,0.49779318155468044
ne5dd8d36dd17330,0.49458978289886096
ne5e3564a261d4da,0.5028158288286309
ne5e9311f7330410,0.4986521722519593
ne5f1448b019ce3b,0.5005975797641415
ne60810587c46711,0.4951812877212598
ne6098ee80bc734f,0.5009551229909269
ne6187536e240834,0.4979934070744678
ne624451da2c9d89,0.4966841567203881
ne64fa63d96c31e6,0.49446080020033384
ne6527f08bc1a5f4,0.5010305027522095
ne653d18acb02b28,0.5016430466604938
ne659b6e3a608421,0.49680058226089063
ne661dc12b00267a,0.5020715805047081
ne669323b867f483,0.5005004825603022
ne66a21eff20b591,0.5047860891255939
ne66ec04e4a1f70d,0.5042698621606958
ne67458fa9950ed2,0.5091461576053142
ne67b98c05b143e5,0.4932261997929928
ne68cb0bf0a87198,0.49637045644218075
ne699b57f160b0f8,0.5026219283171355
ne6a347ba6ef1509,0.5054130864638802
ne6ae8ff147a8e9b,0.49899500773951816
ne6c0d5cc76806f8,0.4973847494532052
ne6c69c504ee14ab,0.49872288226950084
ne6d4aad5ce5583b,0.49586886568461686
ne6d5525786bfad7,0.5004528502690846
ne6e21abc233862b,0.49587456092363347
ne6ed2003bbbf657,0.49653790888359306
ne6efa08772134a7,0.49498788357280743
ne6f36f79278077d,0.4988164966289718
ne6f493a86117cce,0.501947764287929
ne7011f00fafa33a,0.505033638719303
ne707ee116686fea,0.5002719736632874
ne7093f1d5501ebb,0.496565318084494
ne70f30b30b0f6a7,0.5078197438135285
ne715bd2471d29b5,0.5018463696797876
ne71bbb7e98f9406,0.4960612005188528
ne72ccef7dd97f02,0.49804404400315777
ne751f03973269df,0.5050015290922107
ne756c3271c36a01,0.49737209072863114
ne758acc51cac89f,0.5009922741950861
ne7779f6c50b8904,0.49808194936040007
ne77934b703b1977,0.4977088082859864
ne782da1bbd3c1ee,0.502716748535336
ne786958faecb408,0.5032285947417869
ne78c256f2219df4,0.4991045437505217
ne790de1fa2100e2,0.49801705524578843
ne7949132fa2ce37,0.5041494673221523
ne7afb1846f0024a,0.4959120290482266
ne7c2bc5d75b50bc,0.5015933812377039
ne7c367d5b4750aa,0.49866283775209297
ne7d0909bc9a2eda,0.5005226523036562
ne7d5b4ce9d4a5ea,0.4963460829410657
ne7e2f401d752f1b,0.49604764964047504
ne7ee01c1058de0e,0.4972326056285156
ne7f062c57c2ac9c,0.5041434300573611
ne7f18ffbebfdefd,0.49687228933152594
ne8145b460f3614a,0.502578805067952
ne82d0916ef1b6d4,0.49804605247385114
ne84dc6c2e88b2c3,0.49998190658798225
ne84ee6707b84433,0.49835123694281724
ne84f7d2d6b47f10,0.5030692205635235
ne852fa2889cac55,0.4948333040543959
ne8572ca9899c6f5,0.500256049379308
ne85873b7151910d,0.5059056331394665
ne85c127b5f6c0da,0.5012076535537904
ne85fc510b00a5fd,0.5017040950514277
ne86490a7c2c3f4e,0.50376787700464
ne86a09763c42b55,0.5011612272532369
ne86a7e55bab6123,0.5007466045506256
ne86faf3160f8c4c,0.5024683750092686
ne8714eb63fa6faa,0.5114931854841991
ne892c908e11bfb2,0.4994938515933499
ne8a255d21eee6b7,0.4983378313686781
ne8ac7b4f924135e,0.49759430662823106
ne8c5ceefe855f82,0.50143030941151
ne8cfd92a3352b15,0.498453126792076
ne8dcd0292d6cc91,0.504032510969191
ne8e04ae5a967d60,0.49953450307221253
ne8ec46a64ed5a55,0.5035371828453571
ne8f45a92a4d1a82,0.5013422881148633
ne8ff8c36fcf9fd3,0.5010224277094596
ne9035d2ca529e09,0.5080057300036628
ne90629346cde2bf,0.49561813854989745
ne919a792d38d44a,0.5064659205685124
ne923bc2b681f22c,0.4985434865022567
ne92decf615004aa,0.49541112184669134
ne93149929196e2c,0.4924489087878013
ne939a8183d4181d,0.5012033440312407
ne94e8d8d5a22352,0.5001978002563238
ne9516bce583f837,0.5013769785593379
ne95ab7933a02229,0.49873224011351147
ne96db764371640a,0.4919438187378647
ne9735751ebbd3f8,0.49674639611848426
ne9789c20aaf5894,0.49700194888282717
ne97be0849b3de1e,0.5015242780050565
ne983f983f501d0d,0.5043940148003893
ne98444a08c66971,0.4977209500469328
ne98fdddb8e0e013,0.5004521223269781
ne9909328cbeef08,0.49740617709220547
ne9995b12f5e4605,0.4972058997447005
ne9af74acfb453d6,0.5015932381195619
ne9b173f3994ed97,0.5002488463886768
ne9d183e2bef36e4,0.49944595963950916
ne9e9c0d65d2991c,0.4961635065281235
ne9fd60a1817736d,0.4974173150966424
nea07e252e28c560,0.5021670500048688
nea0a07657a03eed,0.49341689406662936
nea0b16a316ac20f,0.5034333277434516
nea1f6448612a4a5,0.499430951277886
nea22c4abdbe44df,0.49568896030627435
nea30105f6556dcb,0.49743615588238993
nea31f7c7fb828af,0.4952516879141096
nea3954ded027bf8,0.502183061744021
nea3cf5096839262,0.49740095388933087
nea3f251f9070d19,0.5000391028722954
nea44de49652424e,0.4966773263226508
nea46e874f61b453,0.5010007525137606
nea48d4657126e64,0.5010600180864576
nea570b85564696a,0.5038224734551892
nea658c308949ee0,0.49433424496965495
nea69131d7341953,0.5042423331092505
nea6db4c19703e02,0.5024924018725161
nea6f2f0de913a14,0.5012544924416651
nea716aca23a0487,0.5036512335684106
nea81c0f1f02409e,0.4955771649898281
nea87ea3c97f879e,0.5004516788321348
nea88ba35655c276,0.4998912109605048
nea8b74f881ff6fa,0.4987243263333626
nea9f20d266d87a9,0.5005418458942565
neaa07ab0891ac96,0.5009119960300974
neaa3721d9116fed,0.4970821236645593
neaa380de546a838,0.5048091499887362
neaba8aea96abf7a,0.4960285845423507
neabcbdbe8566116,0.5026279723775215
neabfd5a063d9548,0.5072662783376701
nead41a4290d0ad6,0.5006036847538462
nead7d8730a61d57,0.49412689656528747
neaeb93e4fc54278,0.4968072175104819
neaecec705be0a7d,0.5013645979533278
neaf31b4c8be9cb7,0.5093697197621985
neaf58d0c62bebe0,0.49937125135829674
neb072df0d9f1616,0.5001324759304291
neb0c4788cb940ff,0.4954196038448122
neb134a90d4a5608,0.4990743305070691
neb2873c929b754c,0.5024917203112643
neb4234642272d0c,0.4980590367592692
neb53fd686e456de,0.49558838744104594
neb63c08d2cbc9a8,0.5043837241616838
neb640bfb34531e8,0.5053281759597085
neb699a8bbec5650,0.5060270657526033
neb73b9c38f9c50f,0.4981602561689477
neb922d491d5826b,0.49392014870601886
neba34342e8fb767,0.49928324340306207
neba8a21376c2e34,0.5008716170629295
neba95ea682b9566,0.5034605598350129
nebaf96d4befa229,0.5029968866282671
nebc03898fca2175,0.5010063892184854
nebc17da25017936,0.5036557830269409
nebd2c084a946fbb,0.4952890617896603
nebdb83548c2457b,0.4994456899704654
nebe6356357aafdc,0.5027793360472623
nebf80dc012ac34b,0.4974835095048346
nebfbc8d4b466f0e,0.508077519897115
nec07de5b7bc45e3,0.49530264800288787
nec0d279c8698b7a,0.49746239490964045
nec137ce3215639b,0.5008707534437331
nec1530644c9dae7,0.5108501676773832
nec15dadd15dfd9a,0.4971493140005482
nec2a5ddfcab76a5,0.502783667329574
nec32013f9cd077a,0.5009761871001894
nec391bb68d0fcc9,0.495936656509205
nec427e4cb01996b,0.4947403354654519
nec540e579e79c34,0.5013747384472089
nec55b54b0f7588d,0.5068003538128472
nec60347478edcb0,0.5014361985302874
nec746df565414fa,0.5103510212265845
nec749de25a87ab6,0.4963240574928252
nec83e5cef48f24c,0.5084955746583887
nec93d02d28032ba,0.4965513400513603
nec95cc30788cada,0.5060952178058148
necd337f83e9a4b9,0.5008426011944626
necdfc770c16bb45,0.4986559917145306
necf27b1a3c909e9,0.5096326258408769
ned0201c2a7f31c3,0.4986132419235649
ned1f72d06d47dfa,0.49901323195211034
ned2c7e776fa77bc,0.4979847075918825
ned32af16497be88,0.5049250947795547
ned3735e4ca57ff4,0.5040278903957858
ned41aa680e1cf3a,0.4988757796140178
ned458141444e22b,0.501347332622831
ned4f816de4766da,0.4998675824668231
ned504f0bc46402d,0.4980987472502383
ned717459e95776f,0.5006438985689273
ned7793a525a39a3,0.49843895603799443
ned8090bef205df1,0.5040814720023931
ned83c35d2a06093,0.4981274937552749
ned86f7797cc350c,0.4979853533769639
ned98728c5cc726a,0.4990224567180649
neda1087477c3ac3,0.5079558017653768
nedae27d665aef7a,0.5053776902371885
nedb00d5a7f500fe,0.5018287616912782
nedb189e8044dbbc,0.4934664717927582
nedb4673da777a5e,0.5065116406328137
nedb5024dbbbd141,0.49579227543810034
nedb71415c500932,0.49719262370349465
nedc0c92a88d2472,0.5010089540062147
nedc219df656b905,0.502671358230591
nedc375f99c72238,0.49596173759414375
nedc4c1c00dbaccf,0.5053900284276899
nedd4758052686c9,0.5070620099739848
neddfcbe9d98697a,0.49938526281577417
nedf5e6e53ec5069,0.5050383262080391
nee0ae4783897e0c,0.5048972421840696
nee0c1505732011e,0.4991909399429705
nee1146154feb59f,0.5033177634706452
nee128fb371b77e7,0.49816495901818597
nee25a825da10b39,0.5000079485841754
nee3c72c28575dee,0.5005290279236412
nee430adf281e7b8,0.5029415174850145
nee4642bc82c4425,0.4983657783268508
nee67ce3bc0154b2,0.5010290611789838
nee772b56f439cf7,0.504193361721344
nee7801a943c5964,0.49451135650305855
nee7871aa704374b,0.5009351493783692
nee797dab0944262,0.49707610743161934
nee7da1cf482429e,0.5037144436678224
nee89ddecd8724f4,0.4971471681883789
nee8e9a5e8ee50ec,0.5014411620806118
neea13baea212c67,0.4977070547306753
neea7338573018ef,0.4973610170908804
neea885c8f862e1e,0.5029019550250924
neeabc5277eea244,0.4952945350828166
neebea7bc1cb3efd,0.5021547470354424
neec903a3f46dcda,0.4938705104228112
neeca5a95e4385ca,0.5001648403874884
need5d427899868d,0.5032281849652223
needc10c717a28e0,0.4959096104085847
neee2e496887e80f,0.5015905546620297
neee89cea9ad7776,0.5022162851155402
neee8fd8d8b2a26f,0.499860330952437
neeec4330ae08ef3,0.5016385538039397
nef03ac568fea286,0.5013556152552554
nef20835351c4f90,0.5016384805141841
nef2176206b43c23,0.5031316346489206
nef21a1ffb1a608f,0.4962644502936319
nef2ca5bd04fc85f,0.5059554958349363
nef2f1f906951485,0.49953121538133893
nef3faba2d40ee42,0.5049688303512254
nef405f1546735a0,0.500405608558391
nef47ebc9f11d1ec,0.4993622375740911
nef55942b204358d,0.4943805950447615
nef6bd80f80ee9a6,0.5038791311062872
nef772054bdd074a,0.4957034270647833
nef7bd0c8a0c352b,0.5035615932950412
nef7bdbf45cf3fdd,0.4999131914061949
nef85ce13b80c364,0.4933990295165541
nef8612d355f3b74,0.5006554898452198
nef909a2e698f41e,0.5019906943571104
nef9292c29e883bd,0.5043106212716493
nef98af3342afe82,0.4985005658787516
nefb2d652504a126,0.49639345008547664
nefb564458f4370e,0.4925189232840119
nefc71c3231bca1e,0.49924134838610584
nefcd49f43aaa78e,0.5004104481267492
nefcfbec3440f3dc,0.5065824159577161
nefd0461f384da17,0.5029506338786415
nefd4878f7148dc6,0.5020958532644076
nefd7bfa15f5e997,0.5045042344239948
nefdadf58076f5ea,0.49334151302734636
nefe3428f1da1c47,0.503619637115848
nefe8f06e50bb7f7,0.5027196473412437
neff94209e319e85,0.4947014981339717
nf001059e9375dfa,0.5029310426878646
nf0010644fbddebe,0.49311304959265817
nf0060889a23c03d,0.5098681151755656
nf02a3ba815c989f,0.49152126666458046
nf02db88f3a1c3b2,0.49853647421497244
nf031b87af215d8a,0.4944251470086561
nf0350eed67cd26b,0.5039093917905357
nf046c24b34d67fd,0.5013883053852332
nf04c8586be6b306,0.5089857449385401
nf04faa53fb5e6c2,0.5019250118983146
nf04fc5d21a2ea4a,0.4972750189564232
nf05717d0ca00a33,0.4982823260164385
nf081d6273584b0d,0.5015649722258433
nf0878e9ed1fe140,0.49928942515258457
nf0bc499afce886d,0.4999064404581045
nf0c1caca1d85887,0.4947011395100557
nf0d04e686e94a8f,0.4953335352753408
nf0dc7a84b972898,0.49977350596117814
nf0e09c8152ffd73,0.4973252292197449
nf0eedb8f720605c,0.5005917096458583
nf0f35df2dd16fbe,0.4979288744504232
nf0f5f87e693a160,0.4973873898496575
nf0f94a00015be32,0.5027644798731837
nf1069b9927c29f0,0.5034055695226742
nf10a3cb7bcc4ab0,0.4990455022402518
nf112e2c474bd418,0.49920398208632016
nf127299adbfaa69,0.5042953501933104
nf1277e450849a59,0.4941578297043127
nf12df10403d792c,0.49567577161571486
nf153ccd2a02c7d1,0.5004235872331871
nf15410b33b70f00,0.502403239687741
nf1601bf17ec0a60,0.5016851889487997
nf16923fe21e3a2d,0.5006363203698366
nf1832b19e60e865,0.5046288063723842
nf18779974ad21be,0.5012527053280137
nf188d56f7920721,0.5021463614857206
nf1890b58e2a3ff7,0.5021226900740088
nf18cdc0e12bdefa,0.50685049117376
nf19017d9d7817ee,0.49789864899701597
nf198f6ecd1df92d,0.5038248338846874
nf19d6c2a8736c23,0.49849637405672986
nf1a515ff0a8a73a,0.5031420051174094
nf1ac837d73f373a,0.5033347120076681
nf1b13fc6a17272f,0.5002406171726393
nf1b6701355c3c4b,0.50570600687953
nf1e0f5d3fd4b12d,0.5068215032179864
nf1e5f5a41568423,0.4884123629100659
nf1f5f073e5939ad,0.5028332759144692
nf1fbcd57c434402,0.4958905224765731
nf1fd62b6efc062b,0.49438447207373964
nf1fe7347bd286db,0.4965642308339172
nf20691cfac78fc4,0.4986707428930849
nf2107fc4ac478ae,0.505092843751928
nf2210be0f980f86,0.5077250186099868
nf2249feedb27b96,0.49723312390410473
nf228893631257e7,0.4954272280842827
nf23e034558cb9cc,0.4949427022445717
nf24c1730f46c983,0.4990919255906085
nf24fa81001fa2c8,0.498789856384699
nf2564f7764c7d7b,0.49971037596624435
nf26a5cdde5b19dd,0.4997443890224763
nf26d7f5285f3de1,0.5050113665000583
nf27e203230ebd5a,0.5104054618369086
nf27ec01f6388f28,0.5019117792721941
nf27fedcbccf1f19,0.5017924439399192
nf28361afbb49cb4,0.5007055140993762
nf2937afea3c2b79,0.5053578265718125
nf29627c164b6749,0.4991313873177681
nf29ab70f4f07f82,0.4982813362711482
nf2ae9fbfc03a5d9,0.5032301046237433
nf2b37aea69aeff1,0.5045479291195564
nf2b6d48200a8905,0.49857373967532176
nf2cacd33e74db55,0.49816452284527907
nf2cda1ae77f0758,0.4963753856614249
nf2d14bd961227e9,0.493706030145641
nf2d234a8635b68e,0.5022157121208118
nf2e41a46fb7478f,0.5018906555535748
nf2e41db91fb9977,0.5025459080536601
nf2e68170713b448,0.5040564342532095
nf2f1d97d47ae469,0.4981800788773052
nf2f3cdb85dd5469,0.5067988036248308
nf2f98f6202257c5,0.5036812413807548
nf3043b4a4f6dca5,0.49553175712842124
nf310dc4b002d47b,0.49797595625676827
nf3352e099aee3fa,0.49584205961863453
nf33adabcffaaf98,0.49954049845034654
nf33e28fdb3663a6,0.49849070959036085
nf349287b137611a,0.5004776432318088
nf349849135af3a1,0.49810925046364685
nf34dddf7c02c4f2,0.49949250734408607
nf355ec5adc292a6,0.4935876835663723
nf35728838083603,0.500670355510193
nf35875fa397a57f,0.4961140494143878
nf359a6e0574cb30,0.4964145077956932
nf36e56f6a5167df,0.5043727100842751
nf3708428b05c627,0.5011927147627981
nf3768c0de4c8c24,0.49488750347439064
nf387973a689b212,0.4964818444135431
nf38d0e87389bf4e,0.4961009143863522
nf38de2bf0f6046a,0.49891969567964395
nf396eeed8706fbd,0.49910645784735586
nf3980a8e67f47c4,0.49652613700182613
nf3a24e1f7ebccc9,0.49981138276215575
nf3a2b5bb28ce5a9,0.5048391635785706
nf3a9c445b275b7a,0.5034533556039698
nf3b8391871aa373,0.4988514750809883
nf3cd7e53a0adbde,0.4977840719427784
nf3cd83c9bf11bb8,0.5029239603014489
nf3cee8e95293b9b,0.49562553207916266
nf3d3ea0372a6cfa,0.500943771000664
nf3d874cef75ab0c,0.49804467196154506
nf3d98ded571fa9a,0.5027271385701192
nf3dcc7820583bc8,0.5015165491564219
nf3e5238c1eccc27,0.5019124276418806
nf3e90362bca61e3,0.4967444562628417
nf3ec4fca23ecc82,0.5000103815012863
nf408402d2fe29fd,0.501138098161036
nf4172af00f6f04a,0.49613179369107796
nf41d1a1fbc207d5,0.5032760155694979
nf42cf5986ca72b6,0.49800771674914357
nf447569a9da0a01,0.49947603412577174
nf459bf484043240,0.49948869890021247
nf460f7026144b69,0.498725449410506
nf4678a56bfb91d6,0.5004021195804395
nf469b967bd1ec03,0.5046770756540854
nf469c9a5bb7abd9,0.49971744978992694
nf46dbd8ef40085b,0.506626402578404
nf46f94e4629b958,0.49924320223245483
nf47997a43823b4f,0.49831718296744
nf47a2b27410d54e,0.49750637192397146
nf47c2b494bec21a,0.500547853519778
nf47cf5843d7e7a1,0.4972973333720242
nf486aa4134f743f,0.497721249357083
nf489dbf7959f288,0.49661506135707567
nf48bbe9630b7729,0.49855227469443586
nf48c61324f1434d,0.49872219775725907
nf4cad4a815b24a1,0.5034590226586003
nf4d7981eb2a9b4f,0.4999322993834905
nf4f7a39fccf7064,0.5072712242777125
nf4fe2ea2eb7e433,0.49998632271742316
nf4ffce9b3f78f34,0.5033012315541618
nf51335e1cbd7d05,0.503028918795814
nf52cc1ea41cdf72,0.4987959148660359
nf53195643351663,0.49965461995142324
nf534d3946728938,0.5024441640479376
nf53a48ae56f1b42,0.5031542265011554
nf53b2c533ef5404,0.5009696146259468
nf5665c23485e2cd,0.5020181758083364
nf577b5710a0099a,0.49741574927295895
nf5891d996cb198d,0.5046377532440569
nf58c12a1dbd5e96,0.4963794089927943
nf5a78375c7315d0,0.4989001270907176
nf5b6540d8acc01a,0.5023907555519098
nf5c54368cd13247,0.496709367626864
nf5dad48862c75e7,0.4992438941983855
nf5f76965bac72b2,0.5045882950040032
nf60ac7eece3b214,0.4986351785136534
nf617181b7fa195d,0.49629060763245103
nf6212145b4221ad,0.5042882105949181
nf62563f536f31cb,0.509219447603607
nf625843247a0626,0.49884884888988823
nf62c1774f689434,0.5060154000948682
nf633a3832441bd4,0.4962661589904798
nf634dff17c9fa81,0.49782195110453353
nf63c401d2dacf18,0.5063547389969565
nf63c4827aff1228,0.5011883288041312
nf641c5587558549,0.4930169910132281
nf64cf5b194ac5fa,0.5006183968239306
nf64d7bd679d0acb,0.500542192640313
nf652d82c55c2fb8,0.49746060619219307
nf66a6ed2b9cd64e,0.4996652814886012
nf673a6c5262b0e3,0.4994636114590892
nf68395c952cb6a0,0.5028278688450628
nf68497d5cfd3efb,0.5036040250508984
nf6856a57ac84f0f,0.4986660110546561
nf687996b82fa3ed,0.501487747895839
nf68c6ecbd570345,0.5003703003096235
nf68dc28581d7b10,0.5021701373865087
nf68eebb61e12a93,0.5015501074273224
nf694e3fd8f067cd,0.5021605707246268
nf69a680706d5434,0.5035946206745713
nf69b6a6e24d22f0,0.5085819094987079
nf69e2a878baa5ff,0.5029631270898016
nf6a47971f2cec1d,0.4996160736586279
nf6a902f03358d53,0.5000837573519777
nf6b1d76cc6ee0dc,0.4957675266617737
nf6b390920bbaeb6,0.4970133682121559
nf6e6ba99e807967,0.5063567275620707
nf6fd84682a77714,0.5016665974785003
nf702484466d34ec,0.5029937393056295
nf7046f5402f0523,0.49566274207771005
nf715953e287b0db,0.4972930946915198
nf72291dcbc2c6e8,0.5025977001719705
nf7295df2f80fe87,0.49544582976417983
nf7397af8f1e257c,0.5010787908895582
nf74146537294d4e,0.5012092680992899
nf74835286cbcf68,0.5020565242525485
nf7546886ccfeb41,0.49855411289046236
nf7623cd9aefb16d,0.49749734317101807
nf7630a723fec742,0.5060254631597606
nf768b8ecb7b13bc,0.49119472088398375
nf76c6abdc94c295,0.49738625305480133
nf76ecf81d3809d7,0.5029412786288345
nf77322e5e2990bd,0.5005960881172059
nf778790c62220da,0.5007349749920262
nf77ff1777826c81,0.4965128232742746
nf78232595f45fac,0.49711381517591086
nf7a80de716142b8,0.4998456034322057
nf7ae67d2a52727b,0.500859857325185
nf7c3fb7a40573d0,0.49931821078857747
nf7c879b23dd4274,0.497872782250911
nf7dc7e765a5be8a,0.49357535850606976
nf7e2e461f073ea4,0.5015824748656671
nf7e589e1fd79597,0.5020083492124222
nf7e6e7061149d4d,0.4996750766027739
nf7efdc089736c33,0.500162793572163
nf8014693b4798db,0.4992941018043885
nf806f3fd8d9276e,0.506030330020478
nf8155d97c56ba72,0.5014003313789224
nf81e025b25c8d2c,0.5012589395726347
nf8227974c7d7a74,0.5083638220640151
nf826b0a8d3878cb,0.49409408170551367
nf832bda35810256,0.49712704926626505
nf84b26b0b9592cc,0.4994781519892116
nf85bc35f35185b5,0.49629996016171024
nf875492d0cb8dd2,0.49941883334743525
nf87885a9237e723,0.5067491081045699
nf89a108e778952b,0.48980279917403674
nf8a3bd2d8a15cd9,0.49758589291371413
nf8b725332e12f8f,0.4981500198098156
nf8bc78deddf1881,0.49392433663943586
nf8c1aedbb2aea17,0.5035696687870813
nf8d14cdc2602c0d,0.4993396229300531
nf8d4a27e2d24bdf,0.4922281384293
nf8dbd2b1982257a,0.5004673857619111
nf8f6a59b72f84e3,0.5027541489027306
nf8fee4593bef78b,0.4998873895190113
nf9027f299f32d87,0.5015795426098888
nf90743feb33ac0c,0.49851329791826576
nf90b4d778fb39fa,0.49796297156245783
nf92dceffc8e4b77,0.49751404406850913
nf935d2ab5d4a473,0.4978360564080634
nf957f9062faf7aa,0.49222727509909664
nf96e6a0b03f3097,0.5078759877903152
nf9700c37db9a9af,0.4999140974347805
nf97ead0fb291c39,0.5096223451079189
nf9852fb07ce59da,0.4980461309490935
nf995db12db7dc9d,0.504210093908029
nf9aa858fb2b6a2c,0.499435548080328
nf9abac7aed6c9dc,0.5035164423158247
nf9b18072e367b10,0.4966914609804706
nf9b8831cdf16ad0,0.4995070536252204
nf9c73663ae1b9dc,0.4977061190267181
nf9d94fb71afdd05,0.5132155441674271
nf9e21d9be531257,0.494704542253612
nf9ea79cad7c72cf,0.5005901635624779
nf9ef29d02fa46ab,0.4999352919930353
nf9fa5e6570dfb97,0.5019586544404714
nfa08b44796bd008,0.4990899134311278
nfa17a1501331930,0.5060891736611219
nfa27dda86fe9fa1,0.5014459521353328
nfa29d7f48e3b9f2,0.4988040711498683
nfa2f3f14f79496c,0.5048630035899481
nfa30ad7ff3e4304,0.4977316005962883
nfa3e95506c6cebd,0.5021591221218372
nfa68ba8749081e0,0.4948927587474483
nfa6d5bcb492d5da,0.5019450388180131
nfa75b1cf49cd7cd,0.5023683595891063
nfa7832e66988fe9,0.5026891021873315
nfa8a83d78c0173f,0.5045215412449834
nfa91493a0462349,0.5082751636894564
nfaa27c55274977b,0.5031308300761019
nfaa825b3e918fc3,0.49939755163195504
nfab3c091851f676,0.5030536944310625
nfaba835bddcbf90,0.5003583138857912
nfac1e930bb39445,0.5016418989202598
nfac625c9e90e9d6,0.5056139118917217
nfad071beea97157,0.5001452049848347
nfadb23ca666dbfa,0.5064009728743026
nfaf5cabd07534c7,0.5001062176452141
nfafb64b9f19aecd,0.49825682364897417
nfafea567e62f81e,0.5018311825807961
nfb04503096fdd7d,0.5026800713742589
nfb11ac641a0a157,0.49957532540725874
nfb3734cbdd21c9c,0.49815056436624067
nfb437fe35f11e9b,0.5004810539116658
nfb49c0cb51d6c05,0.49442132464770755
nfb4c0515457bd10,0.5005263973280666
nfb64348cf1f8ddb,0.5002581632013104
nfb6703cafd587fc,0.4913980452729154
nfb7697f3f2219b5,0.498653123749289
nfb7f4cf20bc0a90,0.4965785553333499
nfb821f6021add9b,0.5052988052472807
nfb828687a861924,0.49852800401260494
nfb8535892d2cf3c,0.5038700717967812
nfb8ba83444293fe,0.503551087047614
nfb932c2304778de,0.49863805676542583
nfbb01284414c05d,0.5019526154115141
nfbbc52978209b1d,0.4884969913672802
nfbbd528610b9539,0.5094856756341597
nfbbed0d665a5432,0.494244259203347
nfbc5e371f96f738,0.4959431506250936
nfbe8e2eb11bc05c,0.4969611485029999
nfbf055a81591b54,0.4944872349106652
nfc01c169698f63f,0.49771287026722294
nfc0ec71d23e323d,0.49757206179575963
nfc10a3f93b6a08a,0.4951822087988602
nfc1a9f30a392699,0.5022945945724149
nfc218fe50c64994,0.49896347857531226
nfc2cfe9e2feaa04,0.5019280385639334
nfc3027bd1323588,0.49987611389723197
nfc3fac086bce058,0.5000311345221098
nfc4be2ad02fdf71,0.4990168157562571
nfc4c62aba4315e1,0.49945443136964035
nfc4e015bec4cdf9,0.5000414937240009
nfc4e9d350ad5985,0.4974181850176389
nfc5acc0df2d1519,0.49603172367985215
nfc5b2fac90b6a4f,0.5099079567196501
nfc7448f4a44212d,0.5094553773809917
nfc76c02b164d0c3,0.49776123885208046
nfc928e7a9894935,0.4978734032140264
nfc93c40a8827b23,0.503389471060291
nfc979782fa3c1fb,0.5061375410841134
nfca006a9da19e97,0.4965323499854154
nfcae267f1613534,0.5015895777880068
nfcb31a95269fb13,0.5064454851475253
nfcc37a641d09d9a,0.5012684987199876
nfcf4bc5d352f388,0.5045451576237489
nfcf8daa74bd392c,0.5068380389591964
nfcfce6b8f85df56,0.5048704360047889
nfd15eabc43487ff,0.49752045977343795
nfd1ad95dd1f0bc5,0.5012609263267531
nfd34484c33a38b2,0.4961134477835702
nfd3650a174c0645,0.4942055079210648
nfd4c991a554076c,0.5069064256055924
nfd63e64e1b5a5bd,0.4999098868496973
nfd694590d3356a3,0.502566037533541
nfd7226681df73b4,0.4956352000112139
nfd73c8ff432190d,0.4979688732042775
nfd8814727b2b7cc,0.4974243988463269
nfd8a72373708eff,0.5043004391691258
nfd8b45f5d7061d7,0.49719519934933976
nfd92adffff674c3,0.49671467199758274
nfdabbb774bb7a2a,0.5041421834710873
nfdb0d0221d6104c,0.5017111642134059
nfddffe5d6aab108,0.5029074354550807
nfde5fcedcf7620e,0.49960347376376146
nfdf9af87c78b729,0.5081166671238975
nfdfe89b25bb2389,0.4937275405750152
nfe1758a32bc6179,0.49848938746115645
nfe2661cd44f3730,0.5049119957702678
nfe2ffc2dfa7d931,0.5116869068436634
nfe322ec70d80d38,0.5002768890448568
nfe4ca8d19182f75,0.5037225367815857
nfe4f5d86f51bb95,0.5018781122986916
nfe5392cef90c9c9,0.49806221568507003
nfe591fc14b8e95a,0.4959605518207044
nfe599fd77224a7d,0.5070923329560543
nfe5cce4f6fd9cb2,0.5007744671058049
nfe5fc8ae6d57170,0.5018708860317683
nfe641bb42a2180e,0.5027112767154231
nfe6b1d5e47a24b7,0.5001737820194918
nfe70122b56d727b,0.4976824249128909
nfe96e2cbb7ffc01,0.5068494570044909
nfea6d72256cdf80,0.4939495830776679
nfec442821196a9f,0.49709866880738335
nfed36fa3051f4f1,0.4967265647894722
nfee8c0f958efa8e,0.5063529025697652
nfefd20b30d610b3,0.49209244530229285
nff00d31280be449,0.5000743885586708
nff0d694a8b6cef5,0.49783572895192635
nff0e2539a112895,0.5010030060868813
nff112ddaf7e639e,0.4992496277461938
nff17ff1b6271f12,0.4976434160790332
nff3611966b8f8df,0.5037418854644305
nff3c24006a9869b,0.49731294164460416
nff444f64f20374f,0.5033502784782138
nff503a82bdfcdac,0.5042110008089217
nff5209d5aff1a2c,0.4970635329197519
nff5a19263003946,0.5000931174602008
nff5fdbf333cae0d,0.4959964494921792
nff5fec575b89356,0.5060105275460594
nff64fa85a5dc21b,0.5018810197725622
nff65d46cae15116,0.4974369586906948
nff6ad85931b310e,0.49948122096025255
nff6b56e577b5d53,0.4977420101894586
nff6b6daa4b964d9,0.49626002822974763
nff7046422e7d26e,0.49716064609834354
nff8090582e127a1,0.4972171697288477
nff82361260ba864,0.497347738992044
nff9a9d6b5544be0,0.49601259940822306
nff9b5b23e39d814,0.5046128300452681
nffa747649dae1c5,0.5010149821832495
nffacd98bf13c400,0.4990134758795686
nffae48dd9bc63a7,0.5008181870285205
nffb5d0d71b1e50f,0.5148011108516584
nffb61a4ff07891f,0.49633493751960905
nffc33294c153fa7,0.4962202848563653
nffc90652949bf4e,0.5034448620395934
nffd12755e901de8,0.5023427688191628
nffd30535a56a6db,0.5001486832693662
nffd7af6aac535b0,0.5042187108997522
nffdd1db64966af8,0.49821933431713533
nffdd5557a8e1e3d,0.5010957287385188
nffdfada246cfdce,0.5068672758729914
nffe7f95287beef8,0.4950170068536495
nfff407c6a2611c0,0.5000576220488355
nfffb33edd344cf1,0.4997581538568579
