id,prediction
n0007ae776870162,0.49768937998554064
n000845d6f7be6b3,0.5015012732980616
n000e9c0fe40166d,0.5019449966908293
n0029c051326dc83,0.4987359943638563
n0029cc4502999ff,0.4975698473604189
n002ec628b52d809,0.5024063001151892
n0032a4447153b46,0.49739629229963295
n00452eab694c6a0,0.4949444258184029
n0049d711d143fd3,0.4973373770198818
n005b0e91fd40cf0,0.49087527352392774
n005c0a5e6ca0f3a,0.49713032977706495
n005d79951ebc8c0,0.5014471037615545
n005e9756a6b203f,0.4999308439759056
n005fc4f5acef3a4,0.49725674804183473
n0060457d5e5a29b,0.48908616456236237
n0061b0d0da3e6e3,0.506447383560792
n007651f127ec9d6,0.49795942703547136
n007e0b67cb772fe,0.49234733364445576
n007e13513946b69,0.5012263077915979
n00819d508aff4a4,0.49659269933747546
n0082c7fb90998a8,0.49408139057379397
n0087af9327f7c75,0.4988276503647966
n008fdfd4a9ad5e0,0.5014845806934594
n009f4f5f7661d9d,0.4994066068306582
n00a435f042555fb,0.49630458394691834
n00aca16961edd94,0.49581696727748287
n00b3fe3622420e0,0.4996878167149759
n00b6a1a338a16b2,0.4968456258541003
n00bd44cdd860ee4,0.4963198673643727
n00bfa8b0f5af765,0.5021668459324046
n00c4f66631ca2a5,0.4959980204058987
n00e017304279894,0.5065441178974233
n00e7904bfb045e8,0.5027822120687554
n00e826ac6066726,0.5038776448123669
n00edc8d85326ece,0.5027005852289262
n00ff513898f53bd,0.5079089342054741
n00ffee1c68a6acd,0.5047773157123828
n0103307543996b0,0.4986054588403299
n0106088134bfc6e,0.49501841943943975
n010a16e119521f5,0.501954654028769
n01107e4284c0617,0.5030734308955922
n011e7cfb450b8e5,0.4929894943881643
n01202406550abde,0.5017345339306108
n0137274241866a4,0.4955609593654099
n013a5fedad28999,0.4962884060590883
n01422e0ceee93e1,0.497783133409445
n01648bfef856323,0.49224258551837946
n016534be89c0cbc,0.4978193982722946
n016d064b9647e3f,0.49853837751763547
n016d2acb1db231f,0.49871812273489363
n018d679a63b72f8,0.5020298588442721
n019248457e4341c,0.49947133324184295
n01960819a3110ac,0.4975258228412932
n019a6c10d175d18,0.5029731569625772
n01a052812273a10,0.4925112294230355
n01a1709fba6aec6,0.5032727739790477
n01a7c21b40ceb10,0.49977422055332615
n01b196200d9a1bd,0.5077506580131286
n01b54597886b586,0.5013510317284096
n01b6d00f5fb7a7e,0.5034647680625934
n01be00da2d3c269,0.4996947643602641
n01c15cae109d326,0.4997907440139047
n01d5679c2ca13c3,0.4973455450864538
n01ffdd9d2dfe43b,0.49625573875169376
n020037b15d155bc,0.5003101115392982
n020ff1a1b52ec17,0.487956270536167
n0211b2364a218df,0.4979271811724275
n0224db2d31e98c1,0.49820073817441907
n023a2047cdb2e71,0.49494268215929393
n023c432eb63aee8,0.5026989514756639
n024364dddda591c,0.4963750150412972
n0252390553abab6,0.49227887537243054
n0252805a18b1a70,0.49816838537935043
n026ff37d7614bb6,0.499324931285637
n02ab73b8194aabc,0.504709731817068
n02e0b41c465fb52,0.50028427282509
n02e4b32b6d6b03c,0.4988824469896527
n02e9d878fe01783,0.49464260663600174
n02f9a4695637103,0.5009908576580092
n02ffeb5b3c36e3b,0.5011384290324538
n0300f5170f9ae93,0.501323711397459
n03074c82ada265b,0.5013324303961971
n0314aeaa186b6ee,0.500710219383205
n03179cfa8c9a252,0.4986033475740487
n0326da1ca40e3b3,0.49670269453298826
n032a23c8f0546c9,0.4997786463829882
n032d28c8a429d6b,0.501476493712358
n032e301f958e1c3,0.5027474273681087
n0334734e8f1e721,0.5014753775672074
n03396b10a790281,0.497506184607285
n034fbbb4225b74f,0.5048011468395358
n03511dd80895f87,0.5002582080176062
n0355eeaa4774b77,0.5004542906649255
n03608e76ea0502d,0.5036070095955495
n0368df4b54a2cf9,0.50074684837737
n03805258d069585,0.5010347758379762
n038499b36e8143c,0.49815675185007163
n0385b72d3cce426,0.5042336667955862
n038d2a2db67daa0,0.4938865868770592
n0396509e14d4569,0.4974271624282876
n039db3f73ed6e98,0.501721765439365
n03a2d1e1048673e,0.48880621030464616
n03a33a52f7d1174,0.5008129986912004
n03a3738bbf3d02c,0.4983466293438663
n03a3e3f05edeaca,0.5009884442065312
n03a50a0ea3bfb02,0.5008004127751073
n03a8045fdf12868,0.501323600147727
n03ab988ba617d87,0.5009464957903174
n03af55536b14b33,0.49080583942289707
n03b5a70b4bc54fd,0.5012869735090537
n03c157d794f0edb,0.49850563554849325
n03ebf402d602cfc,0.5029703613494771
n03ef60bc0dc604e,0.5135972725690223
n03f56935c92303a,0.5095319509231138
n04092d3742d1290,0.49864129931496265
n040a0543a55b5df,0.5022790529597483
n0418817d9c0191d,0.5017654156854523
n042160755fca556,0.4983008562026182
n042cce3026cf8b9,0.49756936947974
n0441c8deb066da6,0.49769787602637616
n0458ba0187ace35,0.5061316269318653
n045bb5d892fcac3,0.49966836514688395
n0462af44668da2e,0.5051126701516231
n04632ce069c38c6,0.49753872597851595
n0474e1c94ed3e61,0.4982254838647247
n0476f90ad02016a,0.503815937806878
n047a6e202e93c5d,0.4979172040934586
n047f48f9c797e74,0.5041210062642694
n04804d34f2b3128,0.4978590542241391
n048a687f5c5e865,0.4951989240737617
n048c12a676e5c9a,0.5046903067071717
n049cfacbb787730,0.49445229992589695
n04a0137a0ca58f9,0.4975351471836674
n04aefe377918a0d,0.5041422930080066
n04bd837be56c00d,0.4981488794493567
n04c4d119bce1197,0.5025996574207029
n04ce6afa4517439,0.4901439148845493
n04d58efc3f5c888,0.5037930030168308
n04dae4885139eda,0.499871204363915
n04e350330318642,0.5018521078562226
n0501a757f4c50c1,0.49854590112494424
n05047c541a73c4a,0.49714594811280843
n0513ac551b98ba1,0.4985110876770856
n051bfd7b137e229,0.5027212314886781
n051f775e6e87994,0.5028119235772809
n052ec3c127addb5,0.5004258397909594
n0540416a5d22f8b,0.4995643350046027
n05431188b5fc9a3,0.4997848398279232
n05442e0171cd96a,0.4907749776423978
n054bd369629920a,0.5033470913267157
n054f75565e870f1,0.5005087783201365
n05574405ad6eaf0,0.5058272422223441
n055ae093806fb46,0.4948634666963353
n056624dcb72636d,0.4951290214424993
n056940e29b95ee6,0.5016052188643115
n056dc4cdd2fe7bf,0.498464497707682
n057db66806bbc3c,0.4968409720428203
n0585c0830771780,0.5082653994803987
n058852027180609,0.5020125209235029
n058a5714082a55c,0.5030730834154361
n059308c48f0a455,0.5017845831097539
n059728886b51317,0.5067740881159826
n059f1fac3197dcd,0.5022087525714899
n05b31bbe5db06f7,0.4999072277609915
n05b91acc0cfe43a,0.49994286347421574
n05bee9713d12fa2,0.4970265650702205
n05c008250b3f364,0.5032993975574829
n05c3b15e363c28c,0.49418069068024106
n05c5bfceaad337b,0.5039503964842781
n05dd075ddd355e7,0.4988298147506199
n05e27fa26ad0a1c,0.502623891476738
n0607796d47f39dd,0.4970463783855986
n060e0ead242d1b1,0.49891373555313256
n061493ababf17fb,0.494551102368846
n06189e03700e731,0.49953983187899015
n061a9e8318de163,0.49438607155425635
n062e456a735a242,0.5019316984942178
n0632911dc3217ca,0.49734094133393786
n063b0c848ef8e60,0.5000076055915931
n0640c7be2ce15a2,0.49749038796077727
n064aeacd0ca63de,0.5085416843413143
n064d0903a1967ad,0.4978594653455775
n064d98f0e018b5f,0.5020009395962998
n06528c859d23fb5,0.4916499935476701
n066cda549a425a5,0.510255868582858
n0675685e7a8dd2e,0.5047271811444591
n0677353d926d746,0.4993367277002009
n067e6613f021974,0.5129085705706793
n069718a798d95dc,0.5000798775297751
n0698670402a4648,0.5016372728059721
n0699058ce2f3f98,0.5013091180855653
n06b09d6e043923a,0.4936885560513787
n06ba5db7957f13b,0.5074951784297502
n06ca8b334c95d59,0.5100498289745975
n06d79044dcfbc10,0.49267121931517677
n06e33121f56cea5,0.4970904262796734
n06e674e01c8720a,0.5025857183979036
n06e83689776d615,0.5021250578392213
n06f1655342c2bfe,0.4995810024913384
n06f61cca03a88ce,0.4970427319930366
n070041dfda9e416,0.49545042446751414
n07060851e817778,0.5072311688233453
n0706f42d824d7bd,0.5011827683430526
n070f3509d6d5b8e,0.4975913654632219
n0720831d00f7fb6,0.49614359944777436
n072306f22d94923,0.5050871122015139
n0729de8a167914e,0.5064829820845054
n0734c89b336e0ab,0.4988315329335927
n0738afef5f65781,0.4929495274240693
n074173043877224,0.5062091428088591
n07444143a57df89,0.5004125716863338
n07475d4cb52bf12,0.5026579054049299
n07644174a8f2888,0.5029046041177828
n076f21da0ff7e25,0.5037314720568312
n07738ab045f625c,0.5006533311760778
n077a9d153f2667c,0.49683705123591704
n0786b795708c12a,0.4979341663779304
n078e680a269f2ec,0.5089222397095282
n079ffa5228547e2,0.49584064024227636
n07a2b8687e60c03,0.5001303190183544
n07a8359a7ff2091,0.4940279161390493
n07b07a16b3f3014,0.5001338190235479
n07b52ae001f41be,0.5005366250212747
n07ce8ed8e222873,0.4970797114011061
n07d02390953e0f5,0.501974398546154
n07dcc3249858613,0.503388540901243
n07ddaea49eca09e,0.4952019723903242
n07e9617ef3db5d3,0.508714520336044
n07f3d4838e9d69b,0.49794016907129396
n0804b6258d00902,0.5029631704191562
n0841e1d4629db71,0.4957180536967374
n0844ce1a4f46791,0.5040872334187805
n084df6ce80eb696,0.5004159210814704
n084ea74e1f109d5,0.4915278428817605
n0852de8cde47384,0.5003094704274588
n085e52d6435ffe1,0.49937401275976
n0860ee91236ef30,0.4970440019131134
n08700d30a680140,0.49555234345916527
n088950eabd0eaab,0.49728464796122734
n08903df6a6822bc,0.4976440201574984
n08a1d441f87c353,0.505914842244011
n08b797600c00e8b,0.501749837085012
n08cd350cc9132d2,0.49764404640848636
n08d5064b0ae2101,0.4976818417080729
n08d636433efaa65,0.4943768359877402
n08d645e7a12b2e0,0.5022507945850709
n08d8901fd7c6ae8,0.5055892568659431
n08f3af0898f494d,0.49989420370257037
n08f70ef7f25848a,0.496575014229958
n08f900d4823cefb,0.5017635769049417
n0904512a43cc854,0.49087190129708524
n0911899a888513c,0.5011657932117303
n0928ec6e25d94f7,0.5075065659129211
n094946866fa2e1c,0.4912194816653878
n094e1003c2d4b45,0.5020506552398217
n09554a0987015c0,0.4971996934906199
n0961afe8396bac7,0.5056497005319479
n09630ddadfad4bf,0.49914917777324935
n097281b1072abfe,0.501690884170902
n098d16a686cd3d7,0.5012298605346831
n098e8c880a105d5,0.4997735140860717
n0990ef4aed11479,0.4981342674333105
n09a7c41f51779a3,0.5024985498223962
n09b159025acaf8d,0.5099414275253493
n09ba46d2935c1bd,0.5093351904130451
n09bb762a633c98c,0.5066250122799121
n09ced427bfe025a,0.49068821778098615
n09d6bc46481e76d,0.4977353138382989
n09e3e41814b9796,0.5006141186002504
n0a06723f5b7c5ad,0.4977619421049074
n0a08b1da3227620,0.5026633652348395
n0a09826f3f67514,0.4956871679083899
n0a0af25360d7338,0.4966407895490883
n0a0b22688b632ae,0.499415207387295
n0a1dca02ade654e,0.4920450224547131
n0a23255ed95bd42,0.49975383735526013
n0a31e0afb0bd5d7,0.5015864300692814
n0a3f9af11f76348,0.49073777714482447
n0a5d2c597640dc1,0.5016022628737428
n0a642ae56bcd3a3,0.5020455010255641
n0a6a141ddcaf7a4,0.5048534356686603
n0a70eb7f3e8b116,0.4982762643672277
n0a72d49c7065733,0.4991905898533326
n0a87887d8157234,0.49902350215790475
n0a87b76c689bc11,0.4998736643624796
n0a8b79f66bd810b,0.4980974859647014
n0a8b7e991233207,0.5064022751558122
n0a93165b9cac6e4,0.49948570285096194
n0a9497c9b9c0cfc,0.4997054701913688
n0a96b1040e45922,0.4989056458569156
n0a9faf7aa944445,0.5014315769241993
n0aa6433f484f12c,0.5030216068335517
n0ab64461bf0e076,0.4971671847865016
n0abe5a70c238dab,0.5006117652929347
n0abfba2b0aa8507,0.5047240660874178
n0ae68d273f845a7,0.4925678811840249
n0af433c0c36bb07,0.49484494011933083
n0af647273f6abe6,0.5011930919449633
n0b00b8ff5665358,0.5006588655201042
n0b03d33d23d44a5,0.5035299406386041
n0b0c439ad34ce20,0.5017513421422531
n0b17a1d1896391d,0.5024025280320408
n0b1a740cefbb15d,0.500245632063585
n0b1aae7a2268088,0.49899922448323125
n0b24e10cc3b9a27,0.5008148606126676
n0b25a6ecc139a5f,0.49948948531497533
n0b3676582629a7d,0.49668860731565195
n0b3e6f43face720,0.49786948741073433
n0b56156c1ed85b1,0.5002895802124031
n0b564ed20d49252,0.5043444947320018
n0b5a1a3b98b7d91,0.5031624090567444
n0b640902ddec280,0.5002429629894967
n0b7ef08a6aec6ed,0.49967464592669913
n0b82a20d8485b45,0.4951897619376913
n0b8cc947b16cc67,0.5024964549539656
n0b9027d43f9b23a,0.49691180585879613
n0b96e19167ef360,0.5066793479604005
n0b9746bee964053,0.505389980753116
n0ba1bc403c1e272,0.4950902881285551
n0bbb99b1ea754aa,0.5089371137580694
n0bbd308b59ae6f7,0.49741588548267535
n0bd8c3f28e4eebe,0.5105608969439208
n0be7b9f0ccbf66e,0.4974855343689011
n0beadc5fabd46fd,0.502825060611974
n0c0015f9c5ec1dd,0.49486159900573895
n0c04d93cf14a4c7,0.5003572909977927
n0c0736005aa9127,0.5052833063537745
n0c110560aa5d7fd,0.4998297174485892
n0c1e1ed13952293,0.4968734810376365
n0c1f4adc65585ac,0.4950691371911619
n0c3ca3a883b3e83,0.49894487158772016
n0c499610e8f5733,0.5033562799612276
n0c9040e5ede9b48,0.4967435808434572
n0c90ad7727bf07a,0.5036679210770386
n0c9479887680688,0.4970852811744228
n0c9a35b536c49be,0.5022998355363067
n0ca2b556c54ba3e,0.5002187051635606
n0ca3dd944ca7598,0.4976403524689298
n0ca42635e83d84c,0.49075124974317647
n0cabb1d246526d8,0.5008837449823186
n0cb095a01965a80,0.5017693516167403
n0cb298f15f27f90,0.5041780897372459
n0cbcc2ff02a74a2,0.5078674056600243
n0cc2e3dbe73fa1f,0.49836416216936746
n0cd85582700c187,0.4989476075089888
n0cda266b527713b,0.4983401132269757
n0cdea70afa6da11,0.4990722272631599
n0ce6fcbf9a783bc,0.49850242009922674
n0ce883bb8ec455c,0.500817177742482
n0cf824e99070b8c,0.5004904550732524
n0d03437bad993b5,0.5057324009612741
n0d0b6fb45a0fba6,0.49848202239557515
n0d14c3a1ef038b8,0.49505021910336117
n0d15b8532823a79,0.5020304688178082
n0d2339c7d8eaee3,0.49860163975155103
n0d324b7881357cc,0.5054236780644945
n0d3fa80d20859f5,0.5011213427048237
n0d41e33fdce500b,0.5040016626548752
n0d6b9d1e81db538,0.49845359052323684
n0d71f8eeb4bdffd,0.5019123077346045
n0d7e8d56c142cba,0.5030677475383198
n0d83a42468cf3fd,0.4944640580128703
n0d85bdc0d40dca1,0.4980054895039713
n0d85fdcb8056a5c,0.4932072138898856
n0d8d0a6f2981867,0.5048092740708326
n0d994800a91e143,0.5032759478246506
n0da3498eba6d804,0.5014202190574554
n0da35fc3fdaa7b1,0.5019485902755668
n0daf73a20331e8b,0.5012522200274938
n0db5c09abe52cd6,0.5044337073796507
n0db95dd06b6ce97,0.49596801189372497
n0dba74a3cf02ee0,0.4994567853167716
n0dba89702147f28,0.49958328328030543
n0dc17425dae4d3e,0.5025572212768785
n0dc20101e63212c,0.49992155084971507
n0dc23489b809f4d,0.5032330163896653
n0de0335ab24b00e,0.49974426061302424
n0de7af83731bbe1,0.5047841371921551
n0e029b2f84aa402,0.49818044451924964
n0e09e3aab8ea0ed,0.5003117510908688
n0e0ff4a27fd0cb5,0.5042089311192793
n0e125c939943d8c,0.4931447169917663
n0e2b082f79836a7,0.5009603858348027
n0e494e5954a0955,0.4958615983570995
n0e4d04e8ccf07e2,0.4991484938721653
n0e76d2edb45257e,0.5044821727150123
n0e826415cbb5097,0.5008272704750486
n0e849adff90122e,0.49782220644269637
n0e8bec90934a7ed,0.4934092849342583
n0ea46e34b8317f8,0.5005713049643699
n0ea77cb17b5ce44,0.4977637931626685
n0eb247d2c8a36aa,0.5008421868974486
n0eb3e318128932a,0.4994443844251803
n0ec35068615d516,0.5092226015030503
n0ec63411118bc7e,0.5001115638329076
n0ecbf059db400dd,0.4967203203866542
n0ecd75bc177995e,0.5007586593129678
n0ed480e52d11eae,0.4960217203811088
n0ee31ad64f8225d,0.49945987261330627
n0ee7de4f0e60008,0.5044555389328774
n0eebdbd29a468d3,0.500984717870347
n0f06d06b49b6768,0.49734916847364835
n0f15584ae59f628,0.49764223749270825
n0f1cba9fd23d0da,0.5005333825697919
n0f2591f5d7d9b3e,0.4999779876515264
n0f445e970a90a2c,0.49687242413459815
n0f56e23f4d788c5,0.5027865619589538
n0f62e27463ae338,0.5006692878507167
n0f734b3ea6448e7,0.495778117793016
n0f74b53f2048c36,0.49985320693678875
n0f791a39faab376,0.5017516806247438
n0f7a68c936bc9cc,0.5027421398655089
n0f85506fcba0a57,0.48833302954706265
n0f89df4de23cdc0,0.5088007761155963
n0f8a73f4d298759,0.5019034505317078
n0f926a39642fbf9,0.5049571068672482
n0fa0cd8202786b9,0.49962216481579486
n0fb7d0640195f0e,0.5098566837749187
n0fc2d814c8ad2f7,0.5014498813662976
n0fc55383cb66226,0.49991843453503115
n0fdd37384790e9a,0.49738113635966924
n0fe380796e874f2,0.49930273486719023
n0fe54ade428201f,0.5035857468077449
n0ff455498fe0872,0.5067133800270649
n10043af65d504c9,0.5006774299018032
n1004b96c0fa7fee,0.4978425479804745
n100a8e068d443f8,0.5100112508459667
n101ba1bcaebee19,0.5077154082248423
n102e0713404e28d,0.4936018439588699
n1036d11bdf4a55c,0.49786836682417707
n10426c7b92820a1,0.4951648919840885
n1052479276b3bc1,0.5058631470142967
n10531050f596096,0.5009385308777085
n1054e388be5759a,0.49836415251502775
n10660aa82c46f86,0.503831716519884
n1073ac26474ccfa,0.5006433404086331
n1073e9c1a44106b,0.4989088339654997
n1098fb9e88268eb,0.5015223587399195
n10a9d3b27002193,0.498818475082947
n10af30abca53490,0.5051249621187619
n10b94b564184867,0.5001380834682934
n10bd852059f2126,0.50043619338173
n10ca5794e140e53,0.5023888673354906
n10d25e0121333f3,0.49619869181631565
n10db306ee13c541,0.5060601599952503
n10db40965ac6480,0.5061493620242268
n10db6ec9c6c3537,0.49654475564685524
n10dd075230d2cf5,0.5014716592452719
n10e465eee5b6726,0.501849716831714
n10e9eea8641e519,0.4976695265493913
n10ecda49cc6d616,0.5031725314254791
n10f1c9b83ad81e6,0.49850829534418317
n10fdceefdd604e3,0.49932941309675394
n111174d53c1207d,0.5030617425113035
n11174098bcdecce,0.49829930012962825
n111b28dace353fb,0.49877438649330164
n111c62435b878ef,0.49661506644430625
n1121895926bc60b,0.49985219908502465
n1151e09188a2b0d,0.4967861594633814
n115ccf15644825f,0.500679385266566
n1169f8bf5492488,0.4996748413830527
n116c1561f226663,0.5005320040219922
n117a48f83bf1e16,0.5062394376721451
n119fcb46dcb7e56,0.49913431404096703
n11a01229b97fec2,0.5023637909109684
n11adf87aa299e46,0.4965557143671241
n11b13bf11dfad2a,0.5030395283819512
n11b32f05dbad3e1,0.5029704558748426
n11ccbd652a6a7d4,0.5011370846070686
n11e32c88cb75cb4,0.5099627806365504
n11fc484487f576f,0.5064146334777427
n11fee24debb3b6c,0.49910747615337575
n12010d0192475bf,0.4978036687128193
n1204082ad6084b6,0.5019913684349868
n120632f33cec697,0.49791996637272573
n120a8d22dd5832e,0.5078922096169562
n1228123746b72c6,0.4925092990017894
n122ed75a2e7f39d,0.4960227187863284
n1231ec3cdbb3557,0.5018409676834819
n1234e61db0a29c4,0.504549856652001
n1259679a1289eb7,0.5044997204245739
n125a31d236891c1,0.4970531224736248
n126ee08b34473be,0.5026645061707642
n12760cd49051e43,0.5050663570111117
n1283e0c31f54768,0.4993998998116988
n1283fd0becd22e7,0.5041416073494567
n128fc916f24c0c8,0.5013287166664406
n12912dc53813c0f,0.5009974004691017
n129d0adcbc3640f,0.5076711146099108
n12aa4b688984272,0.5068118633963954
n12ba22c73b6e066,0.4935502410421202
n12bef9d913c0171,0.49677343682352354
n12cd985c5735105,0.501522118551551
n12dc95304872dca,0.5047808266983446
n12df3209fc2f3c6,0.4976541872620706
n12e56efab685339,0.5014782462785337
n12ea76df3def04d,0.5026878148518177
n12f206b02a3a226,0.5002324566709924
n12f31765a77a8dc,0.49551095184012633
n12f754e36bc10b5,0.49494819504125726
n12ff249a7a5918d,0.5070741527074709
n13013b37b60f856,0.5111219606649164
n130498959136a6f,0.5019222704807029
n13069f34f7ae3fd,0.5062506134846402
n130710b5542c15d,0.49220921726799816
n130b5d8c94e1ae3,0.5015137456187505
n130c1aed26baf68,0.5009400846169224
n130d15c9d674409,0.5027820216929787
n130f8c22f705996,0.5022768103881237
n1314608a2380db3,0.4985538114858366
n131acc515e70018,0.49512319212982
n1329395bd41de45,0.4989898910270798
n133d1c772f6c527,0.49630987683473227
n135367523ae21ee,0.500735612637579
n1354f7d8703d8e1,0.5046326290737312
n135b37e46075330,0.5019191551843255
n136210f086c509d,0.5071606371250789
n1362d1ba3e33bcd,0.5036337193705451
n136857c4b519157,0.5069206420607939
n1368aec9d97fcb1,0.5002725357866777
n137c65776c6c980,0.49051567342557145
n137eb5304aacb70,0.5011444775872587
n138395a10e24c5f,0.5001333074507806
n138711259e708ae,0.49535981218507497
n13896756dc0a3f9,0.49724020236031524
n13b2126aed4cd95,0.5033668502848647
n13b9b5afa22f2aa,0.4982424338366242
n13ba9783fb7bacc,0.5021371988837687
n13d231554bfb1c0,0.5036825370584367
n13d3a49a50e52d1,0.5003847236729118
n13d9fb735e15a56,0.5048888776679831
n13e0d03880a638c,0.4999054988821539
n13e2634bed14f54,0.4910772290124938
n13f6f70882fd7f8,0.50489325123423
n13f9d04ca4c13f9,0.4993811257287064
n1407fbfe918aee0,0.4963054258633109
n1411a986081379c,0.4999378228245615
n1411da9733d1c99,0.49768017134897014
n14242ea1530af82,0.499806900335982
n14289b28b2f3ac7,0.48787852153126987
n142c8a8576215ca,0.5112026405766501
n142f1202e6465a0,0.5044502689309251
n1434f021f400f4e,0.49925879576566146
n143abe331beb2f0,0.5010614664450499
n14437689e087f16,0.5052282021393327
n144c8adc5b40b01,0.5016952088495888
n144ca9ee9be1a29,0.5022761917406964
n144ee636c2acd46,0.5000399460279982
n144ffe6135be9fd,0.495076818848219
n145e053b5a8174f,0.498760474974049
n145fca5ae7b8f05,0.5031309857790321
n14756e8723e5768,0.49768266727446503
n147bca44f4d94ca,0.5007627237751849
n148b9baf6bdaad4,0.5015645398151628
n149bbf3ac6565bc,0.502891638763395
n149f9918a0e7739,0.49619704476196635
n14aa32352f465d9,0.500472770136191
n14b011fdfee33cc,0.4991083268869519
n14b0dc63eeed867,0.4987150264062483
n14b7945c0288b9c,0.49485515855194756
n14ebcbeea381633,0.49710876063813636
n14f80d93b16210e,0.5044109909601586
n14f90be2faa31b9,0.4972589940624511
n1500bfb03361beb,0.4964109729952183
n15012ba36bb83b6,0.4973544264642563
n1505cf840ac8672,0.5034870297206754
n150c16dd0527926,0.5054617025910378
n150d92017645f8f,0.5047866299585261
n150e3d9aa4ccc50,0.5039639473822429
n15185fa1fd41f32,0.4994947334375719
n1526bd28cf7763d,0.5066731919667601
n15308645a86560e,0.4990212843247012
n1531ab8dc9ba59e,0.5005215298683188
n15376e5c090cbb2,0.5010691479615937
n15430b733628ac9,0.5044709037105
n15631d5b34d316c,0.5093492774977432
n158794ee939f86d,0.5000044370639887
n1588fb06d293cc3,0.499360207291351
n158934ccbd54e7b,0.501238168119057
n158cb5016094f9e,0.49884874198010615
n1591bd23d7fa47a,0.49738893536892986
n1596e495b83b488,0.5009151849227225
n1596ef7e601478c,0.4933225528259863
n1599413e934abb0,0.4982621777230616
n15a2db04c55363b,0.5046828090349204
n15a448661b3a0c5,0.501568132727486
n15af9de4eca3670,0.4945083832250765
n15b5e829186dc4d,0.4961786199164183
n15b7ff591b2ad1d,0.5057795310491717
n15cb42a2aa225c0,0.504777842856306
n15ced3ae5b60687,0.49865405531182844
n15d2e5387c71ce0,0.5000027143232227
n15db412ef9d20fd,0.49738212489183975
n15dd7b4d0606207,0.49939011445541986
n15e9f6c908aa116,0.4999805230455124
n15edbe8cc1886a2,0.502706697950165
n15f339b9e0113cb,0.5023860638947493
n15f4dfecfdc6f86,0.4967833143886078
n1600dc57b8b239d,0.504741949693474
n1607f3f37ce1843,0.4979171041516202
n1609968a60a9f5d,0.5011140402778599
n161449291a59f1e,0.5069089552131125
n163f6f170694283,0.5012002129453811
n16516e5a9fa7ce6,0.49453951585476513
n165570b49ebf501,0.49833895589493815
n1659db51776c945,0.5017071857572571
n166597f5fd16884,0.49752847662520616
n168302f7b31b4ce,0.49952947138249504
n169a13229bf8ca4,0.4940682757446451
n169a2921a51cfc7,0.5038007737804275
n16a9b8bd0f1873f,0.5014059812550863
n16b66f86eef870f,0.4981623068949906
n16bc28ab939868e,0.49107213407416833
n16c5da4ccd41d9e,0.5060228045021816
n16c80ca1de6cbbc,0.49830523147490535
n16d2e6a46e49643,0.49363237856907244
n16d421c19484a8c,0.4993644779885541
n16f55b2d6ecc249,0.4918613409589258
n1728afd143f4882,0.49614124107430274
n1735220665e0849,0.49772556070077945
n173f68232ba0ebd,0.4963764198517806
n1746018107db60f,0.49482963714607936
n1747e4063b2b264,0.49824632980673245
n1756e87757fb7bc,0.5010931567422593
n17622379c3aa237,0.5018234385092845
n1762e485e01d997,0.5016167663406828
n176eb97cf5b2a3c,0.5017393667881077
n1774b3cee69dffd,0.49006979232879083
n17780ea8633a825,0.4991288531566345
n17855aaf4c5cb88,0.5027492951959215
n178b093c7fb2b9a,0.4980431088241317
n179364e1a213e53,0.49570965345034457
n179f6c77cbb8cf3,0.5066789234286546
n17a5c364b3fc36b,0.49753474428440764
n17a74990bf9311c,0.5014353586226801
n17adadf956f95cd,0.4913725470344567
n17b7a9a58ce4f11,0.4928807962169275
n17b7bf63564bfa6,0.5005393203447454
n17bbd6d75cff7e0,0.5003350778980145
n17c24231c9bcc74,0.49769080309869956
n17c4a819336fa29,0.5000156252165392
n17d250d83012b93,0.5047555681006624
n17eebf94e74ee7d,0.49785382660739974
n17f2835b7946bb2,0.49523263562219905
n17f88540c3c6a85,0.5008998390071242
n1806e3e898f6484,0.49729604008032513
n1807db10a47ee66,0.5049547913629749
n1819ed581f2b3e0,0.5005933537588767
n181c85fc6d4eea7,0.5043146808064696
n181f86923ea6b47,0.49727636228327976
n182c294480a774d,0.4978350980141779
n1835c5299cdb6cc,0.5052882940380313
n183641ba615a670,0.49260333657593725
n183d4bc01dd7dd5,0.49912313905702776
n1848912626b0ca2,0.5022837008494395
n1856cacb9ed45e2,0.5044980867028391
n1863496617b9703,0.5047863087712781
n1864730f94d2f53,0.5022599397434574
n186d6df05b1464c,0.4943346574364523
n186fdc37f9c955e,0.4997702312941668
n18705cb7b297d5f,0.5013910203546261
n18773c70530b043,0.4958831993106164
n1882817ea2ae043,0.501755617844841
n188a7161e145884,0.49850122059136853
n1892c1712e1002e,0.49993291018334113
n18930e3cb5a3911,0.5023712706985203
n189fa37a883a9f9,0.5049804502984788
n18aa2e1ee327caf,0.5010326241966999
n18b1277cd44c93b,0.4978528372700244
n18b64abfa28604d,0.5000829286303986
n18b8c4b4b538fbf,0.5017655278548225
n18d03bd3cf7f1eb,0.4952045964321818
n18e755e0ebad6ec,0.48874713451512597
n191838fe8242889,0.4995958082965043
n191f210f8700897,0.49770363474602475
n19237cf669823ba,0.502265323288106
n19375ec0084da4b,0.5002314794392926
n193c4b4b9e6b711,0.4969016258219541
n193d95fc9d18d3e,0.5039397725744846
n1940deb3530e589,0.49569025392645105
n19410b75e1f642e,0.5004582072390168
n194c91f678e7b86,0.499594145114101
n1952447ae84b2a3,0.5043666202550724
n195e7baca5dce93,0.497938796051908
n1962db842cff96a,0.4994127337992467
n196a67ec37ab3a0,0.500949087772208
n1976983c4ba32aa,0.5007939547395466
n198fb98097eb016,0.4929793169588285
n199383d086b3ab3,0.5009981665545384
n1995c1b04a17aa1,0.5020631651182331
n1996cc269911cad,0.5016839958785262
n199fccfb5c1b26d,0.4937456347097344
n19a0768439f7a3b,0.497679065038223
n19a58a9b1b44bd3,0.5094995374643899
n19a730867b10c83,0.4962211363852504
n19a769322597cf7,0.5051060974756807
n19a8151fca2ef5d,0.500121970612491
n19a8a33b3331980,0.49644178729737265
n19b99b40481d91b,0.499132751096482
n19cc86e6682044f,0.49770831885547445
n19da4fa16698a12,0.5035366541553998
n19db30dd0ece700,0.49771407702186526
n19eb1816cc6d458,0.5011071699735548
n19fa437dc29424b,0.5019234932326322
n1a01d9edce37b13,0.5017386680946169
n1a11ed1113c627c,0.4978028172637362
n1a2c0a1b287c94b,0.5056436526916083
n1a380d0c362cf63,0.4964150796054831
n1a3a516d530702f,0.504916017906689
n1a3fda5c20d83db,0.5026964091794821
n1a45348da289e28,0.49858332099391317
n1a4c8c44cefc448,0.4978433829246614
n1a58145e85ee569,0.5050597423491964
n1a589529b609063,0.5015709561177977
n1a61f9f1dc0c4ff,0.49984495808635465
n1a630272db0e181,0.49849550988929914
n1a6351aabc535a4,0.502849081974071
n1a65a76519f4d72,0.5002881535257746
n1a66576b43fdcf5,0.5002421468133452
n1a6eb17c4350c50,0.5006093623642747
n1a700aecee06582,0.5014171791792852
n1a7ed6ebc9a98cd,0.4994535689718881
n1a81b3555c9280d,0.49688615937469893
n1a9169f761c8c95,0.5029741095007699
n1a9173d17f3adb7,0.49694338290771684
n1aa16f5b23bcc83,0.5001879438757166
n1aa1ff386278fd0,0.5014166480200947
n1aa9070355b936f,0.49600090904216815
n1aa9795ffd44960,0.501674782933895
n1ac14d3cf7e2c46,0.5014393704603973
n1ac30bc9bcf0d2f,0.49957301149855926
n1ad5596623d1aa1,0.4993988286095285
n1adcfa04c5c71fe,0.499313163886009
n1adeb2a759d1f05,0.49300594578821216
n1ae893ac5e280e8,0.49959365296673064
n1aeba1633afd083,0.5029160157403846
n1afb177d210ce46,0.49818631630691235
n1b04e4e319e30ce,0.5019370133284647
n1b10672a5044920,0.5005498031914388
n1b1428b342fa3a4,0.5013243777051324
n1b1571ed0ebbc32,0.49261096639044727
n1b16b6a605307f4,0.5010925717197184
n1b1d7e89666b203,0.5063839976651848
n1b1f76882964529,0.504183173426912
n1b26e23a50fe98a,0.4926846380291254
n1b2d0771dbfed93,0.5117144968491504
n1b3c8d5dff78e03,0.4991232321394571
n1b3dec530b9b5e9,0.502207000053878
n1b4ef8c3e093ede,0.4980387065444315
n1b542aaefb398e3,0.5026687009675908
n1b65ef3fca7cd2f,0.5056930213541666
n1b6720eeafd37fd,0.4971068109497933
n1b6a2e7f4954e80,0.49847412679301606
n1b6bf5d3b08ad77,0.5035473376447316
n1b6f8e970c545ba,0.49362294680458046
n1b9cfbb8580e0c7,0.4979205747541825
n1baca059ec35a5d,0.49393335586872855
n1bad40e172d877e,0.4988157293718303
n1bb5e48bc70ec20,0.5016832585567389
n1bdf335c5260968,0.4951160253831862
n1bf7f04fff472d4,0.5018781952485194
n1bf81f147c1fe80,0.49989443015442636
n1bfd68165bd5c75,0.49940443657282774
n1bff014496314cf,0.5002045852302875
n1bffe560d2fd5c9,0.4979940828933488
n1c02e110ea33c4c,0.5020731430638568
n1c0591baa722d0b,0.49925369747712056
n1c0f6df159903a9,0.4869541568123232
n1c135217b6d8fc9,0.49733717476279715
n1c2a1768fff0ada,0.5040704953720619
n1c2c554707b55ca,0.5051229673007175
n1c333c596877edf,0.5004323379657633
n1c3c7723d7a9944,0.50167375406329
n1c447517b063fd4,0.4969852182909985
n1c46a4a688d86b2,0.5055701192625472
n1c48f6e37c50f41,0.5012040552296654
n1c538e05993802d,0.5021255693820906
n1c58ec3751191f6,0.4984633809094954
n1c77881c3e52149,0.5011255236254648
n1c7c511e4869423,0.5035868056508475
n1c7fedeb45c80e0,0.4943137370896846
n1c9a5b1ab566a4f,0.4967412091676601
n1ca0590ac41b2b2,0.5073294740732265
n1cab60d0b922602,0.4943062014692544
n1cb01b5e821da15,0.5064060967566434
n1cb192ce5c733fa,0.4958171952192026
n1cb8fc148cfbd23,0.4965118433578904
n1ccca5f1288335d,0.49937177972970265
n1cd281b0bd49049,0.5034889167939988
n1ce1cd8ead7f9ef,0.4975757237304703
n1cefdec592c0a0e,0.5012559887480679
n1d11114be066a21,0.4981746103271883
n1d1853a1a33d203,0.49796979670210895
n1d214ac1dd1ce12,0.4975816156436608
n1d34e4eb55639ce,0.5110999008433517
n1d38c3b47e26145,0.5005543930280805
n1d3cf7f621f49ad,0.4976526528464225
n1d4a4a5a8754029,0.5045532930595151
n1d55b9711135b32,0.4935084067851386
n1d60ce28e0ce175,0.4978764868805337
n1d692315a1ce6cf,0.5017670896218722
n1d74a8e1ff337df,0.5016517150958629
n1d85c6613d21b89,0.48984515071091395
n1d89cabdbf9042c,0.501388624235724
n1db8f553cf4ac5d,0.4925260007345844
n1dcb884eb663e07,0.5034050775300156
n1dd58694cd7e93e,0.5088939282144969
n1dd89d21652c177,0.5006241896548583
n1ddaf16398a0e07,0.5036397798790077
n1dddfe21ee89368,0.5044426153681368
n1dde7f2a22c9cee,0.5031239111488778
n1de1b8cfb48cb48,0.49783842567879616
n1de9716f02b9140,0.5015706934142342
n1deb5cca7f0226e,0.4973616813474846
n1def379f7e09757,0.5005263017378423
n1df4e6482279bb7,0.5096175298900212
n1dfd2bb4495e997,0.5039947839806761
n1e10b21eac5f5a0,0.4917993121405829
n1e1409b92ffea77,0.49425822034126876
n1e194de12b5baca,0.4980135625615013
n1e2c0b45301ae64,0.504556220059827
n1e49bf4f3e45d31,0.4986295637184897
n1e4c5d134cea0a0,0.4979782032586785
n1e558cae1fed120,0.5026165360624147
n1e56c2d1e67a88b,0.5040134565902334
n1e57187b1d6951d,0.49648532324893346
n1e5de8c77085a04,0.5003361700968686
n1e997b0b7db5d4d,0.496774365370581
n1e99ab566fabaf8,0.49870044026030264
n1e9ee11b59435f9,0.5041234342741867
n1eaa2052afb98ad,0.5021261396805947
n1eba11f91da2348,0.49342375433005004
n1eca2c12137e2f8,0.5022726444231027
n1edb17e3ee1623b,0.5008453190040544
n1eefb3bb648b389,0.501276172642896
n1f002807f9c8f20,0.5035740755581637
n1f01c6c4cb3ce6e,0.4970449330224445
n1f05f901a07895b,0.49511876658470133
n1f0c4a41078dfc2,0.4995078985100249
n1f14b92820907d6,0.49470774642521886
n1f218e638c9136c,0.49838019373818987
n1f31db4d2080b3f,0.5015142749832595
n1f48cdaba38c0fb,0.50460442165885
n1f498fdef03ffb4,0.49566216241222805
n1f4a08f88e81b89,0.5098816764608448
n1f65679d6b58332,0.5018180784498611
n1f895b0607a93cd,0.49717390395670163
n1fa1e674490137a,0.4978935152267651
n1fa948751288142,0.5059362331969646
n1fb8d8e237e1e94,0.4955057079910243
n1fc5a1403e6fb11,0.5000350489680295
n1fcd69f50dbd095,0.49926180080477706
n1fd48768637c76a,0.4990991450176928
n1fd689f812f2b40,0.5064523302971393
n1fdb0a16fc17e96,0.5088046628599996
n1feda77cbe86f8c,0.4984430254991555
n1ffeb07d0cd2e3a,0.5064538689270134
n200515a1ba5cf7d,0.5004415445690132
n20073ec6fb8cee7,0.4985007770202172
n200d561819e1c8f,0.5020375173393239
n200e6df12dac24d,0.4974741369056872
n20190f2de97649f,0.49196808249529045
n202beb2f9d920e4,0.5024768263829911
n202e67db4fc883b,0.5065238360311562
n202f0938832ec86,0.4998130832494723
n202f2a07efce2f7,0.49598908210898257
n203011703b3df85,0.49577839170590454
n20317315147139d,0.5045552832233058
n2039a36a01f39b4,0.4934397078278989
n2048859c7ea42e4,0.494710134762124
n204f190a35c9961,0.5007554532766095
n205e84797e15a32,0.49928249559899157
n2068e7967b60106,0.49581117167921795
n206a791525af9ba,0.49573629770897715
n2076cff9325585a,0.5020722650968489
n2076d0a29310c71,0.5011309726095956
n2079cde3473ecec,0.5027196261061787
n207f34507e86afc,0.4972486031431062
n20995fa84940431,0.5002154877856481
n20afc24de9b3a94,0.4980582229139331
n20c6011e85cfda5,0.4971893675938199
n20cf9a9dd7656db,0.5044621886538966
n20d78091039047f,0.4937559994244824
n20e8a158c601c3b,0.49875834906787203
n20eca0a04d1c4ee,0.4961898889087045
n20fd9c607237b3e,0.501598453074214
n20fe04c1cdb7979,0.5009797240797418
n210b7e9a154efa3,0.49851480876036186
n210e0d9d486e2e2,0.4959400783276692
n2111277fe699dbc,0.5001113830012188
n21126d311fcb728,0.5052800443367361
n211a82a6a522474,0.5055904557847588
n212bf3f6ead781e,0.5039318802293606
n212fbf934a6b106,0.49202519001861567
n213fc5ac3fe1726,0.5007627579249547
n2149db6dd75c78a,0.5041580546660522
n2172f22e5ee2f35,0.5000364898165985
n217ff01716490e1,0.4981493414194962
n2182bf02a6cd01a,0.5041184790021918
n2187508b3f4fb7e,0.4998354243093665
n218e34b9bb72152,0.49632287592711366
n218e5e2a26ecf8d,0.4967373798774293
n2191284355e3c10,0.5039978231609407
n219f4ccddc2dbd4,0.5032519473831701
n21a5e74910547ce,0.5028843885048613
n21a9aab15ed3934,0.49521609502619285
n21b5d1c94df31d3,0.5003138078225514
n21be2b373240d0f,0.5037064684566125
n21beffdd0403a8b,0.4960886235427844
n21d27ea367483d3,0.4974053714460628
n21d72dac2f51b30,0.4990995226413134
n21d7e84dfb91f0e,0.501260678455644
n21e47e725b8e2f9,0.5015271508766233
n21e70e9feb316c2,0.49600433617307427
n21ec1bc456a71a0,0.5025411492671029
n21fd81fcefa2d53,0.49185116578758115
n220d93eb88db53f,0.4977787363036887
n221f356a4e7e3e1,0.49800728507435144
n223ae57eb69a951,0.49919449721854936
n2243209ee30122b,0.49758902417393414
n2245d0c98af664b,0.4982437249043151
n2248034523de7c8,0.5057803411210378
n224b0aab7a14beb,0.49681207662082905
n226e9b565c37347,0.49986363003512635
n2277e579e8f048a,0.49937537583791064
n227b3a73573669e,0.49227355024746655
n2281cd22e593f1b,0.5038168106468073
n228f07a363376c8,0.4948554939373802
n22914f354815fa3,0.5096416987627751
n22998fbea74fa09,0.5024922596101165
n22a2c9d6fd1e099,0.5061032257540313
n22a5e05020b1c8c,0.5009557717567664
n22b449c1eadcf5f,0.4972484511571234
n22c6dda90275283,0.5044998785663857
n22cf4ccb4f5ed16,0.49640534409978027
n22d334dc309ff04,0.502643811869632
n22e2330b4f976a8,0.5079822257577188
n22e340399a7a38b,0.498622848490287
n22eafa6d41f9ff1,0.49912041220533965
n22f998b25ddd333,0.5061677838292304
n2310f0a912a4bc2,0.49869654978378414
n2311bd040b966ab,0.49627873306013737
n232668813606348,0.5034815204949368
n23279f08967d4ee,0.4986581518784968
n2334767d59ee366,0.5026354461526318
n2338b3303ff9dd3,0.5075962778139284
n233eb0cb868db8c,0.5003735705740059
n23401d1059c2df9,0.5057850946838188
n234731c262ddd15,0.5027887380897021
n2349be36cdb6a95,0.5020627111947682
n23514c9b7cc4d39,0.4980965127943103
n2356e370d37c829,0.5016172978176683
n23581393631ab33,0.4998936275934292
n237d03865e7679f,0.5050934190502382
n238462e96eed5a5,0.5028456457847423
n239797ecb254469,0.5041556458588845
n239a7764979421d,0.4971802884462941
n23ac0146231378d,0.5023440829768661
n23c0c613b7141fe,0.49939168740584955
n23c73d1e051ee33,0.5029033654819239
n23d20b646c5c63c,0.5067255863532547
n23d79f4c0587940,0.4940246300446037
n23d8e119c690d6c,0.4952568253550857
n23e4eb67def34ae,0.5017615683072367
n23e6909d5b7f87e,0.49584696259528355
n23f06eb79ffcfdd,0.49545038550566595
n23f0b4f5dc72d14,0.4984931491702048
n241b4e8f7260bcf,0.4952295312188341
n24206bcb4fc9419,0.4924253625235439
n242698d5c6cb69d,0.49954606971318377
n242d6a5df30ecb9,0.4961413009136776
n2431c3707c94217,0.49720800768733375
n24362bd250ae201,0.502162831248795
n243b3db0a5f51a6,0.49904527118178
n243beafb82a528c,0.49771433717656244
n245e5327a0e3532,0.5009049566059418
n24659c839bfe537,0.4999089299777655
n247948d99e9c85c,0.49363828581752256
n247ed50eef82052,0.5013835140524137
n248268bbb6da384,0.49878468711514545
n2482916a6c10ae1,0.5021941514464219
n2488a53db0760a4,0.5013940112181848
n248a989a13b824c,0.5004717418551202
n248cb5f468289b1,0.49882388300604374
n248f6bf920549dd,0.5054763837813061
n24943179caf50b0,0.501554321525988
n249962bf25f7613,0.5047194592925094
n24a26e99dd9190c,0.5004422986371141
n24af2aef7a59a78,0.5003464769667826
n24b5257c0ca5640,0.5035081349933014
n24bede569ec7c91,0.5032674489609159
n24ce445bac05f98,0.5019342333500832
n24d1fe57fafbefe,0.502310904955565
n24f07f852ccb9ca,0.49404018569526376
n24f5cd534a4feaf,0.49885115556826065
n24fd0ef26f05062,0.4978746680790328
n250373a59463d40,0.49668894198597385
n25040d7090c881c,0.49481465225130383
n25088648fd3cadd,0.4915927015790224
n250f1849129f931,0.5016585142998765
n2515ec408f61a6a,0.5006115194251272
n251788322195f98,0.5003039748704672
n251c0f33eddd509,0.504044808576998
n253ac4db11563a3,0.49857861374690104
n25443682a174e1e,0.5050285111227077
n2551c37db942dd1,0.5000364596789412
n255ab186ff9b476,0.49876690858639533
n256590d6316b4ff,0.5016310507204009
n25938c4f399f27f,0.5019513251069708
n25a908a1634821b,0.5067820835591391
n25ad0da3bdf549a,0.49867372751266925
n25ba92e20fe64f2,0.4982481594640019
n25cc0485ad8ae97,0.4958353796235632
n25dc019ab1fe096,0.4974583756299401
n25ddfe3a92dbecd,0.4975635361521534
n25eb0acf596c629,0.49387982427607985
n25ed328025ec200,0.4993037923636413
n25ee86e3607c193,0.5025883909255583
n25ff61942b2c3ee,0.5035496405184268
n2601a027ec922cc,0.49002356171778366
n2602966547f83fc,0.5026156206390058
n2608bdffdf69238,0.5122158656221454
n260a488c83a4d6f,0.5017560013239973
n260ea3c3f7c88da,0.4959778094976268
n260fa096475e1b2,0.4970861725468591
n2611543dfe1c84e,0.49998158174070795
n2611b4f31545691,0.5023641576215742
n26269ab6ecc6443,0.5004062183236252
n263bfc2d1bc62f7,0.4943075199323414
n26402c779933904,0.49775859415596213
n2642ca2c1934452,0.4974224190120764
n2644faab17f41de,0.49996713491237604
n264f4f5016c8e1e,0.4995172423060819
n265cb937f803091,0.5015521247417954
n2669e148ccd6f24,0.492097205324773
n267bdbcbe204ae1,0.49888836395849984
n268095cdcb69c3f,0.49860851096198894
n268591adbebd4c9,0.4977578438683343
n2691605296c25b4,0.4987589443512761
n2694616c42602bf,0.5022944345296853
n26a653ef324028c,0.5029013846914133
n26bb4bdc0c2f79c,0.5046140930218562
n26cb1e4715a4ae6,0.49757679942273353
n26cd3d51831f8d8,0.5020281491380391
n26d62175c4f9775,0.4995065377073149
n26ea79380a62c4d,0.4935911436791148
n271d681ec7c4ca2,0.5043373213520943
n2723e76ccf2c6b3,0.5006575039161999
n274188020be736e,0.4993439548654692
n27515cd9f6bed05,0.5007087570957198
n2764d33d1eb44a5,0.5007856037964178
n27767ee768bde56,0.49990399543894076
n2779f0813ec2621,0.4985375585349548
n277c29fc2c73378,0.49434070791289547
n277f80af23bfcd8,0.5029938586793739
n2785fed8e424606,0.4876142043283031
n2786514d59b117a,0.4992753539814268
n27879cdcb1e4edb,0.501686793403936
n2795f60e77d5c66,0.4975330866551862
n27b6b2dac12d81a,0.49232283094886997
n27ba76c999e677d,0.49986440936914145
n27c71ef6f302cb8,0.5012600836982154
n27cb71858986558,0.5031930063126558
n27cdfdfe5ede80c,0.5021696670090496
n27d5117c4fde3eb,0.4953899437411854
n27f49837de22b82,0.4988411725653613
n27fcde00179602e,0.5012426067080261
n280243142e8f2fa,0.5031695127693825
n280a0ec8c6435ff,0.49889508060624393
n2811a9539087ebc,0.5045574304169204
n281c5d07e690770,0.49274148881229485
n28230fd335f0b39,0.500052414509586
n2834e12b8e36ce3,0.5052211148446937
n2840b0dd83e18c5,0.49631289430136083
n28441915f311483,0.5002917033369515
n284c29b43ac60fb,0.5060994991381715
n28516b7e4feab6f,0.5050638802805146
n2852e859a9d31e1,0.5057242749428287
n2854fe8f717c5f0,0.503760305480863
n2868f19488f14e4,0.4947804914898356
n2874b2a44d5c57d,0.5058019027179007
n2880212e857c47e,0.4980284934202828
n288785d0b2ef6e1,0.49568527058732986
n28886a015d955fc,0.4980395819891919
n288aba996a509b6,0.49985056884078144
n289487ce3fc29d3,0.4937918047817902
n28982e78e5b36c1,0.5010527181587129
n28b080ca802380f,0.49709230764682255
n28bb38d1a8a9803,0.49727269016019177
n28cc45cd8613b55,0.49746535064445957
n28dbaba4fcbca0c,0.502872557613879
n28e8923329971b6,0.5008442236900216
n28ffc0f392ec890,0.5073938032168034
n2904800a3332ea5,0.5055433963901614
n290da9b726b28c6,0.5007825567985825
n291c1093df27ba0,0.5041733404292043
n2920120e52d9059,0.5007994006787393
n2932a4498ee1195,0.5072108004366764
n2946ba32a1206d7,0.49712430821529213
n2948c066ebde5c8,0.5055339391836763
n2948c5b09e3c373,0.5020234804190133
n2955d6038745ad4,0.49828472251565586
n2964c6ccd4dce94,0.4974193693603303
n2965bd32cc8eb4a,0.5056763170036976
n296603f3ad9e0ac,0.49698421479331795
n296a7cd391d7e90,0.5015378840218419
n298d17862cc7e39,0.5034990568226483
n2993900f9744565,0.4951342645278515
n29967d879096679,0.4988910429990628
n29a0953dc7cfd52,0.49932546296100816
n29a12e1611ee073,0.4935899094574679
n29a73b7e2228a25,0.5055431907333933
n29a83f61418b860,0.4979367062341057
n29b03b2cfc1adde,0.5045527419568523
n29b9bd3b781f17f,0.5013118360400654
n29d1454890351a5,0.502641492705826
n29e45e8c022c765,0.49404189961623807
n29e489955711835,0.49898703472950195
n29e7bc14f1de37d,0.5006620058354313
n29ebd5fe1ede530,0.49522008737873296
n29ecb6a447021da,0.4920290404786613
n29f39360bf6073d,0.499893242013685
n29f72994aa73fe0,0.4965551083994061
n29f7554e0bc1120,0.49573773000621635
n29ff4127bb8b35b,0.49716544277007657
n2a0825915b6887a,0.5044104164112704
n2a095ee2c5a9807,0.5056598142726071
n2a2170a1d3e41bd,0.509376637492786
n2a223341f7c6e74,0.4976350306449686
n2a265bfcee7d510,0.49847462422926603
n2a29137198204d2,0.49813188444998147
n2a566a65f89e59b,0.49653597959211526
n2a6ce1491ee26ce,0.5035898091828805
n2a6e55651b793a9,0.4972920935557231
n2a759aea1474cbd,0.499816398399767
n2a79d4e6f4c05fb,0.5011683644464128
n2a7fb1474b53edc,0.4992157880385085
n2a832fa2a0a1e92,0.4970328382455547
n2a83753d9c0608a,0.5023056578871632
n2a8f2ffde7d18ff,0.49993133198322076
n2a9331a563e4894,0.49795562840349605
n2a933a795d1b193,0.5021883524157303
n2a9726d1c8b7dcf,0.49804240583599535
n2a9de5205f64b39,0.5038304379613763
n2a9ef229b529d9f,0.5017708666508507
n2aae975bba78716,0.49951759868272444
n2ab44122d2a9d1f,0.4974644763627435
n2abfa9edfe729fd,0.5057638781311059
n2ac487fe2c2c780,0.4888032092042611
n2acf90311aca8bd,0.5000665042642656
n2ad8c6c934a1968,0.5045647056061895
n2ae186ed073aabb,0.4943244170277825
n2ae2b97433fbb17,0.49908722434509073
n2af78c4927857c1,0.5002607890047082
n2b03ee7a6dabe40,0.5075037243631514
n2b0abe4b6f82c4b,0.486025118980668
n2b0c3eb22d193bc,0.5002287849556085
n2b12c5b4af29fe1,0.5025158490435437
n2b191b18ea7a453,0.4972942184650059
n2b2c1b0af39d223,0.5047193518814147
n2b2c45ff45605a9,0.5012242674628246
n2b3009add1ad8c8,0.5010169827899451
n2b506675db556a1,0.5113402442693094
n2b5517d98f1d875,0.49831485977142487
n2b577140e0e7a01,0.49323747155656605
n2b6670520cd02ec,0.4938453014439168
n2b731f3fe34b623,0.505903502414408
n2b757833cb7cd0c,0.4957679766982288
n2b79bd7f7afdce1,0.49892425587359407
n2b85df369debbe9,0.5097331287672406
n2b91fd2f145a579,0.5001507827940147
n2b96438b26e4e3b,0.49875689525910855
n2babe534dacfa9c,0.5009509196478832
n2bd2adc4eeb9d4d,0.4950980143585372
n2bdabdd7cce6703,0.5001062386655447
n2be5d50f17cce53,0.5014758879060277
n2be6fc23ae02bc4,0.5049166371046018
n2be8699d84070e2,0.5010917546873769
n2be92117f6fdc1c,0.49992058942335377
n2beaa61f3a92615,0.5011896776169912
n2bfd1ca1d2c6e6a,0.5074817892259929
n2bfffada66129e0,0.5040563103711319
n2c022e6668f75d8,0.49738968235942693
n2c085043e4809ed,0.5053534095205365
n2c0a46c98ecba4a,0.5040755771964809
n2c20656394d1d09,0.4954401514808857
n2c301367a429627,0.49704160068213127
n2c3cf139bb35ac4,0.49929143382617014
n2c3eb8b512f8502,0.5031308971248726
n2c557c422728444,0.4948064393938164
n2c577883dec2e53,0.5050617707960803
n2c5f1cd9c6ab5f1,0.4996119525525043
n2c7342387d97b76,0.49982880030689975
n2c7958007e400ee,0.4985693492132018
n2c7ea88e8aed686,0.5029641020958121
n2c7f1eab2bc566a,0.4998856170489332
n2c836c4ae7dcbb5,0.4971627655586569
n2c8d60c508c3c5a,0.503259363982018
n2c8d8c9f23676c0,0.4964750438642275
n2cae24630914666,0.4988892325808354
n2cb013e31ff46d2,0.5027322481011998
n2cbece5bd43e9c7,0.4943069754750253
n2cc2a621c32037f,0.4971082436158871
n2d03717eb28d33d,0.4979868027872983
n2d03d372d400185,0.5014073419825311
n2d213049f64e76e,0.5000128213886434
n2d2b3a4a3e03def,0.5082628251301755
n2d2da6a18e493a3,0.49581823584831386
n2d2fe055f664d1d,0.5000677246602226
n2d3a0a2a1d82c38,0.498141573206464
n2d46355f0f2d905,0.49582483248413356
n2d476627dd09bcf,0.5077750376322371
n2d48965ba385920,0.5045264368745191
n2d4a0242fbb2dfe,0.4961635276471624
n2d50f6ff03ccdd0,0.4982243930727452
n2d511659745b3ed,0.5028450777130333
n2d539a54608a2b7,0.49983264925180576
n2d55f45e5c8fd14,0.5041339907746905
n2d5f8596d64fd25,0.5106499439666168
n2d66bce26e07331,0.5099294297804389
n2d7627b1c8dadab,0.5002500828589836
n2d7ca38c230dc25,0.4991110371114518
n2d88207f8424d54,0.4967785103215115
n2d99eeca18c11d0,0.5040934355201806
n2da649adb8a63f0,0.5016652103142485
n2da9e8196bc8cc7,0.49267654407220657
n2db2bb9cfda8e63,0.49354243579579826
n2db815a8055f0c4,0.49543849266404055
n2dc36049101cdd3,0.49900213285829553
n2dc61d73978275c,0.4937597430557674
n2dcdc7641a3f6b7,0.5063624400387021
n2dcec5a5eede7b7,0.5012525913123389
n2dd997a9419b492,0.49576957046710163
n2ddd36032cf91d8,0.5025342240387427
n2e01907fda119b5,0.4962866971707034
n2e0d44360ff71e1,0.5049178836536139
n2e1308774af6b45,0.5061197797844341
n2e30053b35caffd,0.49866415266230146
n2e398ac1816fc0f,0.49533585900889304
n2e42affccc45144,0.49858556615635596
n2e45cce20e8986f,0.5011952962824204
n2e4858c03bbd14c,0.5004737722901372
n2e55a6229a5c264,0.5086612364608935
n2e5f19b59f912d9,0.49971981274354504
n2e6f2ff53093c80,0.5042835801529795
n2e9f3d184ff298e,0.4981712955279025
n2e9fc60fe02579f,0.5011525037467848
n2ea5ea915e8572b,0.4934892438189876
n2ea888a07d5e308,0.49934731991132597
n2ebc88c296f0a33,0.5002661295419584
n2ec9f10e0d885dd,0.49452785759187273
n2ecc22b08d98fce,0.5016368271286676
n2ecd278cda4bbb8,0.49463769824458365
n2ed40d4edc3cfcf,0.5025721944740867
n2edc496cc5ca554,0.49681179747407167
n2edc7bfaebffe01,0.4959705800126033
n2ee103e0d24e670,0.5032498245480596
n2f0d40b2d66cf31,0.5070668848289038
n2f1b58bc69d6118,0.4942377384529859
n2f214bd616b55cd,0.49865833812980603
n2f28a8e114350e1,0.4957868534110877
n2f377d11ea2bebb,0.4996947327447072
n2f4f2b272754cb0,0.5012958283184593
n2f52c62b297960d,0.501783465711184
n2f5a04391bd241d,0.49722534496485943
n2f92d6021d689ea,0.5041566828311281
n2f99cf644d2ca53,0.49252056346880285
n2fa1062a0d86f38,0.49990364924656167
n2fab587287d4884,0.5022160961690122
n2fb5dfe643439d1,0.4989614808229556
n2fb7812dc1bfb75,0.49732294047375847
n2fc4991e9d9e0c0,0.49850624235224383
n2fccaa9c599ef4f,0.5036895783278865
n2fd65a13dd8b38a,0.502960893046346
n2fdb943a529aecc,0.49720004009481156
n2fe484ec4987a3f,0.49947812751294823
n2ff0b8adb97453b,0.49433582128689135
n30032d9c47fa4df,0.49953603139841757
n303141a03ad3d56,0.4904039978318764
n30349825669e07f,0.4919722056952291
n30489dc2c6db393,0.49897396722767606
n3051a52b1dab452,0.5026175470646841
n3069c34f6cb0070,0.5018716211054305
n3070e4316dadcea,0.501683446264454
n3073509b562fc53,0.495888154530663
n3074627ba7a43e7,0.5060621030368129
n307b9ab87b4a90b,0.5015875953866794
n3080752cfe1949a,0.5040844167001919
n30897467a138b1f,0.4995720967485388
n309e29799048741,0.5007189981815968
n309e610679cd36b,0.5028053384601228
n30a8ab29ed00207,0.5027783573374285
n30a9c8a00cd0fed,0.49586517749307496
n30abba0be891d4f,0.4992494010191952
n30ba3733e86f3e3,0.5015433398683813
n30db83ad6d1f5f4,0.5011084153380138
n30e13d93169261c,0.502521443568011
n30e7a077155d868,0.5040040155897589
n30eea4507f9f146,0.49951216311490704
n30f00cfdbbed7eb,0.4932229954518596
n30f8830439cbc7d,0.49630575935491694
n30f89f7a81e179a,0.4997974184255364
n30fbdadad3485c5,0.49972752605655746
n310b3c18b6ad26a,0.5008614387485889
n310c99fd4be4b11,0.5035962930552441
n31129f8fd4fbd2e,0.49761575875198116
n3126acbf0883f97,0.49983643173879755
n312acb748f65043,0.5002338080679218
n313e959a2d9de6a,0.4915417227209757
n31497eb414b3ac9,0.49431894832366247
n3149fa8eebc0a1a,0.5029317071693113
n314a65e9a2d6904,0.494369203817936
n31546d67e11d191,0.5028576022145633
n3158480265c2320,0.4968727955258151
n317cd80fe2ce2e6,0.5049267940963906
n31861b200e18a22,0.5065078914728103
n31871c793d72c99,0.4999019567431631
n318a0b6488d0064,0.4934213645102439
n318a7d1443d927c,0.4967951744136632
n31b3ec3f208cccc,0.49738715737083466
n31b7e50dfbf3d3f,0.49447488632237174
n31ba0b32e91371b,0.5021418969921885
n31bac0b731bd3a5,0.49789340317951286
n31c33b2bdf0b0c5,0.5008932936904918
n31c4a68fc4c255c,0.49749453809412897
n31cd511ddff9c2d,0.4982901332226354
n31d1b5d97e7c59f,0.49664698481465225
n31ddd590ce3a37c,0.4976939043878952
n31dff283e8da197,0.5043098105291547
n31e3c2dbc9446ac,0.5001315983105437
n31f05ee0a3eb731,0.4962214041385668
n31fcc71fba09129,0.5016461666484863
n321da6564c8e134,0.494824833579563
n32344e9693f9984,0.49894955420552184
n3244afdd38bdf0c,0.49640286372660375
n32490ca9afa8965,0.49965085645495694
n324c24baabdcca0,0.5007902418736587
n3258066f6ab29ef,0.5028474703944078
n32581ac7ca3a4cd,0.4974341367294855
n326b2777cc3de1f,0.4993070824659811
n327aee788a49da6,0.5004909354776012
n3296bf1ce6fcaec,0.4961171177035921
n329f20f34b25b77,0.4993974919993408
n32a6b1395dcf479,0.49962527416747216
n32a96ccf2f4b631,0.49940182078972123
n32b1f7a894f7be5,0.5020588201463997
n32b678554b80553,0.5018829741853168
n32c0b3814eb423a,0.4986587550016834
n32d827b6b69af9c,0.4957877519154553
n32d8c6745e72880,0.5054076163588302
n32e0a3742c2e125,0.5021655137804489
n32e5f0da544c24f,0.5073722454743433
n32e89284fa261f1,0.506582250263412
n32ec9f2572c9511,0.5031738720522948
n32f6c704174fd66,0.49642040105977625
n32fa6beb0b94db1,0.5035834238635388
n3302a597b1215f8,0.5018787359117871
n330673bd9d81487,0.49905586911757055
n3314b9b0badf40b,0.5043465411116594
n332708f4856da70,0.5019879705711037
n332ef54c4cdd902,0.509234485568168
n33436b155e86a30,0.5034966308321265
n334495544281a8d,0.4979696681081101
n334b908814233ef,0.5018425662092494
n334d1b33e9383c0,0.49504905881232875
n335c0070618a2f8,0.5034174503507671
n335cdf17d6525b6,0.5018177450979924
n3364fa746fa5fd6,0.5005554822636661
n33771118a0b8da1,0.5052340725913751
n337acb7b19b1495,0.49992791643084866
n3389139bab5ddca,0.498679196280834
n338cd85f8025e49,0.494144806588161
n3392db16c5520ab,0.5031050865003983
n33a6865e8b4af54,0.5033309909976459
n33abc77968be1ca,0.4972455133106894
n33b19e345d49ada,0.49345875386589394
n33b60c4d582bc43,0.49905724976635774
n33b88847ab13a89,0.4978840898938198
n33c068f31a8c308,0.5134266520493823
n33c2f62755eaf94,0.5033257226548364
n33c6d1cfa1b77c1,0.5012383480356983
n33c8fb37638cad9,0.5039892482993045
n33ca9292c1503b4,0.5005408039140201
n33d1d8f1a667798,0.5042155589387993
n33d9eb1af7b60b0,0.5056786132354285
n33dc8cf8b70ec07,0.5010860256082249
n33f37657e0e3f8d,0.49831253833784966
n33f41c36c85efed,0.5090539180581917
n33ff46e4ec0b668,0.501209280194232
n34049d1b9040b73,0.5042270580578067
n3427befdd93aa44,0.5008069269638356
n342de46a5e32e72,0.5017432899265802
n3436a75eafc8934,0.495656078351686
n345853524e108f0,0.5032810701839617
n345b0c10b3cd816,0.500590781072697
n346a11060ae3c5a,0.5020845050054666
n34824b5e08811b7,0.5045870670775348
n34a8d973f71d712,0.5042126596221319
n34b94cdf535c535,0.5019572706903236
n34cbcd65074a496,0.5026837597234052
n34e1e2383610674,0.49794109906200046
n34e859b757ee41e,0.5024768308607606
n34f9827971ee91d,0.496351443862561
n34fd70b91092f28,0.5002036625790739
n35007e0ec009dfe,0.5068688290256118
n350cb6d93bbdd37,0.4970042966839013
n351126a6b695ca0,0.49845368310998117
n351b204da868c57,0.5005726115550617
n351c2ad5e5fd9cd,0.4971308934571106
n351cba0048014fe,0.4955242854448394
n35215fae76c0ebc,0.5031669538301656
n352c5147f84645f,0.5037340711817965
n353c7b339d69f4d,0.5038015661259222
n3545f585849be2a,0.499244124617
n35470707e15db82,0.5016611831173357
n35572b14d49ee9c,0.5010144103844884
n3567aa02d3411d6,0.5057223894438486
n357756cb0002679,0.5020146107509891
n3586fe1d0e63dc7,0.5006646172085151
n358d2405f52c2e8,0.5078011083888458
n358eca9c213dd43,0.5028892927437228
n3598fdbb95fa76f,0.4966992843068347
n359eab2f44c7a23,0.49693910569409894
n35b42b0a93908c6,0.4983121186698783
n35be09c3009089d,0.5034239888533456
n35be3073e2a2636,0.5014966894024827
n35c49010f6ea6d1,0.5005906139869073
n35ce989d2a214b9,0.5028901798657933
n35e0abfddcdda01,0.49593104767213986
n35e34b0e72b3183,0.5010204160930746
n35ed55ceb8ebb32,0.4940383799343189
n35f4fe5a35e8df9,0.4948899747691422
n3612b43ea30adeb,0.493938220449965
n3614a9614202880,0.4948839479471702
n361b563b4a09937,0.5063936586080422
n361b76b0792f510,0.5024916428024193
n3639c4e18f6b43a,0.4882939754770929
n364406115e103eb,0.5029282829289694
n364a7b5d206e3c0,0.4965406377080957
n365d6007c319d06,0.5052899967637864
n365d7d4013a1da0,0.5005358107828579
n366439894e0a5e4,0.49464858816919244
n36695c4d7f874b3,0.5026117077100308
n3678fdc97efdde4,0.49927163341123043
n367a4b6707bbef3,0.5056060425916283
n36824d7811038ba,0.49406752235626517
n368c534a5931d0b,0.49737299610011826
n36909ded4ade4a0,0.4966106472588535
n3690e835f5c2d69,0.5000267611923621
n369e421b7fd1eda,0.5033801365154238
n369fd3466436cca,0.4967393584050022
n36aaecda47b8652,0.4909443920361987
n36b1ea116ac6fbe,0.5019806268782476
n36c7024c41344c2,0.4957446828997062
n36c98c7728e6c61,0.4989215552729716
n36d694ae94d2a9c,0.495970292174667
n36d760375c6df3a,0.4987486318735803
n36dfaaed2f15ce0,0.5010490683748439
n36e254c8745e2c6,0.49705030735952016
n36e9240ae0b878b,0.4951409428055279
n36f5e2ee88a8352,0.5015845655162242
n36ffd85cee1fe6a,0.5053577813269463
n371526a2334c35e,0.5004222316790741
n3735c44d316c263,0.4971947958474022
n3738b1538553f72,0.49882898962853983
n374cb0b8030db8a,0.49648037373219983
n374f3c38c77c603,0.4966909699571234
n3750e2c10df29ac,0.5025994308234368
n37642c890be3a96,0.4948539737040767
n376635a8f24c784,0.4966488798079063
n376d396457b8fa8,0.497101473783515
n377be072ce86370,0.5038724572844488
n377df17679e72b1,0.49717046735607096
n3785c6d8d075aa5,0.500956107556186
n378ff851db7e21f,0.4982415639120206
n37b7c0a18494fab,0.4985190053755811
n37c9e6be6dc3099,0.5009958938347255
n37d27574f30e0b4,0.4987429106486813
n37d47c66098eb6b,0.508803883400332
n37d768c9f99a63a,0.4999996834401152
n37d801fd3bde5b1,0.5008640598817893
n37e318ea3fbaf91,0.5003888986151057
n37ebb72c1689f26,0.4991545873762921
n37ed694e51a1398,0.5029761698895403
n37fbb493821d9d0,0.5084177129417373
n37ff1bbc5fae412,0.49472052728003696
n380d2d3ac047a8f,0.5053527976007469
n381e24ce10756b1,0.4938006560284255
n382ca6e3472645a,0.5008367570476223
n3832b84528960c5,0.4987210852008186
n3833c0f34e4d66e,0.4939590993649041
n383ce96f6471784,0.5054042851497892
n384acbaf26da7bd,0.5064361838453948
n384e897a44598ec,0.5059575103938048
n385fed81f07e17e,0.5036967911148503
n386afcda3ef9035,0.5047217439988314
n3885d44e4a6c792,0.5072266173123552
n388becb26096b59,0.5004500704213974
n3896d186a938b61,0.49755657755029925
n38b8ccb9740b2c1,0.49799099120118373
n38bd2a6933e5745,0.49726114339551564
n38d690ecefc25c8,0.49604687424443616
n38de679c8655abc,0.48964303036345125
n38e1546dbfa7d39,0.49730480746822797
n38e4f769abc8326,0.5037904427792328
n38eb13a523a39c7,0.5005543926639889
n38edee5a2163088,0.49218516715217214
n391ec698b6a6a53,0.4982461849232979
n393239d0bbeceee,0.4943980159958742
n393fc50bb085cd1,0.4952538612552805
n394f6837ab376c2,0.5049295976601049
n395c4f0c87fbc61,0.4996273237720948
n39650108a5b6bee,0.502610971737066
n3978e492298bbb7,0.5031978069872698
n39791b4aff2061c,0.4988083458203199
n398b0cac6492db0,0.4986870147555835
n399dfd91df1c9ad,0.5048350746310895
n39a72d0ca05a1bc,0.4980693832333076
n39c136b70056a4e,0.4967526758365437
n39c15eadf633970,0.49928460410307113
n39c5f8f120d2de9,0.49801795550399
n39ccc9957bb2a49,0.5000269859436811
n39cfbb12e286936,0.4985144026201311
n39d79dbe3f60943,0.4993259697923434
n39d91496fe35823,0.5016923565250827
n39e4d0963b35992,0.50940626214491
n39e9692b8268597,0.5019189699898157
n39ef9d7169b27f7,0.5043133363421802
n39f8fe5232a0ea1,0.5051497536771654
n3a02153fec8610a,0.502562136004338
n3a24deac293ae7e,0.5047995894794564
n3a2855bd86feb84,0.49887386684796603
n3a29d452c741c7f,0.49725938719744894
n3a2c0a8507fc0d5,0.5045627881526261
n3a30e123ac21761,0.5023682016722497
n3a3b715d2296673,0.49677626035025324
n3a3f5cfc6c0d502,0.4978368071472703
n3a4436cb963576b,0.5029275687672271
n3a4e148ce5cdb17,0.5028673954326759
n3a69fda6c971396,0.5046177198405908
n3a741a01f48039f,0.5046274433691155
n3a74ace7058e5f3,0.50157288236384
n3a8c5bfaa2c3989,0.49518866040131015
n3a8e0d42cd3b936,0.4947324673599909
n3a936473e6ba417,0.49953243437428546
n3a940713ace7613,0.5078045004089666
n3aa075eaeb85953,0.5017171503379223
n3ac7704f3f591b5,0.49925589025296824
n3ac7a203c3ed252,0.4956884203095487
n3ad684ac6177b76,0.49976174607856116
n3ae701009c67081,0.5065544244345197
n3aed0aa76d54877,0.4982569417475128
n3b01b49264fcce0,0.49998467857117124
n3b077eacfa7dbea,0.4944670368725378
n3b0d176c51784eb,0.48801251866190665
n3b1aa4498f15091,0.508071930988046
n3b1d02f2da0fc9e,0.49529792452933025
n3b1e67d656e9cb6,0.5075334071874487
n3b26b61e6e51ed7,0.5026471374161168
n3b3281447d5c37c,0.5043716096134122
n3b43ef6413b60fc,0.5047459085696653
n3b46fca08ce96fe,0.49938646604092585
n3b5012eb0fd96ce,0.4944956049090687
n3b579f0cb922e92,0.5026150680831714
n3b5f1d916aa3cb7,0.4943094031961317
n3b6870a68d63ca1,0.5094873171440564
n3b6fd1473cb19e0,0.4960693902324588
n3b79794d0e015e0,0.49493364172850557
n3b7e3f40a289681,0.49701588148689324
n3b8decf948cde19,0.49887197786104387
n3b9d8aec988885f,0.4999398248225205
n3ba341186e0883c,0.49468469831719264
n3baa1c2b5e65b8b,0.5071359426257146
n3bad10a91511dc9,0.5020878237492067
n3bb224e5d8df333,0.4960985833703526
n3bb390e3cdb60cb,0.49974757196677055
n3bb3daca408b908,0.5006123866860935
n3bb5558cd5a8961,0.49511112984637656
n3bbd2deaebf851c,0.5015860725968072
n3bbfaaafa509d7c,0.5016410216007947
n3bc5e815ae05762,0.5035953651959685
n3bc76bdd71121f2,0.49526904234483643
n3bcc56d012c1fcc,0.506094180092616
n3bcc9ab2cf5ac01,0.50311195759217
n3bd7ba15b071a4e,0.49752297828643005
n3be09882bc2c4d0,0.4981452596828279
n3be0a8639eb24b1,0.49572033694586437
n3bfe3d8c7b2f064,0.4989087059105744
n3bffb8af98fef38,0.5000267996266107
n3c188e4305324df,0.5010438773774931
n3c2944d92c5cc4f,0.49505484554117507
n3c347895cc41eac,0.49532671372134734
n3c3880ccb77b5e6,0.4995087273091635
n3c42a76a6f47452,0.5024778804005624
n3c495e977b8ed9b,0.50036366737007
n3c584c330a2d77c,0.4986427873564971
n3c5b52774967a1f,0.5010948080251755
n3c78238f3ce19f4,0.5052219853359113
n3c7e8da92e82cf6,0.4987862469872092
n3c845a1255b37d9,0.49765798113364856
n3c8d20289c0d4f4,0.5030585415053527
n3c92a5d18f1498d,0.4984402403616344
n3c9e85aafd30af6,0.5062979029115184
n3ca1c4d18189579,0.4992344007753987
n3ca3347967249e5,0.49596875900031867
n3cb4aeb063c8e35,0.4951235799863624
n3cbf4af8c68cd34,0.49389477512560975
n3cd0dfdbf6455d5,0.5045634609005568
n3cd7d65df8b1504,0.5022914076138847
n3ce5c990efefded,0.501351362994829
n3ce6916d7ea6280,0.4915171097752668
n3ce7f0f5b1cd663,0.5036121187883595
n3cf57f56479b133,0.4984323162565054
n3cf5f27a065e7fe,0.50465093118951
n3d13d4a8fb03099,0.4976457954372608
n3d2440d066cbc67,0.5060796944846272
n3d3308cdd3a3511,0.49265575025509284
n3d3917ab4d1802c,0.5042520846346783
n3d3a15e26a7f92f,0.49852041800773017
n3d4321ce7473649,0.5039776801628905
n3d53fa2fc724449,0.5016669333710394
n3d5fdffbc592b67,0.5041517048460465
n3d644e7e093b7aa,0.5035144258832828
n3d6f8ab680fd6ab,0.4972374391794262
n3d793cb2e3d5ef3,0.5028118511074718
n3d913d97ad85963,0.49554871874036377
n3d969c14355c6bf,0.4904717597050878
n3d97a7a9d02686d,0.5018540887539263
n3d9831851eb4308,0.5059750417466263
n3d9a0de741dd1f2,0.5031172598639694
n3d9c304d789c14d,0.5014686755131673
n3da25e3fbc4700a,0.4986148814358733
n3da82388eb4e988,0.5025053708891495
n3daaea93f2b6d57,0.5031557005506715
n3db926eb24c7a6c,0.4977684423801766
n3dbcc68ff3981fe,0.5009262541622563
n3dc868be3d92960,0.4985946739710605
n3dcbb42124bfe9d,0.4978064085752032
n3dd3497ac20775f,0.5076332571500066
n3dfe67898d57683,0.500794431920401
n3e19462b03fcc02,0.49937111920390775
n3e22424b4a2cfd9,0.5004721052948891
n3e254e3f82420cd,0.4990041684207243
n3e2fc0b63add6df,0.5018066586532067
n3e39dcdaecd5690,0.5056904685094169
n3e3fd20bb99c8d8,0.506539178986135
n3e6313883c50964,0.4980219470066669
n3e70199e6eb084f,0.5054143414919817
n3e7ed937521adde,0.5066637628593821
n3eb07930c698ced,0.5021040101703494
n3eb9efdac2f1f07,0.5000254000752266
n3ebc1c7bc1fada9,0.4977411141640467
n3ec255fd524420a,0.49864333797825416
n3ed395ae32cc5f9,0.5026123647272527
n3ed5fee0fe5aca9,0.5000026744583931
n3ee495476934117,0.5006102308665398
n3efd1d5126b6b78,0.502723547602874
n3f0567eb0d2102d,0.5010933083465927
n3f123205dfb87b4,0.49997437557138785
n3f140725a5a1e32,0.5029007354179958
n3f3effbf8c9a2d9,0.5027526828392929
n3f4872ba5b80285,0.5037894121901441
n3f5b4d297a48356,0.5036172899865539
n3f6b802c7348021,0.5014719351194202
n3f7814ae92d1615,0.501028063806197
n3f7909c418268c9,0.49497806057311516
n3f8150652aa31ef,0.5034296329956687
n3f86eb51ba47d50,0.4960510760866687
n3f8745969ec6e0e,0.4959502099303425
n3f87def071de07c,0.511079781501252
n3f8ec245a2d6662,0.5009369363216528
n3f91827f5951f4e,0.5016885183297637
n3faeedfc0ffee9a,0.4978013441773023
n3faf543fb0228bc,0.5038800652012853
n3fbb29c16c5a766,0.5004359282102973
n3fbf122eac521b7,0.5038321046490352
n3fc05abc70a2a90,0.49784595709447316
n3fc32246eb2c417,0.4929661780045795
n3fce51de2fc000e,0.4938616837205753
n3fd4e7db7ac049d,0.49948509195405927
n3fdf94767b9fcd2,0.49977155339668405
n3ff0bf168711dc6,0.4984574069707971
n3ff2f1712397ad1,0.5082477128020009
n4007f7f85d0d9ac,0.49890945987716057
n4017a252ddf331a,0.49588342837665983
n402052698c41b9e,0.5040896339502462
n4032927ce4149eb,0.5002371263939133
n403d0a6976d3665,0.5022896999949199
n404bde1aa2e2c84,0.4966080238688698
n406b89ed269a74f,0.5018813357118651
n4079720f53e3c17,0.4990608781084922
n407e6a1f61fb013,0.49486851247304914
n408420c7df128a3,0.4994532106586449
n4091bf909801730,0.49972505699936537
n409374ccc716681,0.5047883855003714
n4099458c60f1347,0.4966015273169568
n409d75ee4d77c8d,0.49649690495768956
n40a7bbd388b16e0,0.5046441284213439
n40b1e147a6b096a,0.5077970490128171
n40bb4e7becf9097,0.508194295826716
n40cc34afd2040c6,0.4988055111472302
n40def99b5bc422c,0.5028965155058109
n40df5909ec3307b,0.5003244043430448
n40e64ff849f6ac3,0.5018198162486748
n40f23f6a8fb0ef2,0.5062730626527733
n410959ed6955936,0.500366010223069
n4118daf79ea9587,0.49609436055624
n412fb96619f14ac,0.4967805307363664
n41365e3c3536205,0.5045084024335662
n4137a0307123d18,0.5028128074963389
n413b8018da4dcf4,0.5018921709990927
n414281ac11ecd59,0.4972539212528246
n414d48d63edf9e9,0.5024004813643551
n4150fcd1f49a223,0.5059786591608779
n4160fda1bded7b5,0.5026997739493507
n4170a010769e5b4,0.49530262646060347
n4184322121ec1d7,0.5051146597517762
n419085fd24e393c,0.5065142902652842
n419494c6e558317,0.5001568477291427
n41a7711843783af,0.49068301130648956
n41a90e1b1af068a,0.49977781325500636
n41b9e0d16665ad7,0.49593754917249394
n41bdb065fffe9c2,0.4950856008549127
n41c08b5f8e1634e,0.4985420741953196
n41d60d04475400b,0.5035846349683494
n41d9d2bf8ed56eb,0.5019183248518895
n41de30885b46566,0.4991611295585904
n41df81dee3603e9,0.5076906641326534
n41eba71307ce5dd,0.5045851664726135
n41ed253c3d20df1,0.4977393426693757
n4201b672db2ec33,0.5049480524221992
n420ba9ab8eb8be2,0.5080073035606925
n42123e43bf44c24,0.5014603555503386
n421fd1c72713f84,0.5049434094586291
n42211800245253a,0.5006980589249217
n42270617208d43d,0.5019945356447405
n423a645c244d833,0.502107730887028
n424e6aeec6234ae,0.49967670401600794
n42536c385e331e9,0.5024025073725926
n4253830251d3563,0.4974673093056474
n425385b224fb3bc,0.5022943094975602
n425c9c544b33eda,0.503087154983287
n4264ee0b33408b9,0.499293432662619
n4268fa9c4e013e3,0.5048226018510904
n4270e12effc3599,0.5039707983224732
n427480977232842,0.4980602506152832
n4291cae158d7c16,0.5028822380534598
n4291dc8a0c91670,0.4959563559748799
n429db25e7d2abb2,0.4991422946878852
n42a22f265ca8583,0.4944557817934377
n42aec86cbc237f3,0.4971873998565143
n42b0a7a35cd8401,0.5081089928422559
n42b43d19a549bfa,0.500920404705173
n42b7d3ce5abc7f4,0.49559585902330855
n42be7519204d06e,0.5036259405393587
n42c00e0c53c3a07,0.5047004971867474
n42c53dee4821da5,0.5008530899636288
n42c7948056cb7ab,0.4935439762599414
n42ca2b4218c70cf,0.5076924281925784
n42dc6ee2448a30c,0.5003583153783224
n42dfcd2946cd62f,0.5013721313584559
n42e92241fdfedac,0.5008854692778325
n42f5191f437b553,0.4951695268975879
n42f5a09587728fd,0.502815592623737
n42fb65ac7c832ef,0.49568989502640015
n42fc3f80e8f6c18,0.4986938306334707
n43060e959dd79b3,0.5009127251976792
n4307687d1acf961,0.5024175023846064
n430a6aaee08a7c4,0.5048080449137828
n43295e1c878493b,0.5049078781334424
n43496bdf52a7405,0.5015082210319463
n43561a2f8aef0f3,0.49559964356540614
n435c3281eb8618a,0.4941348400830803
n4361d6bc59eb210,0.4854531774803567
n437757df4b5b538,0.4982891919073139
n4380f6904aafc55,0.49858745213383066
n438190156d603eb,0.5033081258603457
n438772a84e8e201,0.49882954156534104
n439bb85bc5cc0c9,0.5032547271964526
n439e2b9eef95916,0.4996621627862582
n43b03f34a4216b8,0.4930551267285066
n43ba6b9e3ed46ae,0.50637861322256
n43ec600f071acae,0.4897180159018186
n43f288d6d099ce8,0.502734354961906
n43f7945ec2696eb,0.5013013474192543
n4402cd7bf67f64a,0.5015118710875991
n4403284ebd4c2d8,0.49991920402659695
n4406a7c43441064,0.4962770932964665
n4406b52c8499d80,0.5011041267611521
n4410a2de681019f,0.500645351168392
n4412a9231118d7d,0.5002936782684504
n442b22039e1a1e3,0.49570945950282064
n443fd5fe1044440,0.49815685910479696
n44407f36f298425,0.4996338690053362
n4442b0fd02599ad,0.5059725301441096
n4447a32fe409971,0.503605721127061
n4447d8f406cd52f,0.49584850492184485
n444f11fdef479eb,0.5004144421265834
n4450a87e6c4d5dd,0.5010856241122653
n445baf7e1164a12,0.4953295904975726
n445cce4b8fa0620,0.4897918972427103
n4463009584284df,0.5004141944725329
n44635de23568124,0.5018543413513332
n446ae5c2f9b5a61,0.5025104891073553
n448b13386bfe796,0.49807646780406506
n4491fe00e7123d4,0.5011438317631381
n449c63a6f8eaa1f,0.5007682231906898
n449d1a2ef83a080,0.5062575397584816
n44a98da35d65d48,0.5070234789592389
n44aa7091e43a542,0.4946909116690211
n44b07564dd31a9f,0.4981594033919207
n44c13190d82a167,0.4982377525060577
n44c6bf9c886b6ca,0.5033994424068582
n44ca6f537067832,0.5023511787236234
n44dde1c1589c607,0.4982322612263707
n44df914ae86c84d,0.4979581159358952
n44e4b54cd909e79,0.49574723785461633
n44fc8b3dd5a5863,0.5029773717828504
n45043b47d9fd2cc,0.4982876894452269
n450f9404e5e485c,0.4991773538055852
n45141acc46c8132,0.49991193101784664
n451967a87fdb329,0.508526274250068
n451ea8229050033,0.4991285229857591
n45330955d543227,0.4975455055643119
n45467161558cbae,0.5005105753691187
n4550ffb9e453e13,0.5037302755837478
n4558b73da60661f,0.49894946761515596
n456a6f471a1f1ca,0.5016711609176625
n4587b7b8897a1c1,0.4979739697828377
n4588d1b4ba27c0f,0.501530832807158
n458d1740927ded7,0.4972740271190549
n458f8413e041da3,0.4964555081924201
n4596c8bc12fec81,0.4948350785991579
n45a174d5e4ab5d3,0.501170656467261
n45b3f03586cc00f,0.4976888972303324
n45d1b97415feedc,0.49937662126733423
n45d43accf52a566,0.5050696599562967
n45e27c56eb5eb62,0.5012178680644528
n45ec65a7a3c4703,0.49759902579274645
n45fe8248c937607,0.4976648621727206
n4601489d932d221,0.49833571349353784
n4602d80d6c96f54,0.4939490291718499
n46054b5f2a6bb6a,0.4969241911945683
n460eb76cbb0e3d0,0.5024603825287631
n4623ae9ac351f75,0.5005392330770705
n462c53dbab5bdea,0.49940850135036724
n462f6cd14cf8f16,0.5020830634479585
n46308a8ae644c86,0.499149756506097
n4640d142907f156,0.5114622053623992
n464b1b9f3c67203,0.5047218560041884
n4692870f5ea0204,0.5004646545927535
n46a9324cf838ea5,0.49869197796309317
n46b38366905f0e8,0.5017234390352039
n46b8755bf8a084f,0.49878227989142304
n46b9056af020d1f,0.5057914580924389
n46bda9ecfcbea51,0.49201416405972537
n46c16ef4484c532,0.49715281007031364
n46c68ef4cd30b20,0.5044057057030087
n46d66702f901726,0.49986884869637827
n46d6f9074ff270e,0.5024322101966646
n46ea692f24ca390,0.49840337595656425
n46ee944cb09497e,0.4964318829354654
n46f0fb5ce77d313,0.5005948964355341
n46f66cd97253ec8,0.4991699019207133
n4719b9edeedabaa,0.49634402026647106
n47273c339b7583a,0.4985546655707505
n473620262f1ecdb,0.4983667294897132
n473e824c63db268,0.5009621362604811
n4747729b6db0017,0.5061699618596637
n474d0082ffc13bf,0.5039868328866303
n4752c7d447c01c3,0.5073547804527201
n476068558c38acb,0.5039722127828788
n476779362b631e1,0.49771888646476586
n4784aeb3d9e48b2,0.5000510165174549
n478c96d4e01ee25,0.5031293225515102
n478d36160f2c3fb,0.49776522722367517
n47912c8345aeba4,0.4964293092200687
n479220acd1861f0,0.5059864239941672
n479f75816fbca16,0.5106161874589477
n479fed43c522f55,0.4976089297616779
n47ad4d129586755,0.4972519680673393
n47b1f47ee1c19dd,0.5023002394797393
n47bffe7cd060574,0.5032282875336118
n47c8529fdd36779,0.49884776148474796
n47d2afc5d483459,0.5026338694828654
n47d424b0ce71ca9,0.49682733215567876
n47e7fe21cf6f64d,0.5017270925090322
n47e8a18ec9fd897,0.5096050560439621
n47f52311bffc803,0.4969582434602675
n4806dfc2bf0c3ac,0.4932701373162541
n48098bc3dc977c7,0.49717704012139613
n4809eb9b47a0a26,0.5013902654766522
n480d695aed49626,0.49655066109608414
n480e1f562674801,0.5017725030733284
n48124e8dcd63d69,0.5033170317463399
n481ada4b81e9f75,0.501468504474301
n482023782f12683,0.5014073420641096
n482711b630e119d,0.502384405801381
n4834677fa8d1684,0.4974232489521472
n484018e22a92138,0.5021117830622477
n484210322f93a27,0.5034959445080808
n48472b24b0a5506,0.4978154299379543
n4861ed2b2808894,0.4952021493969573
n487040f13e90822,0.49816930863758174
n487fe7503838039,0.49858707372130173
n488594df5baa1ee,0.5042314071651355
n488dfaf0c3c967f,0.4980279963671041
n488f82246897a5d,0.49760716288819795
n489499c200e9b11,0.5012699861762254
n48aad5a7ae0e937,0.5060757766508415
n48bfbc1fbade4cc,0.5012337217958572
n48c27cd4fd69ef3,0.5016088027916293
n48cc2914700bba3,0.4946507901383358
n48cc885bf13484f,0.5003396485675805
n48dd944347ec3cf,0.5035883197801136
n48e597d1bdeb122,0.5015040669505174
n4920693774bf463,0.5081664647655827
n493fd7111679422,0.4992871223771301
n494948b18f2baa2,0.49938688692047123
n49561d572bfd71e,0.49654709177881995
n4960c910dd94ca6,0.5032208716610724
n497007a3cf9b6a6,0.5014559480368513
n4976df9a3dce110,0.500985490140723
n49916ca05587fef,0.5007952287324037
n4992e0445b2432e,0.499840101065407
n4992e5a1071384e,0.4914345469437555
n4997ba2b1bdfd96,0.4977267983155792
n499be5f04a1482a,0.49898734207061685
n49a031bb4350e47,0.5002940560009982
n49baa4041d7321d,0.4994783634957614
n49c65db90481487,0.500141008821116
n49e0f522f4ca75c,0.5026421673174458
n49e32a95479a83f,0.4916409355422361
n49ecb92b7872a34,0.5020710134335119
n49f08b911c78bbe,0.49535352616862866
n49fd1d1dada8be8,0.49385773619468015
n4a051b1dd183f63,0.4926693650139374
n4a0806fa628a8ff,0.505608572010538
n4a08b1cbe477080,0.49915921951473285
n4a14bf5c903c670,0.5033969571699137
n4a23de434732a9c,0.5010855175584421
n4a249c483c1526e,0.49794390785498577
n4a2f4fc7eddee5a,0.499855953524483
n4a396a53db17a14,0.5008827278544612
n4a3a30ded57879b,0.4941847738561568
n4a3e5bbed368ccb,0.5024833756299314
n4a4391f27e72371,0.5080783143181583
n4a443db38d83ec2,0.4968437194329715
n4a45f0fbb7376f5,0.49460637857975404
n4a4caf12dab158a,0.4957390349594326
n4a540f823ed378d,0.5030655439032913
n4a68360ae2fb90b,0.4993534416282097
n4a71029a4adad77,0.5023620689594026
n4a72d2db93a4025,0.4971471872688438
n4a7fa7429a8f013,0.495563067692044
n4a88a65a8265f6f,0.5025680299551541
n4a98961fa5a962f,0.4883967503358603
n4a9b284ce46da06,0.510214514296807
n4aa09035c171dc0,0.49889203637885315
n4aad7a342722ab2,0.49514454774887046
n4aaf83c3e0936f0,0.5039915775905028
n4abc6677128c2dc,0.5069764912448796
n4ad2d1859db8ae3,0.5044070363726579
n4ad95dd021f2306,0.5019186497910271
n4ade99912cc6b32,0.5040811188487115
n4ae733435765f6a,0.5003444916225425
n4af49b569e3642c,0.49760212729671915
n4b0c1a0f7bf474a,0.5016814516746105
n4b0e44a74faa704,0.49447330219695607
n4b17b2da4e824cf,0.5019800657156986
n4b1f9bd96bed320,0.4978283192505411
n4b24ea156c2763f,0.5003488272911759
n4b26c0132f4b547,0.4998804136189465
n4b2ac287f32fdcb,0.500709619746964
n4b2daee459cfd1e,0.4953873073586252
n4b3736ac005c1d7,0.4944799495008349
n4b3f5642d7efe93,0.5020380242561525
n4b50ed0c2c8a432,0.5013824331794623
n4b5a60bd612689a,0.5047897163578152
n4b612bc79135076,0.5034033965785124
n4b6d2da54436238,0.49858827374567555
n4b708f13cf3fd4c,0.49748740989168777
n4b72cf456027341,0.5028887924386461
n4b88e424a0f59e0,0.5028476294228739
n4b95de5377031e9,0.5050207331571733
n4b98cfa942d06b2,0.5108837054136875
n4b9bb1de14c904a,0.49633012178709063
n4bbdcd509a0875e,0.5068145211051677
n4bc2df3761ab486,0.49900229206452473
n4bc2f17ff0e7d14,0.495522355260402
n4bca3b27e99444c,0.49784939634853936
n4bcef0c54d8da43,0.49913186287132544
n4bdf75fc97a7728,0.49541291300899615
n4bf6f14fd3a99a9,0.506967789230726
n4c0f7ea972d9cdc,0.5007002056878735
n4c3a24a107800f4,0.4946455095278362
n4c3a998053e4475,0.5101766372357446
n4c3c4e6a1962ac2,0.5030138081091577
n4c5c6f8451fe5f8,0.5027453624966095
n4c657c5de75d3fe,0.49914323788133896
n4c6a5ed7b55cca3,0.4943230655290207
n4c6b9e60553f0e7,0.4953942397014604
n4c70cfbd96ad7e1,0.4931577759831994
n4c70f3ac8faa90c,0.5014142957195907
n4c7968903af733c,0.4953281543122716
n4c7d4428ecfeaff,0.5088449026914034
n4c80705900b5fda,0.4970419884926853
n4c8406409c5f3fc,0.5029290292700532
n4c85730dc99d741,0.5042336786878495
n4c8a241c544635c,0.5040567977347542
n4c8cd4abc9d9a89,0.507236062369816
n4c8d973f6245cd3,0.49672218871510804
n4c8ec0c8cc26cd4,0.49898881810736645
n4c9696077dc0599,0.5009406166675732
n4c993bf0957481a,0.4994501468683086
n4ca6e6ed2db68ab,0.49572019687179875
n4cb0b368e2db5d7,0.5064098048394872
n4cb30e072f6ca79,0.5042405385287534
n4cbdab50c26da86,0.5093015453853583
n4cc1f2d3c6d58ad,0.5030379737977837
n4cd5bcf87cdefd0,0.5059813895092973
n4cdb1c60fd3cc53,0.5026706107801011
n4ce0009cb04e730,0.5054690521433564
n4ceb77f54922632,0.5022074095791349
n4cf13bd83d96f01,0.5004456233739761
n4cf17b6114f09f0,0.5024517915840805
n4cfdcc96b50e3fd,0.5004618783237875
n4d059d7cbdb2e8b,0.5073547740053588
n4d109fb22ccf48c,0.5037830890526127
n4d153003d5fe37f,0.5022491248605369
n4d1828d8d24acc3,0.502932217560616
n4d1a510aabdee7b,0.5005606341961384
n4d244646e348f62,0.5002199177664529
n4d269d496dc4deb,0.5037297225791016
n4d28fc6ecd48692,0.5018256489574224
n4d424923d074672,0.49506288142681154
n4d476fc1eb19962,0.4954915248829601
n4d4a9eb08e9f25b,0.5022526724559674
n4d4c7dc51d35431,0.5039238973594988
n4d62686e0a35157,0.5038976651935185
n4d68324b77b52a5,0.4947194121187888
n4d68892a0684b0a,0.4989249982362513
n4d7057361ff9142,0.4972282106900132
n4d764485b1eb913,0.49315062031017143
n4d786266fdedb83,0.5005244773829298
n4d88472ae439eae,0.49770349273952386
n4daacfde87ade3e,0.4969983900912251
n4dafc77c4af48b0,0.5067726337417745
n4dc9881bec84016,0.5049280106568645
n4dcbf99b94bdd05,0.49978713618185283
n4dcdeec13f6ba0c,0.5006333712601415
n4dd63e1292a18d4,0.5042349088163752
n4dd9a22a8858876,0.4955301757029792
n4de00cc7f81ed12,0.49827883705025244
n4de0532799edc90,0.500781107914651
n4df4885e896e52e,0.5006124360935466
n4e069e8ac99cbcd,0.5014127582050413
n4e1448c1fa27837,0.49444554372986255
n4e26ee9aa4672f5,0.5027142775604225
n4e334b7bf6714ec,0.5037814405777442
n4e612d47a216df7,0.49579693439733596
n4e74c6b755dbdcc,0.5036988376334717
n4e7c025f8d1113f,0.5076455857176223
n4e7df9895aad4fd,0.5060725073080253
n4e912c988b13db8,0.5122932790523422
n4e9344c41d89a2b,0.5058343086275378
n4e94ac1577d4150,0.49241043051221517
n4e974ee59edf040,0.49606021099206316
n4ea395afa46da5c,0.5100555316719724
n4eae4d332966f14,0.49727228118780575
n4eae9be1aaaf588,0.4982535208817658
n4eb8d1f93de744f,0.5008322801939118
n4ebc6e61a736b07,0.50136045662682
n4ebefc435433abc,0.4909335710331068
n4ecb7a18a564126,0.5029168547671854
n4ecb7c8411f2077,0.4959058866043687
n4eebaaffd21c508,0.5012736856985557
n4eefb30a9661c22,0.5010478422971605
n4ef3d0d6a558f5c,0.4955947045069792
n4ef90fc5adef0fa,0.4979836433962432
n4f010528bc9dd08,0.5016598413496741
n4f093bcf7f196db,0.5012590054580773
n4f104c65b48c7dd,0.4928481151169307
n4f173f1adfa98e7,0.4896738258598456
n4f1a0f6c4c12fdc,0.4982560717359368
n4f22af05d2d86c0,0.5013214708930155
n4f2387afcba8d68,0.4990774301318966
n4f297b75d21be57,0.5028914464759158
n4f322fb1b9dad5c,0.4999963864136594
n4f3c8f8358cbbde,0.4972577418695232
n4f4bff1f775cb85,0.4978938385418827
n4f4fb440d6ae43d,0.5006070467269872
n4f585ce42850a11,0.500396429039137
n4f5a72cc08e6934,0.49620410042352003
n4f5ba91b4c284a7,0.4982633492796589
n4f5c66e128e3999,0.5023928392631594
n4f643af30eb8f03,0.5120686561998328
n4f72c0b9d32c2b3,0.49815601906905166
n4f75ff1c0281f6e,0.5030401741343304
n4f8a78d4729e823,0.500562296052834
n4f9c0796ec38e1a,0.4992060209613647
n4f9fa9f1d945a76,0.49625100109216397
n4fa6015f7887fc5,0.5040069641106709
n4fb9838eeb78e1e,0.49738679163382515
n4fbd283e36e6955,0.49790092984140977
n4fc2da17e991802,0.49870114256173115
n4fe763bba11ed55,0.5016802881884963
n4fe81cce18da894,0.5062907927425473
n4fe85d4ecbd1bb3,0.5064987981259579
n500cec212491c8c,0.494912070892334
n500fc40f3960d58,0.5007942883810952
n50156b782e27dc6,0.4981571178258138
n5019c0aaa80bd29,0.49910132996642464
n501ab3651dcc880,0.49821066752084
n50203b9ace67e72,0.504190131225252
n50325d142e3373a,0.5023456162589732
n504f0a9fff4feff,0.4960170585313181
n5053abc529d6c83,0.4977038093009563
n505a612c05ef5a2,0.5021035079961692
n5065b24bf1a3098,0.5083204258171536
n50680c77dff8f74,0.5015147596702237
n507cdb03f4bb64a,0.495809202862513
n50bdf07ad34ae11,0.4873705570311171
n50c1b1b8a520b09,0.4977200271111002
n50c435eb0c26d39,0.49952159815712516
n50c9c8b40ae7683,0.5052949021637804
n50e1c7bc147d0cb,0.5020885946277649
n50e5036bb16701d,0.4970864614195054
n511114c197006dc,0.5005874362091846
n511196f275f5893,0.4988923494314186
n5111e9e0342b39f,0.5050459245697765
n5115a956cd1327e,0.49981901451608507
n512333a7d8e99d9,0.48772207634253406
n512617e7e42a6e8,0.4986967829181818
n5133e54076b43e5,0.4995065458640006
n514219ef8a315b7,0.500778260212455
n514300bce064213,0.49296643093806186
n5150997534c3d8c,0.49588838863288026
n51539e7145f63a2,0.4985842762907357
n51618abf67ea597,0.5016039795225807
n51623eceaad8aab,0.49738812094758766
n5166bc682f2200d,0.4979101791227027
n517074ba976f121,0.5006121069028749
n51842285c6ee7e6,0.4948880539966593
n5185153fd5e4d4c,0.4999007449672734
n51b64534dd0e97e,0.5006032269789252
n51b76ab25978b5c,0.4919500565739142
n51b970d8874b944,0.5038773503134993
n51c298385d15790,0.49098998018874396
n51d2460628d1fab,0.49159442408646664
n51d5684ebab7f45,0.49777708995756487
n51ed8d761bf3661,0.5045558896154348
n520008202300b92,0.4978113641457794
n5206b1b928c5156,0.5054085467226317
n5216353d2c78245,0.4999239380737484
n522645d8488ca79,0.49914992280601567
n523b3926612f346,0.5037103790814361
n523c31f46053e11,0.49974055143292057
n5244b4b198573a5,0.4985143566791185
n524ae7dc1e272e6,0.5133266231139426
n526f61c73f723ed,0.5033367666289528
n5273f3f3325d95f,0.5062627025819078
n5278e897652d608,0.49738219658480387
n5281138e5f5a3ad,0.4910535046086069
n528154082b0456f,0.5001894571010848
n5284301d9055301,0.4996740478287324
n528b8b980db940a,0.49070094243816054
n528fa16300fb494,0.5053648001841149
n529b7fe64fc1baa,0.5123022040630979
n52a922c1d45b543,0.49417667144854516
n52d1d1111a66608,0.49892639549005535
n52d20491953109c,0.5013384782882924
n52d3f08cd7b20eb,0.5014898861036248
n52e1fa2f97cf533,0.5067876842194201
n52e30f5ef5ccc85,0.5066724954521623
n52e8ee4bb594c52,0.4945445349615185
n52f4ee772523ec5,0.49862768325620255
n52fcceda8bb42af,0.49485349295683057
n52fe4f435147de2,0.500033626303085
n5305da6468c639a,0.5072864386522822
n53062b6e1e4f232,0.5016585547152601
n530ab604c0988c1,0.50321449075561
n5310460050957cb,0.5004288937525341
n53179650a873a85,0.5037933152482078
n531edb8d1941078,0.49488848596177926
n5332a51edb5f3b3,0.5011596265908095
n53376cc4c55c20b,0.499767370862684
n53548559547e2eb,0.4972464784955642
n535b4760120f7e8,0.501722178429809
n536401535b92754,0.5028487714451579
n536e5878e4656d4,0.5017308229550463
n5370601b35c8a2b,0.5010215844977791
n53768a829217bcd,0.5033156502865666
n53854e82d07783f,0.5059453404410142
n53878b8cec3a87b,0.49933864187710125
n538d4922b6f42eb,0.5009022145083833
n538f589a18b62c3,0.49754346820859374
n539842d8db247ee,0.4980860339574357
n53a1b50f86dedf5,0.49976602269354603
n53a5024768d09ec,0.4923053477447326
n53a82ce74a48008,0.49703067456196665
n53b42177cff1044,0.5049546165119374
n53b9e7df87baca1,0.5040255156265904
n53cba05b3aef39a,0.5019271350950666
n53db5427e7a0f0f,0.5033694507274927
n53e7e8d34e0caea,0.499070371545564
n53ebfdc041445e1,0.5028673520914348
n5408c815617391c,0.5080432245964868
n5408f59943df750,0.499338545434042
n5410ef4c8177953,0.500716240225135
n541723fab6456ae,0.5010433696437661
n5423daa60104a2b,0.4936593564071112
n5427cdca2935bbe,0.5080716420953815
n5443cbc0bfd4b4c,0.5015536754979447
n544ae727400337b,0.4992593408821787
n54529de98e5dad4,0.49693338915446567
n5457a7891e40026,0.4994080330990906
n5466858237343cd,0.4937221122820638
n5483fa81bf7265f,0.4977017937927535
n5484d1c8d4d1584,0.502338361666222
n5486d9ea430583f,0.5032463164005443
n549072cde898193,0.49533706547339174
n549d94a8ff05f96,0.5001709668491202
n54a02ec15a4f68b,0.5041730502674407
n54acd24941ba5d4,0.5005145240713769
n54af410ac169b17,0.4961795737944038
n54b0c387a1a5413,0.5032300836743957
n54b442181ad5d2e,0.502199581018276
n54b8b6d6c18121f,0.49384605236507745
n54bd386e7b4b8c0,0.5036672739000237
n54d37991bb9f9f3,0.4991014921016483
n54e0124eea4f3c5,0.5014776610917718
n54f3ccc6ff3d925,0.5082156178140346
n54fa9447ad33fa5,0.5023231250304521
n550ba416e0f5f07,0.502316245847335
n551056b8b954540,0.49758920422153086
n5510ecd187ccf80,0.5046963330213381
n551caa19755f2ac,0.5086281729232334
n5522c12e95e2ca2,0.5024648530435918
n553e53902995d0e,0.5053809387782904
n553fa4e10fdd852,0.5042151309588466
n5542c3bb66f0f3f,0.4948263796778228
n5543733b297f878,0.4996891809850871
n55504519f7299cf,0.5034959358889329
n555c4d0691abdc1,0.5020945017175336
n557988a9c06367f,0.5020048542225343
n558021e267b19ab,0.5031410950167473
n558af1c159b073d,0.4986417332982952
n558c52b79d16ec0,0.49455628226943504
n558eabfb22f4c10,0.4947361137223784
n559d0c057d026cd,0.4999341523155379
n55a2b0af48ebe8e,0.4998260417003993
n55a2b80a180b4c3,0.4936952585507744
n55a60170c3c0bd4,0.5039353041862474
n55a7d391ff53c65,0.5013155731307922
n55ad408dce8b86e,0.5017976687314256
n55b9d5a340ffc2f,0.4979100839023215
n55bc073ec3851ea,0.5013417860613039
n55c4f5b9c9a75b3,0.49465576502769365
n55c73fc67240293,0.49852242921418605
n55f5d2f952868a8,0.4991698437115757
n5607e86b14cad57,0.5041529792151294
n561edac2e621143,0.49988743933699664
n563a589f5e57c3f,0.5043038492163582
n564092b93255050,0.5041456111283489
n56434c9cdc26951,0.49775900506314436
n5643c8d5f8c71b0,0.5081531976449104
n565e9bd61870cdf,0.5013345110387298
n5672939a301f6dc,0.5058515535933747
n567d575914b3e7d,0.5024407918853778
n567f23623def2c1,0.5010426810221651
n568d0b9da8016da,0.49667537853605054
n5694941fc3e7230,0.5052402119790544
n56a3cfd39226260,0.5004168651264999
n56a97f11cdf0e01,0.4999194184522162
n56ab0a0c2f18f15,0.49603757147880634
n56bb0d6f9294596,0.500799064232924
n56d317651a9e8ea,0.49177009001855354
n56d6fa17d7bc668,0.5077539564595397
n56e3d925144daf1,0.49876205100381804
n56ebfcf9b0de256,0.5091065154001353
n56f316fb8ab9276,0.5022954490838167
n56fc327a3f0fb96,0.5012960749698296
n56fdb2bfe374671,0.5058649975293674
n56ffbdc63ba3710,0.49871100060958684
n57042c8f0f4f77a,0.500410731369116
n571bdbb6a956cf8,0.49793309149572185
n571c2014c00f752,0.49722580804780636
n572439451bfb100,0.5035745961708031
n573f3a0397cbd94,0.4969566432338467
n57549966d4f5286,0.4969902739844568
n578aff31faf1df8,0.5002564389077347
n579161791033777,0.49746484508707206
n579d69c230f7b86,0.5003240494391561
n57a378ed7b30dc5,0.5042625341652806
n57a9cde58ea3f73,0.5030729214386814
n57aaccab6a3f183,0.4991898790011012
n57b1fdd47447a55,0.5041395208861494
n57b321dbb092e25,0.5018343662977511
n57d5547a1f8bab6,0.502434533075991
n57dfbb82aee6f0e,0.5016897131926675
n57e29d9aeb86768,0.49594013464571196
n57ea9dce6c79dc7,0.49975861866591226
n57ecb96e503e01e,0.496049326584585
n57eff83b682d018,0.509492670428774
n57fa43450073314,0.5063036067600319
n580b9476b502525,0.5012131195585237
n581381ad93cb813,0.5013746607751123
n5817c5333d54a87,0.4981935297197537
n581dcfd0be1b2af,0.4919750959005964
n581e27c7d49b959,0.50506685230294
n582012581bb2e80,0.49441079292446016
n584ac788fff03f9,0.49399175973403914
n58584d85cc1ac1e,0.5058580428335816
n58749424d4c2454,0.5000730475960058
n587573bba7a7c3c,0.5048146665436809
n587584ac9880024,0.49732584231912397
n587777ace42579b,0.5011147866366933
n5878845780d5dde,0.5048419676246545
n5884ab5411361ab,0.49986488948358104
n5893f64142e1525,0.4983908952439202
n5899781c4cb70d6,0.5008651454248385
n58b3983778c1c18,0.4980533933783491
n58c3399b330f3cb,0.5041980601396838
n58cddb35c4891e0,0.5018342298950147
n58cfb69a35ec838,0.5005087777851477
n58d25b42e244bec,0.5008386067119341
n58e218df9187b8e,0.49551072046448486
n58ee19e25f217b0,0.5114190464191686
n58f24d0ed477baa,0.49904439806332546
n58fa2dcafc1e467,0.49341959785524353
n5904008249abbb5,0.5039869087885719
n591c3aee87bcf07,0.5073410888406057
n59213623698f7ba,0.5023370697751887
n5945b21221a3282,0.5050716122748932
n5945db1e6e28105,0.5008537263312518
n59563c9e3d82840,0.5038426570034247
n59569f230d70329,0.4965197603484024
n595fa88d14f5e0f,0.5010596745400935
n596352f9bb28075,0.4964570869924479
n5966b1c986d8ae3,0.5024131773128669
n5973832edc122e5,0.49838865850381614
n5973c141e1d5f84,0.4962485899557428
n597509f707bce47,0.4981543195043855
n597a4e2cb106319,0.4986225243075278
n597b627cf89c2cc,0.4931590038172475
n598b0ec91b8dd86,0.5034339223630343
n598bb40319d5eb8,0.49819843373462913
n5995f6672bcb858,0.49881244963122684
n599cbb15d098ec3,0.49737974948399066
n599cf39bbfd783f,0.4974570292137925
n59a8749fda7cbbd,0.5083300686933235
n59aeb1a61b3f331,0.4936596886612789
n59b4524c0aab017,0.501841054935353
n59b9ce397fadc2e,0.49958366561334283
n59cfbb9d133e676,0.501205505752052
n59d48e97f8bdcae,0.49428606188864216
n59d57e399a88ac3,0.49871792309497
n59e7df2cf7cbbd3,0.48939937248150894
n59e9c4963d1c666,0.49364605277980184
n59eb467386d3398,0.5006839262540876
n5a03ac9c6239426,0.491779275326013
n5a0d68e050f77c0,0.4949742117490454
n5a119bf0d182b98,0.5009982062344291
n5a1b67767532c35,0.5008698634742543
n5a1b9868426eafc,0.5016457327237382
n5a1e3eebb30eb52,0.5027702759672689
n5a1fa707b20b53b,0.49180466735955625
n5a2c1ce441db7d1,0.5030197604005259
n5a35f2bb1d5ec36,0.4958736067754393
n5a3831cccde1488,0.504610168493478
n5a38bb14ba4c6c7,0.5028465039232465
n5a3a53d65370f20,0.504436664122994
n5a4f5b7e5b8d01d,0.4939270766150461
n5a4fca7ea714f15,0.5012856040372391
n5a67a936ccee8ed,0.4997247359002732
n5a754277b5ef342,0.4974326579572894
n5a8c4c00bdeae85,0.5028372716789408
n5aa3a32c59f64d4,0.5029442824606867
n5ab2874a44729f0,0.49921558477936917
n5ab2e9dd2795f6a,0.5007037119067085
n5abbdb9f4bfec46,0.5028134553576341
n5ace4ff6a413c66,0.5019299926216889
n5b00e854198b124,0.5029080015307827
n5b038bd4cf53a5a,0.5002106309562365
n5b15231a57ddd20,0.4996773571907089
n5b300e98024990b,0.4985978739867951
n5b3124bfb729311,0.4988301787468941
n5b3229001610213,0.4994392077088476
n5b3a35d25975940,0.5041924050999995
n5b3bdbac10d5b5b,0.500946485887752
n5b47163f177e1f4,0.5011143103492423
n5b48adcf8c56e77,0.4964865015722919
n5b4b607d60303fa,0.5014302698596065
n5b73aa3434caf14,0.5064646062828444
n5b7dba8bb1f3e15,0.5050849475775735
n5b8b9101381de5e,0.4991934570398206
n5b94ba109978ae9,0.49968316556252357
n5ba2a3700ec9d4f,0.4904933008118124
n5ba421b7ad6572e,0.49812855275745177
n5ba5b1e03659e5c,0.498728902415382
n5bad7acc2b51e37,0.5073948557468468
n5bbb05b9f8f03e9,0.5026594156190809
n5be6b4bab53a003,0.49617845542203465
n5beb4917b2b1069,0.5011838899197035
n5bf96d9b23bafbd,0.49929637552527817
n5c0269f21602918,0.49880401411439823
n5c0654b018c2a85,0.4945003026691073
n5c2229ee6d66f07,0.4941039049477565
n5c2f43c6078aeec,0.5003487038484068
n5c3386b417fa527,0.49921127957437833
n5c3891d64bba374,0.5014890213548108
n5c3d56d03a042d6,0.5031409703446015
n5c440c6a9298e50,0.49787123179240106
n5c47bd8166060c2,0.5000601652635811
n5c4d0f813c560bd,0.5034821306282699
n5c57906fbababb0,0.49881076955844883
n5c57d3fa1a19ce4,0.4973851846883977
n5c72fdd2aa670e6,0.4987562481264848
n5c7399d4ef02b80,0.49837923244628035
n5c84c1276a556a5,0.5012787116691826
n5c8956bfe4f5a14,0.49774190887317715
n5c9cc869b3fe57b,0.49899032895698753
n5ca507b6359803e,0.4939202181986462
n5cad50a46f9d42c,0.5049737360361912
n5cb554d8a1129c5,0.501373876810192
n5cba5b3112d4ba1,0.4957450628586994
n5cc78ae2894d0d4,0.5021541884122379
n5cc9fdbeda046a9,0.49814519004769875
n5ccc5517563e490,0.49751202690905566
n5ccfe94fa73991a,0.509086781638101
n5cec6e64d540af9,0.4983647626832637
n5cef9d1a1f701b6,0.5004769647950407
n5cfa8d518ff1f6d,0.49836049435768676
n5cff1782c20db41,0.5019745709627323
n5d0faa5e57632f5,0.5006474400901617
n5d1154856508fb0,0.4933089088133771
n5d14cf9636ca488,0.507836023080706
n5d1ffd866f0aca2,0.48410286393749163
n5d370c70141afb5,0.505402033084575
n5d37c0ba5004098,0.5016880026953972
n5d386bc961f7d91,0.49964242979671697
n5d3f6264ef8c478,0.49752932905774994
n5d44210a9e0c8b8,0.4972209545785751
n5d44ec970ae20b0,0.49593267205324315
n5d56300534cceb1,0.5045720050454819
n5d7416db7fa4222,0.5005945842696348
n5d7f0fc9eb91fcb,0.49672728623315526
n5d86c733f5dd0cb,0.49709172266069473
n5d875fc49453a59,0.49003753258791516
n5d8c2d4374175ce,0.5010926310683155
n5d986c29db6bf65,0.5029301331525156
n5da9ae48968a103,0.4955910440405961
n5dc22f82a00c02a,0.5072870806851089
n5dca07a81140777,0.48793261724793097
n5dd000318127d82,0.5018736884503919
n5de3f252c7bd094,0.5030045263073359
n5dea01baee91dc2,0.5066317015181275
n5e092cb2e0f98c4,0.5089851632329296
n5e125c174e29668,0.5056072302448988
n5e166795aaaa0aa,0.5040577261610008
n5e1a843f776ecf9,0.5014331287355478
n5e1ff5b95d7b8d2,0.4988475501285409
n5e2fa5ad8ea8337,0.501625786674614
n5e3016dad09c583,0.49097960562343157
n5e39af0d51b92ae,0.4979847892366319
n5e43a2000d6a6c6,0.49921693817496954
n5e45e39617112f9,0.5056557658865186
n5e51fb301ad50f7,0.5006540268725385
n5e613a32e356783,0.49339840899806997
n5e65c3e7b0e0931,0.5052777632488655
n5e7efaabf44fc27,0.5050410624917329
n5e839245452b31c,0.5017143643606692
n5e8587b4d6777d2,0.4988628739851618
n5e86e6aaccbfefa,0.5000331182157547
n5e9329ab2310153,0.501476212439156
n5e953457f8835ad,0.5017894836983534
n5e99a1a07837535,0.5021035346229135
n5ea235f58f16dc2,0.5028075436610168
n5ea8d34bc04a31a,0.4983241043750038
n5eb15e48038d9f7,0.49677646987451474
n5eb17d67528abd1,0.5001456795630085
n5ebc4e3551c6f3b,0.5093893195857973
n5ec606a67a36c10,0.5031990113190851
n5ecd045343f6840,0.5064847351580937
n5ed55b3b6295dda,0.5000159303170024
n5ee2117d3ebcdef,0.5015539420853441
n5ee6848c6708eb9,0.504853443681392
n5ee9a24d743aa8a,0.49546107607050743
n5eea45a2b74a9a0,0.5051098293073841
n5efb92f9b92ae54,0.49126068514906024
n5f05452033b07bd,0.4996417450695884
n5f068c7343246cb,0.4978270183257405
n5f0cd08cbf4776d,0.49908908307846384
n5f132acd4d921ef,0.5044083294956626
n5f1aa453f41cc5f,0.49999799772105363
n5f1c48e2c3a07de,0.4959069950151686
n5f279c3c32b1abc,0.5001484955828418
n5f2a4126b33bb82,0.5006345266925767
n5f3176d432cdc1e,0.49693672382039483
n5f31a4e890daa3b,0.5053118145997489
n5f3637185bf5421,0.4981684944410404
n5f3fde7f152dc48,0.5041107644680208
n5f42e474e5e9e1e,0.49966836173671964
n5f553fc4c2637a2,0.49581405744093193
n5f5c014e1c85e3d,0.49702343545041017
n5f60894706919cb,0.5017254383409161
n5f63b6b1d31fcd4,0.4964209907972673
n5f65dee74afbaac,0.5032089172975289
n5f722e2d85170e0,0.49926185506101667
n5f83593688d2348,0.5020197306414962
n5f84e7bcbf40127,0.49580647365620856
n5f9c8c8da6f817f,0.5011853183875656
n5fa84ecde4aa440,0.5024398513909014
n5fae3af4427f645,0.4965358787609638
n5faf09ceae107db,0.4998420864029653
n5faff91aa91c1d4,0.5000851797041717
n5fb154438df73c1,0.5031969107167593
n5fbeb7639b3aa75,0.5003681479155755
n5fc029ada0f1343,0.4972332180653965
n5fc111c3fa4dc10,0.4958287322485308
n5fd50ed8f9f12e9,0.5005772251696896
n5ffc777482d32aa,0.5048429177017552
n6015d1cb78b22ac,0.4975248043750552
n601bbf9687224ff,0.510370914622546
n6031aa7fac74ce1,0.4960219092520643
n6031ce8a67c06f6,0.4981726440559824
n603ddbcdc8a720e,0.5031559800570957
n6040924622f29f1,0.4956302131411485
n604419cf4b839f0,0.500594991784209
n605902e379156c2,0.49715609601463473
n606611fd3904d26,0.499184980815065
n606683df7daecba,0.4937629044681703
n6074c84488b00bb,0.5007315755215408
n608874e75542f9f,0.4908172124748716
n609eebfd98a6ac7,0.49198779639840773
n60b1574dbcabcc7,0.4977884019270899
n60b2fa5d57d02f4,0.5000901929087522
n60b7188c0cf9fcf,0.4926754336133846
n60c567ce9aa91db,0.5039392932070538
n60cbea87f33e5f3,0.500813196027087
n60d1adcfd2ea0f7,0.498014307462606
n60d690955b70913,0.49844329388991887
n60d861f758cc5dc,0.4967899204686302
n60daac35819ff66,0.5017284448214059
n60e6a4fd0cb7b97,0.49764902616389195
n60e8445ca1f1fea,0.5015895046855481
n60ec89a6fa35de5,0.5157793971087254
n60f3efd8dd14ee6,0.5035191644407355
n60f8b7abeaf3130,0.503103479024461
n60f8cc57fde76e3,0.5060909171164915
n60fba8b9f5e39db,0.4980366900536123
n61048ddcb92c103,0.5019706306135373
n612e246d6311dad,0.5051105421848596
n6133a4d7d8f2474,0.49823321951187244
n613f73f11675ea8,0.5020600833857061
n613f84daa1ffab9,0.49849282986463195
n6140c426c5ad09f,0.5022973733415566
n6142c71cf499971,0.5085234051986695
n6144b87ff098168,0.4966207193439595
n6145f9cf3d9f401,0.5052167093558853
n614a90e55c8775c,0.5039275181983561
n61805452c28e9a9,0.5006884315526626
n61886eb96a0249a,0.5023740389469965
n6199dac4c93ca03,0.5021581467556124
n61afec14caa22a4,0.4964968964282475
n61bcb21c81a7fb1,0.5014050743262076
n61bd754e0513f8a,0.4913718732143006
n61bf262cb837b1c,0.5019455737483712
n61c3cbf3f8fd177,0.496435804176765
n61c4c2ada9d6dfb,0.4927000483020835
n61d4d1576898501,0.49676619698323615
n61dcc155b3c9be3,0.49634566080675946
n61e1ce6b23e3e0e,0.5051489910756122
n61eb8d28e213529,0.4975790265604152
n61f22f55d60aa20,0.4993805827283248
n61fa057694b79a3,0.5023461296351326
n6202248c3982c52,0.49858602969210064
n620297a6915fec7,0.5021454050612671
n62198c58acb0a66,0.5023580661202453
n6223440495779f2,0.4988298713811203
n6226c14e60939e2,0.5020418592712595
n622a6b88e7943c8,0.5039952210270031
n6230f24b1df5369,0.49887718666782876
n624dee9e84025c4,0.49722925363134723
n624e9ab0c3262d4,0.49534716888163344
n6251d1672ab30be,0.49644263525142834
n6268a3908d7e794,0.49997075306020605
n62752fdc62ab1cf,0.499053466615122
n6281d8165f3c9dc,0.5044002082762343
n62896c10ae9701d,0.5033330048642316
n6289d2e41f78d60,0.5015290753044058
n629109e68004a4c,0.4931152323333546
n62959b89ea3d3fb,0.5013968329738465
n62b3238b495a333,0.49523060840242933
n62b3db934f17a83,0.5063431711455569
n62bc5b645fd7c71,0.4931579824501662
n62cb28d007125f2,0.5005730567748106
n62cf6cb501c53c4,0.4930280838389397
n62ddcdbe6fb9ca7,0.5023141720649
n62e0eaca11bd59d,0.5008182470532565
n62eed3e0a47babc,0.5013878032889834
n62f2a658f927b85,0.49709195453279204
n62ffa427135c391,0.5020592723053823
n6301737d67f0c3d,0.5011152786865816
n63072f2c1a9ce88,0.5049409192967089
n632dfc630712f3b,0.49735571372212045
n632fbd17485b4f4,0.5019782819287812
n6341dad2edda9be,0.5042519117956961
n6349192a92d5173,0.4954221983369952
n635bd5dae85e2fe,0.4942780851498228
n635e4cd309425e7,0.49999745551642416
n635f37a42c7f6af,0.5009042324401863
n636101986ed7072,0.5009879396812694
n6362565d12f17a5,0.4998918811951177
n638715d196257c8,0.5029157827331248
n63a64919e21160a,0.5007308942757248
n63c6593c705f8ca,0.5027109382405681
n63cc7d203fc104d,0.4976937339935495
n63d327010aec28f,0.49542948084976896
n63d59001e20d56d,0.4976420953315543
n63da999a1a62db1,0.5073773168026917
n63e0d80c6d456ad,0.4976374487655505
n63e3f2309c8ae6b,0.5016503775220623
n6405aaf8692cca3,0.5015394191671251
n640e7aff380771c,0.493080392047602
n640f7255d9a80a2,0.498111660513399
n64115e4ebf2d27b,0.5064665164922239
n64188f46237b8d3,0.49673042955718905
n643d11cf64ceeaa,0.5070762407112345
n6458f7dfc69fb1d,0.499017399743111
n6459eb86efb70dc,0.49908975420407525
n6469b1df42ebf4f,0.5000641090523376
n647cf273587933a,0.49562954343190885
n647df4c7443d7f5,0.49671001132738224
n64881f68f3c97f7,0.497864907570581
n64892b835e6d241,0.4990835133039539
n648ae89bbfe29b3,0.5014684060057739
n648eb19e476f42d,0.5031894339086824
n64aec123c4811b3,0.4938592563741944
n64b0da3b1291a5f,0.5044960381708681
n64b2503817e4583,0.49828161556818906
n64b2ddcd6bf9251,0.5023578920115125
n64bfce32476d143,0.5017880538345727
n64c0653d5d88753,0.498658709033323
n64cbbdde53199bd,0.49472665521285425
n64d0889b1532788,0.5065185436157228
n64d0bbcaa8104ce,0.49705034511260354
n64d20376276e7a9,0.4994170069800226
n64e46fca4dc121c,0.5045330159520428
n64e9e1258449594,0.49399189286004463
n64efa04606c258e,0.5025639994852076
n64f6accecb7244b,0.5022312236157317
n6509387418a65dc,0.5020525136144072
n650e543bcf4362a,0.49752795394318977
n65279ce678c8901,0.5023358409332008
n652f1a80b803f25,0.504112698850497
n6547513a3a6ad98,0.5032846833541725
n6548247309e0b87,0.4956275869236913
n654b54271ee892c,0.49791621143582215
n65651c638be9690,0.4964518775972145
n65670bd2b85b401,0.49449725072294104
n656eb6d55dc62b8,0.5006458436800089
n65701cd13ed6263,0.5041357215202437
n6577548f97c1943,0.5070122030773975
n6578a6347d0b0e1,0.4981704881807944
n658db47220c0e87,0.49378696307472514
n658eec17dcb18b6,0.49951955242232327
n658f88789954eb3,0.496394860979354
n659d008577986b4,0.49956409948815567
n65a105ead674062,0.4941848826476276
n65a18872c040703,0.4979820726748537
n65a66f431f3e77c,0.4951580789567409
n65c457069d0d13c,0.49601512091925265
n65f603258023330,0.5032587742353674
n65fbfbafed3750f,0.4933932961992611
n66010ca076dcb89,0.4996438426325111
n6601e21e294cb90,0.49553754872754724
n6611504e8bbfeb5,0.5017227605599529
n661abca0270983d,0.498155819029426
n661d6d3188def13,0.49567396153957266
n662731272930b6f,0.503764674465021
n66311febde65625,0.4974755888132826
n663799b5d02cd13,0.5000919634104665
n6641a672e400c3e,0.49361510787507884
n66468f7dcfd15dd,0.4988964329205066
n66482181c606710,0.4960487504992738
n66574b602b3361a,0.501746096774869
n6667d5db05d2d41,0.5027820828016574
n66812d7a18455bc,0.502427003219211
n6683b3d11ee6c68,0.4980583044068921
n668558b6a739187,0.4971963804356543
n668e77417fe3488,0.49714149128531915
n66b2578e091501e,0.5032269156674197
n66b511c07bb8910,0.5037371706038922
n66b605ae39966a8,0.49902468231977676
n66ca152028975c7,0.5014898868957599
n66cc062da75ff8c,0.5078059521586763
n66cf5d9a8cfc1e3,0.49356478453315894
n66d27764cef0080,0.4997523477436262
n66dd4fda59b62f0,0.5061335019118123
n66e8e4b5e1c2e6c,0.4987378557274019
n66ef97584278aca,0.5083197457727391
n66f4054ced4ae49,0.49881173551932706
n66f4c7f81db7e01,0.49763318373207016
n67017b0b9612b13,0.5011366535128751
n670afe9d6ce59e2,0.4958259834406023
n6720b47a00c91c2,0.5032622367317093
n6725a9fd13be3f1,0.5009728631098711
n672925bb18d258e,0.5039228040289826
n672966a3cd01616,0.5000660416504027
n672dbd0707ed287,0.49922188383041954
n672f1f09392b639,0.498116172946838
n674959e7a88dc98,0.5032630097530378
n674a5e3e75a7e56,0.49679348719021565
n67774ec32561ae2,0.49332538444881685
n677f02c1e43d82a,0.5011092318161088
n6780896036f8d29,0.4999520129692916
n67817760d3ba1c3,0.5033270139601802
n67868a4589fcf39,0.49845321414628424
n67a6181f610db65,0.5031552325892256
n67b673928a3e213,0.4998404869908584
n67bf2a68010ac74,0.4990528798997906
n67ca8a597961233,0.5021556512234557
n67d0be8dc9842c3,0.4909596614457044
n67d498a189128b4,0.5026970901116163
n67dba65f905201b,0.49684897751859874
n67fa6b0299711e1,0.5028930905284866
n67fc2e1d40a9b47,0.49962959781285304
n67ffae0c2f1e2e7,0.4998980452850641
n6805f236aa71c53,0.5007348197407672
n68108cceb768272,0.4992454877722354
n681771ed1d48ec1,0.5064267116406028
n681ed188c485b37,0.49393493497568897
n6825119dbfb4abf,0.5148007388677655
n6828d6b1ceefd81,0.4981273956317725
n6829b1dc90862fb,0.4934136539300847
n6841a6872d03daf,0.49763375808486887
n684f82d92530552,0.49078147892257334
n6852922260705ca,0.5033046858248821
n6854f934750369a,0.4973465109269542
n6856b19dbae2858,0.4953570844665518
n6859521407d7316,0.49821904223252683
n685c550e02d1695,0.5029449940544976
n6860abc31e5b73a,0.497453227958418
n687fd2376ee960b,0.5015749566986869
n688187198289068,0.49988533866771984
n68895a9792337a1,0.49657098720105963
n68961875eeb7b9d,0.5024158931768233
n68a244379114caf,0.5003254581145683
n68b575dedbee01a,0.4987653359175614
n68bf3a3d79aa7f6,0.5035740533364911
n68c4c05ee3e6806,0.5031411542870814
n68c4d99e7754e98,0.5014409706138342
n68c87c81626f5a1,0.5084590211758423
n68fafb84f7b8994,0.5001074960488886
n69031f96b1be4c3,0.502132576144279
n6906666ac065632,0.49521747732607835
n690e271fa600b14,0.49991349964180953
n6915353dc04130d,0.4959869023589886
n691d4548caa1fa7,0.4998018754133876
n691eea03003e1b1,0.4967706533405455
n6922c6e6f96ff21,0.504732051878491
n69252969b3dbc42,0.4968852764261742
n692e4f3bdd1e66d,0.502164246488803
n69307065f58c97a,0.506969568238083
n69364f750f699c8,0.4969685225413547
n6938873f9646811,0.5072082522013673
n695043491baa052,0.4995031764690571
n69580d6ff5e233e,0.4992567885777574
n695a30f033b37ea,0.5002663019407527
n695f79c20f154a4,0.4980747571507046
n6964141ff7b0509,0.5020808622748775
n697e06b12f691c7,0.4939014390991221
n699d54abc2414b1,0.5036264752175112
n699dac2906c173c,0.5043292784407724
n699e0fe198c7f95,0.4978015603475019
n69a7ff672b71cee,0.5015904204883357
n69c5896acd4962f,0.49901150098511665
n69c6c201aa883eb,0.5079748100422891
n69c813dbb7e6038,0.501788623134888
n69cbaebe8be35cf,0.5074255798806765
n69e115a1a91d63f,0.49515885864433484
n69e80f8776892f1,0.5048567808135039
n69f8ae4860946b1,0.5043972046947446
n69fa60eb4b652dc,0.5014194500486436
n69fe64fd483bf95,0.4896554324922411
n6a03e30e7964de2,0.49377627034478705
n6a059a05d366441,0.4967238690980241
n6a05a2cd3f7a535,0.5005552968334723
n6a078113b08ccd1,0.5002767087292863
n6a3278790a8cf8c,0.49957307729668876
n6a356ba99610015,0.49888496477535227
n6a445dee33da3a4,0.49799577562987263
n6a747e7088e5aae,0.49806317869251016
n6a82822547d81fb,0.5037659607227367
n6a84dcf28117f47,0.49905159042542263
n6a973d39cdc5073,0.4954713971311587
n6a9b219b2513785,0.5050142421145629
n6aafd51af808c6b,0.5014739638230176
n6abf2ac8862d6cb,0.5049506272326143
n6ac35ecb09770e5,0.505992233708713
n6ac8f60cc5dcb83,0.5002763652517256
n6ac97817f77739b,0.48987103024565665
n6aec76eaaceaa48,0.5043388170908044
n6aed1157dad7414,0.49626384187239375
n6af964fb74d9e8e,0.4989016324662907
n6b02261baf6334e,0.4998867304177918
n6b0622fe563af39,0.49923736799581003
n6b11fa70494b0ec,0.49973987437687145
n6b2239bcad6ed6d,0.4921309289609685
n6b25d7a67ed8125,0.5027493859133185
n6b2995005160b95,0.5018957447383784
n6b2dffde43091a1,0.4976852680280152
n6b38cd74fe4f1fc,0.5053930721668024
n6b3a9d6f8d873eb,0.49778366093956267
n6b3c4ab1df1c516,0.497756799164388
n6b489bea295b075,0.5001766340671945
n6b4b599b6a15468,0.501066577779546
n6b50fd22cc7d5df,0.5001000875570158
n6b72fd2669a2dba,0.49767455734076743
n6b775ae855e3c9d,0.4932939239232714
n6b7fe19f1ffe5ad,0.4965264936548203
n6b9aff1c1568ee8,0.5016471301155716
n6baed9c414f0c12,0.5036859337819084
n6bb516fa1d32d9e,0.4980717617295391
n6bb5bbbb9f0cbaf,0.50440154139816
n6bb9ebe887f68f1,0.5034547653071312
n6bc3657e022f925,0.502956125944112
n6bc3fc1e8dcb278,0.4950205857877914
n6bc7ea26b5c8747,0.4977860394849781
n6bc89ad65a183bc,0.49783604459132075
n6bcac0692d4bf05,0.4994452810498027
n6bd2cc86416c4f8,0.501024884926573
n6bd3ef42c64238b,0.49375168006421377
n6bda490399811dc,0.502158011978213
n6be82c5018e88f2,0.5001706089994354
n6be85f7cb80c8d7,0.5036874679278067
n6be9ac5b66f6227,0.5004164455374371
n6c01fa9380a7acb,0.49570349086221427
n6c08f81a12c893b,0.49853050740052796
n6c0d696f1523c42,0.49981823004039855
n6c0d88e162c4c28,0.49765055989567575
n6c159719033599d,0.5075136852207249
n6c204a930eda680,0.5036440837557432
n6c26dcab5924332,0.49686768242003354
n6c2d863c8759be7,0.49769285170254823
n6c305c471e0e288,0.5000824981528206
n6c407d6fe5a245a,0.5001201365814325
n6c43e6ea331de17,0.5020391133965966
n6c4c4751647b1c3,0.5027181829297083
n6c535c476b5cb99,0.5055018030961503
n6c71639cce210c5,0.49777264857235426
n6c7cd1b29f4a31b,0.512496320567107
n6c7f34b4d3c5826,0.49842298486465925
n6c8f65129355162,0.5088754792681738
n6c964730ffb2d60,0.5007219794551826
n6c972c27dc75a7b,0.5032024388924453
n6ca3f2f82ece421,0.5023352068160596
n6ca538e88c82429,0.503994162651142
n6cbbcaa4d2168d8,0.49917128409524575
n6cf27330d13a799,0.4984258495731292
n6d3aec009da6e96,0.5020310897070558
n6d60df801a966cd,0.5014856069542275
n6d6581d6e605a65,0.5039547311914077
n6d702edc188d2d4,0.5039670766288571
n6d71acc40531b72,0.5123114757469277
n6d76381039105ad,0.4971751292004535
n6d8361f5f10f0ee,0.49624523005111093
n6d852a37a313bc5,0.4987523565494111
n6d988a2d13e0dab,0.497398475232811
n6d98b87827b4bf9,0.4971184832932264
n6d9f006938ebc37,0.5012866680272942
n6da16abce68691e,0.49000694985043897
n6da7463975b9dea,0.5042595061316199
n6daf7dc8aae52f3,0.49450199805001777
n6db091f1d77c78e,0.5054736696732024
n6db3959aab0b9e4,0.5001821734638189
n6dc4002fcf4ae3d,0.5019127551009683
n6dc98e67131d566,0.49562102746539755
n6dd06c9168e8810,0.49854292010909346
n6dd727266e80c93,0.5050966191434207
n6de8a3875716a9c,0.4901678733767765
n6dec874a67d21c2,0.4983341262112489
n6e271839603944e,0.49878910546532773
n6e2e8ddda719c12,0.5036823142966539
n6e3b267a7e6f0ce,0.4969546177327413
n6e562a54452b729,0.49024311606416143
n6e5fc48e3441146,0.5001449105609895
n6e62dc3b55e32ff,0.49824612494732107
n6e7cf92e8d26d69,0.5048756330867612
n6e837d73886227d,0.503398626712819
n6e99645231865ed,0.4994878992618137
n6ea2fdbc6deb74f,0.4995949614256201
n6ea89f68057bc28,0.500872317701606
n6ea8adcd20dcdd9,0.5064766991562784
n6eb596ee48259a0,0.5029223930426878
n6ebf6c393d7837a,0.5030020781252948
n6ed1eac3513fa91,0.49303994940730883
n6f080f16edf3875,0.4957772978418002
n6f0966e7e071db8,0.4988573935529607
n6f1ade39da29137,0.5023236544521713
n6f2fe4cf050dd3d,0.5028214123117651
n6f478390f60e844,0.4954397947612377
n6f4dce0697735d0,0.5018487785088788
n6f5022f2281f957,0.5021522585024478
n6f5e892fedd93ed,0.5009035845707052
n6f60690e875a808,0.4944976131103003
n6f61ffd22e29a28,0.4941728653340155
n6f6446be4070c63,0.49727764106083844
n6f983a40e737b61,0.500528211909809
n6f98722d3bfe618,0.4964673682508763
n6f9bf255990b026,0.49624161209985335
n6fb0a90f87b2bd8,0.5026935810662483
n6fbb6e688e73836,0.49253055528492096
n6fc6d8ad93b628b,0.4960723494806816
n6fdc80699d27600,0.4881527220558256
n6fe05dec3286862,0.5064777927710152
n6fe1a39ffcb3c42,0.5010332142479521
n6fe3ab71b9ef7cc,0.5032292008018119
n7007c6b94da2580,0.5051295259417617
n70195841ad22cdb,0.5000602811425183
n7037e5d5d101d11,0.5068155345892295
n70394e1a8a6526c,0.507473109202224
n703bd7e68e7e533,0.5001577904267119
n7040c6b06427398,0.5000283083929403
n706f1d6d167d5f7,0.50773013978751
n706f9374647cfc0,0.4981739289445846
n7079846c4d63f2b,0.49119141317866866
n7088b269367c221,0.5044369699756377
n708c4a2a8255dfa,0.5016478475147148
n709490ddcfa05b4,0.4950457806725795
n70a34d8e5b7ef62,0.5001319791767699
n70a7a55c88a3849,0.5027373810678766
n70a8b9cbb4dc214,0.49669268492462726
n70ae1007a5db6ce,0.506855533970018
n70b04a856fd4c73,0.49950727724369826
n70cf12621e68e27,0.5053859115442428
n70d95f9bc1ddd55,0.5012000880235908
n70dfd5f26a768c2,0.4999733397235928
n70ef623945dc47a,0.5077904847620959
n70f26172d29803e,0.4937048274087986
n7100143da52bb9d,0.49946686023711945
n710281b66bdcf53,0.5004003047785408
n7116479d7641852,0.499850652232065
n71211ffc00e0958,0.49885083297455873
n712d29d71a90e64,0.5048258520543122
n712f66724637ae0,0.4997385114649076
n712f91ace583a94,0.4992186513624756
n714d0ac8c1a8eb7,0.4996811426517438
n715670813c96dba,0.5015863284274591
n715ea1d2c5b36c2,0.5016917670694162
n7160f30fa5eb96d,0.4971152825704432
n71653c135c51a16,0.5013080169641987
n71728c01ecf4879,0.4945570852381652
n7186601975d7168,0.4968489646418625
n719737c542217ea,0.5008197539463937
n71a0e7c67ad5dfc,0.500351601046319
n71a15126f24bdcc,0.5000233760562949
n71a2796bec2432c,0.5006829332576255
n71a7d9411ba2255,0.4962512031489374
n71b8896f46c2e93,0.49491512788778086
n71b9dba02551ff5,0.4930890759639593
n71d06f8bb6727cc,0.49626536386664705
n71d4c95eb02cd2c,0.5007638594063619
n71e0ef325158abb,0.5014801553854256
n71e10ba1fe2e4f9,0.5015021140239369
n71e4245a9b016de,0.4958182287136414
n71e629bf5ecfda8,0.49338600531056387
n71fce02d082810d,0.4996019714624299
n7205e15758da635,0.4983764335672226
n721e0079947d98e,0.49523838971827305
n723c7f03312857e,0.504819695001845
n72428c75c32ca59,0.4917287872745224
n724320f5cbaacf8,0.5017419832873188
n72494423dc854d6,0.4976141997043762
n7253ddee073e823,0.4959606963388082
n7255cc03d24e22f,0.5015996360372663
n72590cb794b917d,0.5039680342024306
n727257f5c3185cc,0.5065654509805962
n72787a1a8ad16a8,0.5079883673091712
n727aacb21286e62,0.503253435949917
n7280f2fd05bfa94,0.5044358882016033
n7290e4c7d93b2f9,0.4971601972951924
n729906117211ae2,0.4925286692873307
n729a0ea10258677,0.49914973054977785
n72a73983949d4f1,0.4979938060923255
n72b9f6111eb0003,0.4954251207087401
n72c8772bdb5ace1,0.49944811855166177
n72d33e2886a4666,0.5001528081255688
n72d49981c16e824,0.4992954294566883
n72da0eb93313036,0.5023562319913697
n72e43434ea01315,0.4993629017888219
n72f4222c60407b8,0.4965715418014802
n72f63a630fa167d,0.49701146250638206
n73129d546699b20,0.5045125009971957
n7317a7a0b53da3b,0.5023474427256791
n731d15cee992b9e,0.49672765241444855
n731ef0789c69ffb,0.5029203218554334
n7331488c3efff58,0.4960306166847099
n734d7390c02ab19,0.4975825444167778
n734d7aa75019339,0.5008173822939218
n73588a282d2c638,0.5017475754587959
n73650730e3514f5,0.4988137552272295
n7371db8df534514,0.5060912879009846
n7373fe2dd679c96,0.5048433222373571
n737724696a19f1d,0.5046731230590907
n73834d7f69602bd,0.5002872169336434
n7387bf1b32f77e7,0.5033019231716097
n739d37637b58ffc,0.508109597795621
n739f208468e0b7f,0.49995922520044384
n73a40cf0e3b7410,0.5017546005594652
n73a5b2e05069d9d,0.4966062066104449
n73a5f1971a2df9b,0.49386328244231753
n73a71bd37d88113,0.49848269594252803
n73b15e2681b6409,0.5020822776985983
n73b75cdeecf4ae3,0.49656886065819894
n73bb0f915b23c1d,0.5017919188901117
n73bba2ea88d46b3,0.49948743703011667
n73c06f7959bd22c,0.4958266466552643
n73f562c4374f253,0.49827241022127555
n74021ef1c9d8c14,0.5027657003139081
n7404cd2a1e87276,0.4975432597292633
n74071484d7d6672,0.49773426708127366
n741236c53e38d87,0.4983307048962606
n74128074907105c,0.49747251759131894
n7418b9b5673ff84,0.5012540227331173
n741e671d5477e70,0.5011134020311937
n742214274d8f9bd,0.5003871685758754
n743995d94403418,0.5062629580353086
n743b1bf26d01adf,0.4916347727423506
n743cf5a0afb23d7,0.49736151231379266
n744f677e5e05abf,0.5029283318139498
n74525a66327b1cf,0.5060464553471324
n7459d5a98a078cb,0.5025158570589496
n745b3d2d70d2b4b,0.5024898493251095
n7464e37f60659db,0.5002377377301791
n74690010dff6122,0.49994625396648446
n7471b6df76dd5e4,0.4986670042328882
n747b05a725ef10e,0.5047074376385514
n7486d54938151ee,0.4977325804229722
n749a5116a7e4aca,0.49545010217684027
n74a0036e2a0de00,0.500719700457183
n74a0d2226679cbe,0.5023854880595446
n74aaf582bed2f9e,0.5036964882353221
n74b24838d778cfd,0.5063758183175134
n74b94204a768b8e,0.4993090549944725
n74c46bd6fcd13ad,0.4996839793866912
n74e34f048b35c3b,0.49971907869665255
n74e7d52300a49cd,0.49333721378811124
n74ea12132452089,0.5014832432837557
n74ee85d9abe3fee,0.4999887252382583
n74f442775a88809,0.5002311891869035
n7503efe74c6ead3,0.4979842740701561
n7508ee2484e7b94,0.49956543081316296
n7511166a6eeeb08,0.49612540679208117
n75188f606dd3c56,0.5012152339806599
n75205988dfe6456,0.5013687689724882
n752c274ebd2ab83,0.5003454495180468
n7539537f3c999cb,0.5015560463477221
n75574359828e8ac,0.4997257810248557
n755f1a715bad14c,0.4977212837927842
n75683e9e3acd963,0.4934158622123134
n756936f19316d60,0.49486236215554563
n7586e53d993ddd2,0.5000379591482115
n7591daf1090d6cd,0.5011570693172128
n759a80206b66c53,0.5047495886520146
n759db7ab7cf4173,0.5000759176513652
n759ec8cc40348d7,0.5030433364336706
n75a3372ae3bb4a6,0.5148482975133666
n75a49e929488bce,0.4977941311000441
n75a6b443eacc7c7,0.5005228876388472
n75adab2bda1abbe,0.5040285382976846
n75b3b1136867b36,0.49399425310862005
n75bfdc5f7860671,0.49520443190642716
n75cc6ec48143da8,0.49944002270350324
n75d247a28298c2a,0.5052306577069159
n75d4fb1e46dad3d,0.503330341631239
n75d8d8f8382471f,0.5063158063886642
n75e22e77710b2fd,0.5003826206132574
n75ecfc423b1a427,0.5020352368709359
n75eee2460c58cff,0.5033894049141695
n7604f480d39cb7a,0.49983128932899873
n761ea96f15edca3,0.503959306731237
n762b9657faa9ace,0.49377105165984125
n7636eb031dfc1e0,0.5000494597077684
n763b26aa83699a3,0.4889478419146422
n7652e40a166e135,0.503817247431135
n765500244a01ab5,0.4968489195984503
n76561bfa8fd5d78,0.49972591560206925
n765c3b8547a6349,0.49178541284014443
n7663fbb78123e44,0.5021488335676524
n76668526dc1c4d7,0.4961006118458452
n766b47858929ffc,0.49579200147657876
n766be0bc9ab4321,0.49958435851864424
n76719bc293055bf,0.5042493279367098
n768e62d8fee836f,0.496306633803235
n76a1d88dde89e88,0.4968652137938176
n76a3005b18e6f76,0.5007534270398883
n76acd972ec5293d,0.4966903958050835
n76c082f31629dc1,0.5030926970188806
n76d781df6d47d97,0.49979234461887173
n76e80aa52d9a8aa,0.4984692134716746
n76e834b7a4c1183,0.4998837124246307
n76f14f54f058870,0.49797556618893596
n76f6ddb48ba19c8,0.4960855549691327
n76fcd3912257bc0,0.49467957775646637
n76fe07b159e4829,0.5021549122600808
n770539309c2d6da,0.5047991328183937
n7719d61959216b7,0.49985676938188184
n771a5406a0bc0ca,0.5092675109921772
n771eacd5cef23be,0.5070534014678332
n7729d5a377daacb,0.49657499242638553
n772cf7b2d9b258d,0.5002604171913724
n7731533cedf6de2,0.5020565811768446
n773b43c35584054,0.5022906212341971
n773d047f5b258e4,0.5000603474973444
n77408b36460c606,0.5035808240029981
n7745f7f983b9c1d,0.503396074802479
n77534f08b2936d5,0.49682176366059105
n7757ebc283339d0,0.4994728895327806
n775ceeabedabb33,0.5050329969752075
n77693c257ae589b,0.506934178375807
n776aab0b4f0734f,0.49849420372819553
n77757b11d0c92a9,0.4966793196759274
n777aaa1e1f93eef,0.5012977004216388
n7781054f21800c3,0.5062790828827154
n7783143b61e5fd1,0.4957246400011654
n7792883f58e89df,0.49174397387465474
n7796ebf920f338a,0.4980220607573808
n7799669df868dc1,0.49290088251556957
n77a9b33af75480e,0.5030712486941233
n77aa73ae843d924,0.5033439180179422
n77ce56cb7f04abd,0.4953369078211701
n77d6a6a98e5fcab,0.5041309233343202
n77ddf3b18754a9b,0.49934002209498324
n77e0feef778a507,0.49568471661225916
n77e93c3619c5faf,0.4995471470706481
n77f59f1dbad82cf,0.5018820528670621
n7807a01e7ee34cc,0.5026309974582427
n78232492df0cbf9,0.4977924004401318
n7835c57ebbac346,0.4987808884730813
n78541b4269035a6,0.49997085657165646
n78555b1c7c46ffb,0.5017496207398489
n785c07cf05f829d,0.49724766342519333
n78655bea10cd49b,0.49666500990382173
n78788a848ff5a79,0.5019748634731644
n787c3101f8af350,0.5023534777615836
n788115bb47f778e,0.501761655958999
n78845ef50ce08e0,0.49926378029360946
n7888782df2e4e72,0.5041973879686492
n788933e746fd8ae,0.5073200101742291
n788dcdc5dae39d5,0.49438967556552393
n7899ff79f7716b0,0.4971610730888782
n78a08e9a4af0be4,0.5007101759031335
n78a17a924da9c6c,0.4991072229624286
n78a484192cfc1af,0.505352735268066
n78a5edc1b818597,0.49982264883212507
n78a642030041222,0.49563243161571896
n78a9ef3166b72f5,0.5006596636050961
n78b9ea85179ff79,0.5053580038917412
n78d0a724ffe8a7e,0.49937049860145344
n78d26c3a324e1fd,0.49854941879990883
n78d7ec5581b769e,0.49703435347850394
n78f1076f3430d99,0.4984755622054544
n78f4eded0180cff,0.5028211694111344
n78fa2df78038428,0.500846790152494
n78fc797138edef3,0.4873684665601843
n790028b14fbefa8,0.49703861380779313
n7904281623b4d0f,0.49314175362585566
n790435943f3c662,0.5035918293244294
n791233f83790721,0.4977066462723078
n7912e737ac2c961,0.5002312305120444
n791ef4646a9b440,0.49654807528036055
n792404839db63c3,0.5033497486876811
n79252d5c6d1d829,0.4997014302385764
n79380ac2ead30e5,0.4919651692995436
n7941b8a56f101ae,0.4982373979859596
n794824f63dd4bbe,0.5050218161985814
n79572131d310f41,0.4994260429557139
n795cb90bd4c737e,0.5041803946770446
n796a660546c317b,0.5072914848146145
n79717c0c4971bc8,0.5147159311699504
n79724562e622b4b,0.506391765099993
n79815968e0a3700,0.5005568948194804
n7982c197defd191,0.49813043964479925
n798d58a9254f6bf,0.4984238103589176
n799a1d1799c90d0,0.49989102370583594
n799ede46780cba7,0.5002873197840823
n79a2496d1752839,0.5000244019011549
n79a50fc4d975626,0.5033756558749726
n79ad199e38a6a62,0.4977086787129926
n79c40d218a9142a,0.5050707819337057
n79d88e60414fd97,0.505399038648848
n79dcc66ddc41950,0.4978496599054613
n79dd79823620675,0.5002450153920028
n79fa74b6c9e39e7,0.5025128338264577
n79ffded9124e830,0.501633219201759
n7a0c7fdef968bfd,0.49935062367823874
n7a128eabab05079,0.5013903909691136
n7a180cb080cb1ba,0.5058713217643541
n7a20561ebc20918,0.5026588433640566
n7a2c4c63df4757a,0.5029112800771149
n7a2d205c2ec6848,0.5032929668418092
n7a2dec71e59e692,0.5070787156140155
n7a30412d6b5c5dd,0.49674319714913334
n7a3dfcfc2bb53dc,0.500380999807869
n7a40b8b64a91207,0.49734996391323266
n7a413ebddf2e8ff,0.5004607917600693
n7a490b86aed6801,0.5034377971302513
n7a4b319f4f3ac8c,0.5083671624121959
n7a5073b20b7065a,0.5055966483386906
n7a535a7438a7e96,0.49473378961549913
n7a600a8dc402a78,0.4968461067814732
n7a683db15b2e3b1,0.4950289430805317
n7a68e0ee622002c,0.4939940687240144
n7a6cab401e9cc56,0.49247903725375247
n7a72f9f65f42baf,0.49997022003315944
n7a9283c64c6a07b,0.4935846820759714
n7aaa40c48965900,0.4951729998724054
n7ab204658b5a587,0.5034824985446988
n7aba4b2406cbe3c,0.496986780574077
n7ac9335e0ea6ffe,0.5003717289468175
n7aca9d49fd789ef,0.503974780801938
n7ada3cd6aaa1b94,0.5026209918463244
n7ae2b547b53585e,0.5022349827806393
n7ae305863d20c23,0.49939406419930626
n7ae3e5d6f653e96,0.5041266129925754
n7af5d01204f7548,0.502170806571061
n7afddd74013c344,0.5002164527849982
n7b0ea25d2853db8,0.4932125263739502
n7b12fbd236b89a8,0.5013577544429229
n7b1c7e1e38e6ec7,0.5009153492833475
n7b2404186d7c5a8,0.4951208343654087
n7b2ea798a3a4899,0.5011755435937346
n7b3f9b0685b1681,0.49537730422647963
n7b415b273a9de62,0.4946196715098086
n7b48d5f0b76aa78,0.5001444038330941
n7b51f8d78c00158,0.49955115025900926
n7b5dde339f1991b,0.49556441011062713
n7b5f759f9499b07,0.49435375648400454
n7b6222130668d8f,0.4983753703065402
n7b6be3e76bd673e,0.4992221848562041
n7b7e424303bd5c7,0.4994976744121303
n7b815336bc3ad33,0.4978576045876581
n7b835fad92f450d,0.5022164531315116
n7b8456743406668,0.5007826919875581
n7b9c88ca73630a0,0.5035609808539208
n7ba21af0db00ef6,0.4979454971579864
n7ba9484c3552b06,0.5056572028865064
n7ba96b0514161d1,0.5040095844946045
n7baf32180d0e217,0.5001720211240299
n7bb888005fd23f4,0.4923800330284596
n7bc34392eefed91,0.5023168198151174
n7bd6ae3ac2b6564,0.5027060976153254
n7be5827e6281caf,0.5043803725801407
n7bea387d0ae862c,0.49997400024153416
n7bf1289399cc678,0.5038460685036451
n7bf18eba0c22951,0.5051085505394677
n7c01590f64e4e1a,0.49729630302359135
n7c04b9c132a25d8,0.4988532941632718
n7c21f0c350ac126,0.500647657710776
n7c221f887ce2d1a,0.497126709597567
n7c27b454525d58f,0.49487328590761037
n7c2c08f54eda743,0.494153274506728
n7c2ca996c7a36b7,0.49929732577148017
n7c36437e75c9283,0.4935589780353999
n7c38b125a83fc1d,0.5041562630652449
n7c41e0faeca675a,0.49728171117309367
n7c50a66aace301b,0.4997128744520642
n7c5e1f956d7d3d7,0.49513475277864066
n7c71b62ddd5e208,0.49423358356261754
n7c7ce5c756f6886,0.497610737714635
n7c7d2cd3bf2b6d4,0.4982949871622123
n7c89f8d38b4ad68,0.5039887881767287
n7c9ce46d5d3be57,0.5004632333387723
n7ca14d27ac6d8c2,0.5024929351696937
n7ca8fb6d16fc90a,0.5003097775340755
n7cac7dfc52931b7,0.4948435067166364
n7cb0c378575fbe0,0.4977814526223112
n7ccf5f23e9bc719,0.5029933821857917
n7cd618692c6ebdd,0.4991295592711941
n7cd8e3dbe318cb2,0.5028159429862967
n7ce1f2bfcce3797,0.49882857100367217
n7ce48bcb7a2c8fc,0.5043437594198694
n7ce92de06666bce,0.5058010799234137
n7cf27c98bba5904,0.499000843894602
n7d2768619fce9a8,0.49482140894301146
n7d315f739e16373,0.5015515862960598
n7d369f63f746c1e,0.5011942721745419
n7d37db9754e4e23,0.4970890855382306
n7d4253642b57335,0.49735753903005037
n7d430d36c1ce219,0.5015707340527975
n7d48bd64812017f,0.5016876635878256
n7d4f630370fb225,0.49645750594049576
n7d50985b95d61e5,0.5016545198515107
n7d55b62bbb2b0fe,0.4943519462558485
n7d55fded6a66362,0.5003433526492879
n7d583550891f9bf,0.503248243536911
n7d5dd1dfeef6953,0.5003309568554913
n7d5ed6f21836d69,0.49884395171977275
n7d6d075b6912451,0.4965798318278957
n7d7751de9bcc104,0.49572098293044026
n7d964ed7d4de9fb,0.5017013139513017
n7da048fe649dda3,0.49749628217192804
n7db6ed72a9b5155,0.49483999811548135
n7dbc8aa9f8a6e95,0.5007281945715443
n7dccac4abf83ea8,0.5059327791820961
n7de32203918f051,0.49535663696933113
n7df5ee1cbeba9a8,0.500972410045482
n7e020a9fc85302f,0.5037796810292585
n7e049367c2e2866,0.5013719597105082
n7e118fa9163465a,0.5002869216626274
n7e1a62232159451,0.5003774400867175
n7e264f0b8ab1b16,0.5026899560041169
n7e2e86f1b788b40,0.5050140832331648
n7e35fa480a50b24,0.4995136151920863
n7e370fa091728b7,0.5053800730290106
n7e3bb15bd7be71b,0.4966617128192417
n7e3e2950690bfcd,0.5041148119923479
n7e42a25c4f146d6,0.49271339689003035
n7e43af310377d82,0.4933513298388452
n7e44a35fe97c355,0.5027999345849182
n7e50195d25209e7,0.5007744614389583
n7e530e1b3736a23,0.500659570310033
n7e53d61ba9bbfa9,0.4988297932209388
n7e5a3be6ea720e5,0.5004669819850537
n7e68ebc52216a58,0.5019626714966214
n7e69a9f14ae7f78,0.5001933280313733
n7e71682e6613651,0.5018220083124992
n7e7f657e6402465,0.4967954698306614
n7e848709ad1ebaf,0.4964568769470726
n7e89b995462c5ab,0.49474327083677183
n7e8af830bb947da,0.49950406517564794
n7e8bfa74d16db8d,0.4968690251881791
n7e8f2f04678207d,0.49816935373985316
n7e92857a6cbbf33,0.5002538116764931
n7e950c74363a3d8,0.5023090439528608
n7ea82468090a91b,0.49901281153331284
n7eaafc3cf174803,0.4909684222139445
n7eb2173c8642a16,0.5030630434793864
n7eba45ae133ac3a,0.5000627079517429
n7ebad5e3b63c974,0.4998472568130085
n7ebf1238d232fc4,0.5059258927614744
n7ecada85c4e5d50,0.4981268842027562
n7ed3a7c7db9ff0c,0.49892975129352446
n7edd31da0816706,0.5023559531440629
n7ee2cb4ecc37c84,0.504691735210116
n7ee5398c6c4135e,0.5017330783648158
n7f0a36772be3b1d,0.495729583471689
n7f0ce617506389d,0.504063553498032
n7f18d2ab7afa084,0.4961591345794691
n7f20b02c0fe7671,0.5038168616249077
n7f2fee0789fac08,0.49748772844820116
n7f319490975dad9,0.505824090032442
n7f3d06af88b6d83,0.49916379635056257
n7f40b0d6ae986ea,0.49749982724338604
n7f4d7adf8d06a97,0.49642222891453414
n7f4d9717bb6b7ff,0.5049586847717727
n7f57345a0f2f73d,0.4977936513804473
n7f5fd32043b7d84,0.4994251082660142
n7f633aff8361630,0.5004406588793209
n7f6e142ebf7b6e2,0.4980252096573758
n7f7e07643be36d6,0.4993649052872849
n7f96f9bba0e2796,0.5006088381779373
n7f97d07b23d43a5,0.5000243878996927
n7fa16767a4debfc,0.4989366408659702
n7fa6058790b0ee4,0.506752216736293
n7fab88074e1e572,0.49940523366998896
n7faeff0c19d7766,0.492561035961353
n7fb30ba8e534ac9,0.5064466337008744
n7fb63da2ccd7bfb,0.49514325946721705
n7fc18db3e6c3f6b,0.5026580125146596
n7fc1c0bb7e5644a,0.5009765153198881
n7fc56ebfccb0ed3,0.49945131903755413
n7fd17435685eeb6,0.5031050335255777
n7ff458f0de50992,0.49987583662246415
n8008516cac67edb,0.5035352235252152
n801e986cf71b255,0.4973752224808095
n80220b372212a58,0.4969396670341356
n80286d7f0696bbe,0.49745209022512504
n802997e474784fd,0.4993504487712088
n8040ef5cba8041e,0.4971594040257953
n80451ee812f841f,0.5029675118008582
n80501d05b8d8710,0.49451507245287
n80597cce9b9f0d4,0.4971894753281788
n8061cf263dc9585,0.49534369961446034
n806fbee08e3c069,0.4980817022405745
n8070abc835741ab,0.5017579344067429
n807b2845867b3cc,0.49655151637283645
n8087f7ce137ade8,0.5057334306967283
n808b5e832f7cfb9,0.49682701470947566
n808d392acf6b3fe,0.5014368975879429
n80a5f0df0d0f072,0.49992148617642024
n80a6de92444730d,0.5012809570852312
n80a9366d6235c77,0.5004243511678894
n80bb0f99372d860,0.503907515268055
n80c27cc65897280,0.5033865335008948
n80ca420d2ea7e74,0.5000657930546392
n80e5384517e830e,0.5005432967585208
n80eb08a530ffda9,0.4959038260350767
n810d7aabfe79a4d,0.5031987841370018
n8111ec1fc92eceb,0.49111110983635053
n8114f3adf06b480,0.49924923055801745
n8123cc0eadc4cad,0.5032217120406295
n812bd2b7aef9bd3,0.5064618899441443
n8138ffad4e47646,0.49779089802397997
n813d8eecf711f2d,0.502607848807565
n814cf3f9e791b9d,0.5020085662685329
n8165456060e0013,0.49593840861347976
n816efbfbfde5d2e,0.4997520018547278
n81762c8d028ddc6,0.4919337759804062
n817f5aed3c12881,0.50274882627651
n81800b316732b7b,0.4969777090289275
n81802c707a7f547,0.503903255857223
n8186071d085fe60,0.5005095730830459
n819b3e89b05447f,0.49779775555222516
n819c851cb65fdea,0.49524651077793813
n819e7476178be41,0.5024977483909447
n81a5db0c5d73c6a,0.4958320377984745
n81b3ae6bef8c658,0.4988916235953779
n81b60cfe69cd9a7,0.5030934108840881
n81be34b3e510e16,0.5001580303729329
n81c84d21651bf47,0.5018102633513061
n81ca4c3e62b673b,0.4994660029432829
n81ceb7aa97c0d2a,0.4971044889041434
n81da703a7091ac1,0.5022717665275664
n81db2ce4010d307,0.5018333682562172
n81dfc2ef3f783f7,0.5024882180280854
n81e35c26e553e56,0.4954453380521865
n81e3b490170307a,0.5016202018258702
n81eb00ac96f03ea,0.5012365135041149
n81f02968080d575,0.5023152992207468
n81f269f7729feb4,0.4945112386792809
n81fce809ed0a7d1,0.4964788570442104
n8200046b265f0ed,0.4875567083541838
n820b3e23b8291b2,0.5004907707008054
n820e768c7b9e44b,0.48829205299167505
n820f191db81ace9,0.5085667513638039
n8217c817b6d9c24,0.5050588008570778
n821d43ef5867828,0.49992611150763444
n82297da0131bfb2,0.5047306049125633
n8230d84803bebbe,0.5036273307517024
n82420e1abbdf815,0.5106306912592233
n8245c9e93c7325a,0.49608950608927843
n8253a73222cd528,0.4918457508622769
n825c366a8d7e59a,0.497370029817691
n826fa65fb11bba9,0.49657342242196134
n827499a8924db82,0.49371154887200447
n82756a52e4ca8e9,0.505600841330823
n8289d933b448461,0.49520293534466747
n828aaf2653ce222,0.5030509654817614
n8297d20639050ed,0.49959073421964056
n82a34d5508e461b,0.4966475557148906
n82a4bc9d3db6c22,0.4987245307822036
n82a7b35aa7d56b0,0.50131411478674
n82ae46a9411bb6c,0.49849506839403035
n82cee8c2497ffd0,0.49703894683906547
n82db3588b174ab4,0.5048891022382589
n82f0a7089855a99,0.49962588665825836
n82f0df86719f315,0.5014561495957013
n82f1a2906af8569,0.5038644188314337
n82fbeda78579c39,0.5019746296296049
n82fea2cee8528cc,0.4978531880727469
n830491a4d94f694,0.5035419004794718
n831412b8e05df0c,0.4939041898518553
n8317e287266535c,0.4983772396940135
n831f5727d8d6b2f,0.49837742181827
n83232410bf570d3,0.4973299030372792
n832ec9f65391810,0.5116620732112745
n83354521bade9b3,0.5024222427587308
n83368119d206b5c,0.5024207872476486
n8340ce3526d3509,0.5044442361559792
n834c633d3012441,0.5006492691214108
n83598cbc36f3a42,0.497933648031799
n837039d165d4968,0.5005187831574649
n837211bb1a69124,0.5054258863572387
n837398a42bf272c,0.5055001667584049
n83821865fef1387,0.4974180403844752
n8386551d357ba2b,0.4957163066496359
n8391e8c6edc1f94,0.4987723100298526
n8396dc50216b302,0.492032350424411
n83a4b34604ad2ad,0.4999466552820196
n83b8f6cbed918cd,0.5020665597591499
n83e78c115787cb9,0.49915993811052944
n83ff61ea33c81af,0.4988853700662854
n840ac0da50c1459,0.5034659935819222
n840ff23b158d665,0.4971088928003456
n84192e6dbb5a4ec,0.5044147902474372
n842268ceee09cd2,0.4994832929017397
n8422d48f461946c,0.4999285012398488
n842819082807ab2,0.5039203926017534
n8430c2769999e2b,0.4981447214940679
n844898b3d563ddf,0.5019528293317439
n844a73fcecb3292,0.5020893987138784
n844bc55a6dd1748,0.4989459055896913
n844f130cc42de20,0.4931616510262954
n8467daecba4cd18,0.4975418664187332
n846a55bf86cbb1d,0.5032128005712648
n84749950a62713c,0.4950108486073093
n847e43722166deb,0.5009539200738351
n848fa4097f5e5bf,0.49741151542856066
n84af315b511ded5,0.511251493992665
n84b7d94ae2ea6b3,0.5028845882484427
n84c0dea527ae1a2,0.495255578013536
n84c9a740eadcede,0.49585668429098767
n84d42299313f82b,0.503432157764339
n84dcc9c1d088db9,0.497792155974907
n84e85fd6d55b37d,0.4961496799970314
n84f04d2881509ce,0.5035412945758329
n85021674065e7c4,0.504380838611656
n850ca89b310ed2d,0.5027825978632665
n850eff644b36f60,0.5026530818826173
n85100b82ef7ab8f,0.4930381287141753
n8511cef84c3bac6,0.494530290504397
n851cc10d21722b8,0.496703841659314
n8521ec45cbae344,0.49807206468064036
n85396629355e161,0.5019916841519988
n854825a8dfcbcfc,0.497526617505581
n854f0dd574be62a,0.4989971618585172
n85584afb54c43ed,0.5046499437311653
n855e438ee7e3ef7,0.5021941630877436
n8560b93d7e1ac78,0.5024690011582921
n8569023e186ef47,0.5005278794369924
n857f9118d771368,0.5022033853891849
n85806f0cefebb86,0.4956475531488666
n85814a410ba9fa1,0.500281557140317
n858496eaf2114b1,0.5050604529109418
n8590041485709a0,0.49972190199523675
n8597f93c4e99ad4,0.5018811892785376
n85a26c3db0a2ee2,0.498009232019884
n85aa02ec3a41745,0.4986147310842713
n85b42bbf2ff7d21,0.4950466627994188
n85b85f10d024108,0.5034370739156566
n85c0ea0a8f60305,0.5032361964339868
n85c2140a11edec4,0.4984043306401839
n85c567a3b826cc0,0.5065717224017596
n85d2ba07f0e342f,0.4993633124046724
n85d50b8ddc64d0b,0.4978750072977448
n85d6e00fa91ee40,0.5005407858752056
n85d985ae1cab456,0.49203194014890356
n85db5bb70fa0b20,0.4991198569766644
n85efa4bbaf89d8c,0.5013123739694684
n85f1fc25f6de2e5,0.5003365878329374
n85f608dab59bcad,0.5012258636835218
n85fd4c2e8427d8c,0.4929401585326321
n85fe6e21da848ae,0.4935609369378355
n8600379a4c72475,0.4972106216220206
n8604dfe940a6758,0.5019368078083939
n8608ec14a0dcda2,0.5011388691624045
n8617e68c3c89a96,0.5002654881445956
n86213c5071b10b9,0.5049073414187635
n862c02218ad2237,0.4946365156041376
n862f73029a25fdc,0.5001880064862191
n86333e418a5ab76,0.4972379669511422
n863735b8b1abebc,0.5045249368431926
n863986725be8153,0.5035201583008008
n863abd5197a97f4,0.49699586374560306
n863b0f357a4adca,0.49113056470224586
n863cb5069814610,0.5060311646051622
n864794c238f2aff,0.48906176861782374
n86627f8b0b36061,0.5040034565765592
n86660ffb22aa705,0.49632313532677985
n8667562d387cf57,0.49954530269294267
n866ad3afa56423c,0.5064475954903862
n867281c8bce12ae,0.49473994400253557
n8677b601221caca,0.5049445420336733
n867e2bb5dcde862,0.5058799422993001
n8682173c31b71f4,0.4920805450787806
n868e58e495ea0ad,0.5030999290273678
n869294984065ef0,0.5010801623426976
n8694b19a6608db7,0.505190387514794
n869842b15eeaece,0.5012110627577642
n86a2a8848d62282,0.5001672500131396
n86aef1bb738a75a,0.5044704595546252
n86b582396cbd1f2,0.503514555315464
n86c1568114e90d2,0.49590972897206537
n86c1c9c5d20f307,0.5021935103757112
n86f25f8b4a65f5c,0.5055038305521937
n86fb1f23558b3af,0.4894428483599918
n86fc1cb0bcf499b,0.5019695232265023
n870426e0d075b7e,0.4913281519657988
n87083b86d34962a,0.5079262201402301
n870e9055d1f3e71,0.4893242150594047
n8713c4ff61f5d7a,0.4929474271032148
n871b5df522106d9,0.4924165444697976
n8720f5de1472b24,0.49986421070281595
n8720f61aeb8bd53,0.4946928716790357
n873645dd9f61211,0.4972527262533345
n873d7f08723f5d0,0.4962007881148656
n87409a509dc589f,0.4987674160181264
n8744770c1cdc5ac,0.4961782993469052
n875218b709d0caf,0.4935985176816891
n87538a0e0733de1,0.5057685574910179
n875ce5eb5cdb5b8,0.5024432497039653
n875f99ebec7a41a,0.5093535993033328
n8764811709b7ba3,0.5002829140254554
n87778f21f27ace6,0.49755715949188967
n877b57df502231e,0.49403036645578224
n879f3eb44589221,0.49529783742122657
n87a17bc1709ba06,0.4985219164289288
n87aad1d51250098,0.5045322397735992
n87b1fe109853c2b,0.4908334620273678
n87d06fdd0c9d9e9,0.49731009693646694
n87d9ae16596a402,0.5084398337355691
n87de62909c015c2,0.502392797495214
n87f683b4e45c400,0.49465683406178895
n87fec7ce20cecc4,0.5052990509029514
n880208e090edf1d,0.5005645089050946
n8802899843587b4,0.502531678762872
n880b09b2b686b8d,0.5015771441617272
n880ef0c1b187404,0.5029192523927166
n880f18330512fd6,0.5026801623435266
n8820d86cd7f1454,0.502008545818937
n882ad3a309e850d,0.5077264754599612
n883d7f8abc9b212,0.5029937896275106
n884b1e84488d575,0.4953179672400706
n8855083ce2e820b,0.505654652551831
n885732983b7a3be,0.49936830618704053
n8857c0ee77055d1,0.4967561142153832
n8861bdbdfd402e1,0.499728143395647
n8871ef3476aa506,0.49758598794427333
n8878371fd641ae6,0.4991239613787747
n88892929d5382d9,0.5008030532163532
n8889a214822b0c4,0.4976534857035325
n889580b67b82897,0.5002462860066871
n889daf38f7ba82a,0.4998758022002366
n88a9ce6357cf3bb,0.5025247066291755
n88af2856c34ab99,0.5008419711721637
n88b5e135f8a1037,0.49393041705712537
n88b5ff1e273948e,0.4961283372183698
n88c5b8bc846d27b,0.5136837419301707
n891389cbfbd8d10,0.5016086788013695
n891d353d8dec526,0.49806189676109397
n89268a408a75fef,0.4955138479757821
n8927ff67d34cb38,0.5007121308593658
n892f92b55b9a109,0.49864101407858336
n89316b26e703fda,0.5039908246777528
n893cfff5df58e8d,0.4948204647267784
n893e4e0e88a7c8e,0.49973198452581763
n893eca18c25e446,0.4986214908881525
n89441853babfae3,0.49769082934682746
n895a84c3e6a0bed,0.4992165030601319
n895afdcb2769e77,0.5052973523866245
n896ea4134b187e1,0.5008775419443746
n896ff644aac53f0,0.5017774377787798
n897043a291dcb76,0.49431281391540505
n89758c46997a898,0.5086863205208331
n898b02057beea71,0.4916712238018227
n89950ebcb9ad843,0.4835131363154424
n89a5bff26e11e49,0.4970518274594727
n89a8d2e5b452127,0.49654874434868745
n89ae83c87b0cddb,0.5049390705588446
n89b1b31499ee3c1,0.49927629267540974
n89b7fc946af596b,0.4962768636157283
n89bf2a177f9bfe1,0.4952789072617927
n89c04893ddbeede,0.5059439637602571
n89c4fe7be004d47,0.5013545716363648
n89c56b658783c27,0.49588884201832356
n89dd77933b24ae5,0.49943914525174826
n89def1dba36e321,0.5056815238043658
n89fa1c93c15cb0e,0.49989916898545667
n8a045771b3aea24,0.5072689997235389
n8a1d39d23bc92d5,0.5058185832727733
n8a21328bb5ec1db,0.5019573596050761
n8a23a2bb76f3f47,0.5003439364699678
n8a24f2338be10fd,0.49973374275485755
n8a36457d66b40fe,0.500022648038095
n8a4320c848b6e58,0.49940088261024673
n8a47ed2fe5c9c59,0.49965299122589585
n8a54c190b2dd515,0.5025933643848604
n8a56080d19f7ed8,0.5023747985030746
n8a56d32a6177911,0.4988357691725132
n8a5a768eb268741,0.5041837935329246
n8a67d9523d7d32b,0.4990842427820329
n8a77aeb1f3f1dbb,0.4996033030313312
n8a7ed0256a17d95,0.4971395476902336
n8a82ccf7ba1d505,0.4909652867393578
n8a86e2786d26f28,0.5042313992670939
n8a9b74b29ea7b2f,0.4993909777944994
n8aa04f814dbd43d,0.49737654967896805
n8adaf734c0c8b2b,0.49827053301338176
n8ae10b3dd1501cd,0.4987539471569969
n8ae369c9054b1d6,0.4994585170056254
n8af19cbd6cfafe4,0.5007136193440083
n8af7a26a2c4fc51,0.5040273447601377
n8af99cd81c7106b,0.49588714844553156
n8b062b8e38c75d4,0.48765948846371376
n8b064d5f84e8b54,0.49718010064131246
n8b07a5d2992f915,0.4978019315781045
n8b0c0a7568af323,0.5027539019051803
n8b1aaec2fae0ca7,0.5053738527056106
n8b1ebf019881022,0.49754831358027446
n8b2a0ef7506079a,0.5018483894347702
n8b2b9f274ea54fd,0.4984479616073936
n8b392d20796ea0c,0.5077657931864176
n8b42f0f243719e7,0.5086943682935989
n8b4603e4234cb9f,0.49207090404354337
n8b6296be0a8b405,0.5013769545323541
n8b6bc6d8f7ddc09,0.5015043210510518
n8b75937c60cf01b,0.49128196338261143
n8b78827c27dea4e,0.5025330295619037
n8b8608575ace737,0.5053191463978459
n8b8ed44187992b0,0.49795089929446495
n8b9545b5a86de36,0.5003744473061038
n8b9be55c2809151,0.5005034240784502
n8ba16ca5ae10ca4,0.49752388692804295
n8bcdc83fdfc605a,0.49901908186794947
n8bda4ee46c1bff4,0.4968266319979813
n8be4cf410b784e6,0.4939163799116627
n8be6160d1b305b5,0.4987262738559191
n8bee40a5516ba36,0.4965442647135116
n8c08df0a723fb4f,0.4882600536396471
n8c0e50f1ef98c3a,0.5013274790405052
n8c0f24bbe578de9,0.502197388906752
n8c1208af5a8b078,0.4938671895899322
n8c176baf72f14dc,0.5070845192632079
n8c23c3538fce48f,0.5076444576740046
n8c2570c4e6f50a1,0.4996659394050807
n8c2c81b9793efa9,0.49444122785259725
n8c467640fd7269e,0.4950026262699872
n8c4e511ebe469a2,0.4970731369367062
n8c561d92cd559fa,0.5008142632495373
n8c5b1a4e8c38c5c,0.50238394247207
n8c5f65c4c7af263,0.5004206260774781
n8c64b9161c571a3,0.5006115334696457
n8c6f343138a4f43,0.5012722461758694
n8c7c993a9bfa8d1,0.5093377265056793
n8c815aece46f610,0.49523015738021886
n8c8a1bc144e95ba,0.4979469151591142
n8c9a121921add6c,0.502072076866884
n8c9bbd16873285f,0.49941855581584843
n8c9fb8de78992f0,0.49712588248561845
n8ca453cc704e85c,0.4992521893514503
n8ca47336319ecbd,0.501250241150847
n8cbb50d6a89fd5b,0.5016214893155583
n8cc6f2b67de482e,0.5098676263458365
n8ccccddba0e29d7,0.49730876428906756
n8ce6b553c2fc006,0.4984576160409605
n8cf8d9ee9e0dbb6,0.4943810603122154
n8cfaa75bef2d993,0.4935526034580581
n8d18b5133fee322,0.49605741212350546
n8d265d12c40b961,0.5074714525227173
n8d2c272d834b06f,0.49689051492320924
n8d2d90ee8124dc7,0.5015148550594757
n8d4786318bad195,0.5020504665877813
n8d4bc37e688c1d3,0.5011333084088708
n8d53504f500343d,0.5041799732079291
n8d577b1c26d0ee0,0.4974508467347355
n8d5897f7b7542b1,0.49999391541270477
n8d59a27a07c1764,0.49043587377965736
n8d5fb7c91052a1e,0.5017041260130998
n8d6e0b0fa54c8f6,0.4957615766769819
n8d75a6c52422731,0.4994161453497334
n8d7a1ed0c1ad2be,0.49739989731118195
n8d8cc0402e43bc2,0.5023582343482293
n8d9282f9343fe0e,0.4979671037875587
n8d98f6fa8f5fe5e,0.49744780168254815
n8dac0fc112579e9,0.4996993470200918
n8db29d8706617c5,0.4954184080224643
n8db7ecab16e83fb,0.500998867822336
n8dbc1dfb4dd2b45,0.49844036734957275
n8dc2e1dc55500e7,0.5014070798579372
n8dc45d0afce857d,0.49659809336703997
n8dcb2e558ac7355,0.49834815545651984
n8de50f0cb5f5194,0.49659188390821274
n8de5167f2df26cc,0.4959228058931351
n8dec03b451d0fbe,0.48911689907893907
n8dfc1b0ca11273e,0.5057432933508
n8e0102266ee76b1,0.49787180892048327
n8e139f4f55f9125,0.4979335529248307
n8e1588db86dbfa1,0.4993955544100061
n8e271bf18f095d5,0.5006235009970721
n8e2840d1acb7a89,0.49978471025039417
n8e2a6d7d89588a2,0.4931080703790775
n8e2a9daa9573bac,0.5062902957818868
n8e3d729bcaf508b,0.4997033361631388
n8e3fbd7340693c7,0.4993618744574051
n8e40b1a2a339cd2,0.5042268929545204
n8e442cdea1c8b25,0.5003246835185194
n8e54586950316c4,0.5036722517565009
n8e603234e920b6f,0.494830229281103
n8e67f6f7a6ec07d,0.4961642398559921
n8e69d12c26d53ce,0.5020919393631159
n8e7c3caea0fdd14,0.5006454277797833
n8ea6080f815db03,0.5087732336819106
n8eaaf2aa7b2f1ee,0.5043647223318014
n8eb0fc060ada4b1,0.5000077291273582
n8eb46dc7e12c572,0.49456801468745437
n8eb77ff826cf459,0.5005589862405461
n8ec390ddb2b4ea7,0.5004476115372669
n8ec5cfdfe6359b3,0.4991364164687843
n8ed9b361c59fd83,0.4986483386343669
n8ee0976a06dcc0d,0.5008464708869903
n8ee09b1267ca3f9,0.498830256855011
n8ee3eae8e1f4c2c,0.5006433166561948
n8ee679e628196e8,0.500374377883832
n8ef61ad6ca0d1e8,0.49515876351445287
n8ef799107c59bfe,0.5071919800306351
n8efaa351b93c50a,0.5016118679126771
n8f17edb1bfef38e,0.49952395888131473
n8f3c89821452fa2,0.49559330025354487
n8f459d1ce7d458e,0.5011034381395393
n8f51fc490ce3501,0.5010585226889863
n8f59d5d86ddd1c1,0.5005104933907203
n8f667900757e2af,0.5016051281839592
n8f78639c5ac16da,0.4996894041960165
n8f88fef8bd06766,0.5010409507825881
n8f98534e566c283,0.5022373496089239
n8fa6fc22ae772cb,0.496196346730213
n8fc6fc1c858a1b2,0.5002712248605425
n8fc9a13af211f88,0.49263789918146145
n8fce337e307dc80,0.4946156279739124
n8fd720a7667cf50,0.5005324078607784
n8fd8546880b2354,0.4909986318939647
n8fe9719e12865b4,0.5004701842562652
n8fea6a57a449b2e,0.5008743709270927
n8ff50cf4914446c,0.4999086741966444
n900805b31122adb,0.495489624433151
n900e55741bd3ca0,0.49344693127815054
n9013b47caff7cd4,0.5002508886511704
n9020daebb3f5228,0.5024211175197014
n90228b4726c422d,0.4980342619672526
n9027bde7a4a86d3,0.49918178691373005
n9031b4cbfe44bea,0.502684484491071
n903d30697721384,0.499461427514647
n904997bc4524268,0.5003093516641846
n9053d7afdf46215,0.49924675362727944
n9057bf930bb9412,0.5040283320586302
n905d3330f826311,0.49393861862292143
n90609d9d403c0e7,0.5010341862688957
n9061298b9d315ae,0.5041092497199612
n9062e4a84bcfd4c,0.501496377988764
n90685d2587f8cb2,0.49686735917918956
n9068ea4880cf0a4,0.49776843322361375
n9069d8f460c4926,0.49150537076749945
n906f1f77048bb03,0.4973830121363462
n9071b6f9386347f,0.5009101493099072
n907d36695355ce1,0.494547968391959
n908e9a3fed59257,0.49656454041872344
n9091566eca1bcdb,0.49835871678593596
n9094ef816834e3c,0.5007907948954062
n90a00511bca3215,0.5032893822175175
n90a1b63a00caf29,0.49584804918276615
n90a4dd14bf866c7,0.5018787188925522
n90aef4ee17ac1e6,0.4944619491685153
n90b9fa17961533c,0.5007782603885855
n90c07268d460286,0.4998756314906507
n90c38b5c1c7774d,0.4983429440843686
n90c3d35f45c4a6f,0.5112801379916225
n90c70485cedd4ff,0.4997480959430869
n90d67a6ce605cc2,0.49840433615592694
n90decd798d66b4b,0.4993253108976331
n90e95abc122c4f1,0.5036408243117843
n90ff112cbbbcaed,0.49692809484633466
n910b6319190dacd,0.5004642768144733
n910c59b9ce3628e,0.4988943936846911
n9113690c7457bd4,0.4920916552538923
n911ed59050f9b0e,0.5105427726184967
n912bfdca7f80d71,0.4971857075687332
n913f8c4d8ecd208,0.48969500758966905
n914ac6ad5f144e6,0.5005916126967014
n914e15485d30ec6,0.5038086912806589
n914f70a31a50ad3,0.4975779758042873
n9162887e2879ed2,0.5014916873140434
n91658cfaa80019a,0.5005400139220557
n916c36b188d052a,0.495387486304598
n917005624b3f295,0.5024796468626422
n917fab9652eae0f,0.5040549956356078
n918c9fcb1d47b7b,0.5006903732229413
n919fd251e9a0943,0.5038160639421293
n91af5d6bf3760ad,0.5033516527910044
n91c585356e333ac,0.509577696774656
n91e7dccc2c541f0,0.5047866718387369
n91e9b09709673bc,0.49877069543816227
n91ee87257bb0e64,0.49703213861928885
n92022e59265fdaa,0.4962416092131421
n92120fee7d1d00b,0.5009756463804571
n92154190c81a323,0.4994323556597645
n921ab83795832b6,0.49957004897986884
n921f4c91bdacdad,0.5099258066859149
n92293028d9f1279,0.4984557413239947
n92293cf7b5e4766,0.4977290005832717
n922c83bc9e5e31d,0.4977622102021166
n922fafdcb3f2897,0.49997346496440837
n924b284619137d5,0.5052180230268155
n924bb26acd4b441,0.49928863928710515
n9256fc0fa77178a,0.495979181673556
n9259712bdfa7118,0.49791692705401347
n9262daf4fb18ded,0.49428798992683126
n9265088bacce48f,0.4980045926905016
n926acf057a11ab2,0.5033090151003126
n926d03256cb53b3,0.4946774008621057
n92755271844381f,0.49731786402885364
n928313b49a0a0ea,0.49667696681823337
n928dc84d3c4b02f,0.4966129590575502
n9292e87acc8976b,0.5017835664418968
n9293cf56ff616e0,0.4993247770325148
n92c2a6b26523529,0.4945868446686294
n92c496bc340f21e,0.497888514700705
n92caa3886eb8122,0.4985645932709007
n92cbd18950d9663,0.49127252564100765
n92d0b1d1f129596,0.5020734471162698
n92d49d25b491343,0.4949711726070244
n92e21c5df8cac60,0.48816804795136876
n92ee44a136107eb,0.5059665744769622
n92f3809dca0e54f,0.5049537466262758
n92f3de271a554dc,0.4999571068246649
n92f4ed43c833484,0.5044558900755025
n92fac1f40f2ff48,0.5030192072603342
n930616fdf84e37f,0.4954483992582066
n930cd023398af75,0.4978830575762268
n9328ac4e04988fd,0.49266416902889293
n932b5be25bc2ec1,0.4995977095384828
n932d791056d4bf0,0.4962845030139236
n932d923a2e30307,0.495968408674578
n932e62e924e4190,0.4921179883041934
n93335fa1eacc692,0.5016742189038604
n934643c5d94d801,0.5001854180813088
n934a1f477693373,0.4905659841567991
n935b30a14741a72,0.5062143657190504
n93701d3ba17cf7e,0.4940137511066604
n9371bf172b57f69,0.5015549897292203
n9371f9cfc4dc82a,0.5069550123577926
n9373523de68bc99,0.49605069133097884
n9382cf340e3ca46,0.503366249923041
n9387545e1f6de16,0.5061357324843019
n938a9bcf2aa5b2c,0.4971451514968691
n939518ff7bc5788,0.5028529960607601
n93a16a2510cc8be,0.4908318814482431
n93a6aaed8131114,0.5011807846518614
n93aab127aa5cfca,0.5010446471377681
n93b2d15c94912c5,0.5042584784927027
n93c07239c89d70b,0.5034366716977543
n93c26dd5b0895b8,0.49737245328641816
n93cc32e3c78745d,0.503454666898254
n93cdd0387321ea4,0.5047188571552463
n93d45db50387fb1,0.4991221659738291
n93d5384378497a4,0.4955390247302303
n93d906588006a62,0.503426111609811
n93dec758d66ecf9,0.4955385810942643
n93ea751ac1667dd,0.49393574322260786
n93ed9c17484503d,0.49906106981323073
n93ffeb3240b513e,0.49639104290334846
n940378e1c6dea4f,0.5024252656697786
n94252e8431f9b22,0.49282224241256267
n942ba7b258a4f1f,0.5027996130408537
n942cc540da8abbc,0.5032403543619824
n9430cc906f98af3,0.5028704836280194
n943a919f1c60c06,0.5042034855118392
n943ab6a35393746,0.5082299230733196
n943ed236ce61030,0.49937962111314155
n944cbebb41e16b8,0.5002694841608369
n946ed4a091adef2,0.5004434181012749
n94740e6882da116,0.496307681727067
n947d501e3663b94,0.4923892886531106
n948e3dde6655747,0.49442148277226217
n949ddc34f973595,0.5007313336308337
n949edf52fe4d074,0.49969662350462374
n94a005a83ebe795,0.4902336870812617
n94aa0e5df9707d5,0.49719034757242764
n94ab2c685d47ce2,0.4962214388696781
n94b057b1d6c7e53,0.5009850094793986
n94b14b3aa99a832,0.49955330698009154
n94b2d9ca417df60,0.4978041815852589
n94d2f0561395f5e,0.495258304311075
n94d72a05289a429,0.5011962471197593
n94d80629297164f,0.49674728312193656
n94e0fe110ee3265,0.503191631141222
n94e183e8e392ec8,0.4975122795272445
n9503f03d25061fb,0.49916957367324993
n950b1781a06e642,0.5027162520769634
n9529dc45cb06a4b,0.500895327001433
n955bfb0b5b79db6,0.5018324905960745
n9575ad5278ea54d,0.5007139698293618
n958d753d347a84e,0.4954304315221288
n95949df2c1edf1b,0.49521494054563986
n959ade5f2271363,0.49317902497509214
n959b0a2ad8f91dd,0.501614982948435
n95a6dde1960cdbe,0.5062195927467859
n95aa4cc66f9edb2,0.5024397988586641
n95b21c3750a0ea2,0.5005559666554668
n95bac51b04cc4da,0.4991573933775897
n95d2028d39fddeb,0.4945916754264201
n95e6447a34f0a66,0.5013160386734486
n95e7fdfb0242e27,0.5014776143692307
n95ed99117709d81,0.5006704625788225
n95fdb79b7acda89,0.50195419553144
n960a797ce63c07f,0.4991054418107096
n9635e3405b457a5,0.4993546951258497
n963634388f39544,0.4979503924579818
n96397d062637024,0.49941858437411973
n96411632810abbb,0.49840194696526646
n964bc1cb84a462b,0.49907586532498915
n96639d38d88235b,0.4876368448488978
n967759162e0e055,0.49646823681781965
n9680fd128055568,0.49757522526151354
n9684786c38fd12e,0.5000664642926168
n968e160ca1a61b4,0.4958726215184825
n968f0415c33f463,0.5015042961314823
n969b17b083bc036,0.5039566181833517
n96ae55115b22f0d,0.5047236329471193
n96b4085a81fa98c,0.4982862883128842
n96c91e3b032f303,0.4934613816284185
n96cf7864781ff0f,0.496769274668833
n96d35d80b4b7e49,0.5059426881024247
n96e21720c70d2d4,0.5010438468847902
n96e8248d5b85888,0.4995213373375514
n96ea114f9731c17,0.5030390028371338
n96fa787c6ec9a83,0.499904046441322
n96fc3517bc152ac,0.5053449391545881
n96ffc90bc1e7e45,0.5020847014715073
n970427b46317d8c,0.49937734824394886
n970c26ab4a9b1d9,0.5003485524892746
n9720db62461c727,0.49698204461813605
n97240c5d085e732,0.4941099325918762
n97291f053a45160,0.4979914750686581
n972b024ee8d1f33,0.5015807517334329
n972f9f5b63e128b,0.4892550237555267
n9736167fbcc11c7,0.5000866711129154
n9739f37d63198d4,0.49925517615781817
n974c2caac5b7d0c,0.501239616667973
n9758ad85acdf563,0.5045486748960273
n9764bf14e26898f,0.49611521183062507
n97752deee0b9ab3,0.5079153710088088
n977b577ede9e164,0.4978755954857005
n979417ac90addd8,0.4928295242360707
n979511d335dae08,0.4988678979925535
n979a2625a73c668,0.4971709428048618
n97a0fcb9038b4fc,0.5017025876084185
n97b1b729ed58a74,0.4993312302196739
n97bfb4c38390ce9,0.49358008830131006
n97c66e034480b00,0.5049458332609013
n97d45c5f4b7a650,0.4935342315972404
n97d8bf6233b129f,0.5039628564093114
n97e31a07e9d737f,0.49591576017527433
n97fdb4a8738ff26,0.4957352281812928
n981d0431933c774,0.502802980076731
n984125fa03d0e83,0.5038843087326443
n9842c7d342f3aa1,0.5009601734040715
n986242644520d73,0.5016411962772029
n9862df8f77d4acd,0.5085897202473093
n9866063ea275ccf,0.5003695040524159
n9868b3ad31b72d2,0.4906110057649761
n986d9730ee90b05,0.494482895193099
n98742704b31e8fc,0.49688041111382997
n988209d25900d1b,0.4951592077689894
n988269ba10fada8,0.5042814618612058
n988d6492f0f3f0e,0.5006032898613709
n98a52f31f237c21,0.5028731323154926
n98a8fef3c7dc786,0.5016728440232279
n98bb51e2886e11a,0.500921833705452
n98bc45b29a76605,0.49489194264278463
n98c7ca7bb5b0627,0.5016004825740359
n98cc9d62987d13e,0.4964287857324881
n98d0db8ba774277,0.49926915771576685
n98f4bffbf09edd7,0.5039171959346896
n98f7c632f57f0b3,0.49524179659174744
n990499af688c5d3,0.49837622600508424
n990d3e96964e266,0.5010638965284675
n990e8ab97bb1399,0.4996169793521684
n9923669415ee695,0.49790025319704656
n992eec210282af6,0.4960454712615595
n993892cae5dd1dc,0.4994266458100768
n993a7fdb6af9299,0.5045226923586328
n993e256ce48a324,0.49904317000149545
n99529cee2eb30fd,0.49904475911029983
n9953f4266c85d43,0.5044731672456183
n99568af951310ac,0.4943458141129017
n9957cf462628a91,0.5046301061843199
n9958755eb64c4cf,0.49456833524322513
n995face559ff86b,0.5014347993973565
n99659b6338561b7,0.5082715285992829
n99a47e06e7a2450,0.4997528594998623
n99a843a5d99b150,0.5031829291106757
n99b608b00606d3d,0.5034217367459951
n99d2f295720447a,0.5020669639082621
n99d9487a6a9daca,0.4985433844536273
n99e687d1973ac4a,0.49249711038459126
n99ec390508b5e05,0.49840363833451823
n99f21d8e0390725,0.5016327339162424
n99f9f314b00d857,0.5068706286432082
n9a2ddfc440794d3,0.5008980456705834
n9a2e05bc200ea2b,0.49374162437003033
n9a445fa2dc9a4a7,0.4962180925611609
n9a4739899f7e2da,0.4958771497981954
n9a52bf312ffc6ee,0.5043082875459013
n9a541f9aeb5f460,0.5048688805365878
n9a5c7ec44adbc0c,0.4928431713309701
n9a76d9a214b8b53,0.5033463439771982
n9a7d81a85f5181e,0.4959462770129718
n9a8c3dbe8cfa411,0.49976349042231916
n9a96dbcff454f87,0.49759939443958223
n9aa1cc648397e10,0.49481800850436847
n9aaf64ea3fc4731,0.4967161688448932
n9acb4b3f13fc4fa,0.4945585911276388
n9ad066b44f41d34,0.4962657935005595
n9ad3c39f0348109,0.5008307132740774
n9adfbe6982326be,0.5011580447531977
n9ae299b7f69ed1c,0.5028753396987121
n9af5fa037a9484a,0.4952418207965514
n9af9463c9a65dca,0.5006952759988894
n9b0229c5bf2f8de,0.5052173997636111
n9b05816628f83b2,0.5012585076132104
n9b087f84d095b13,0.5013184835669897
n9b1282449fb5c79,0.49809480384542026
n9b1903f0c9b501b,0.49955532567169014
n9b1b1b59578ee3e,0.5030034307945298
n9b2ab2e2ced469b,0.5039905366485942
n9b345f685889aff,0.4995644842937164
n9b3ed6c0926abdb,0.496130182099722
n9b4db68cfe12ad0,0.5005949907031064
n9b4f0b92b3ab1f7,0.507012826576038
n9b530caea509fb2,0.5037051814891281
n9b542412a4be572,0.4967393900518617
n9b5cfb3c7a8f16d,0.49234609814913677
n9b600e8ed28b3c3,0.5002419286211496
n9b66502c1412044,0.500539592717307
n9b6a605ad37a65a,0.5003626963760875
n9b870d4e245a004,0.4994617762587968
n9b8c5da8a8520cc,0.4987249030726476
n9b9bb3d15d0db91,0.4968297460912297
n9ba6990b7252f36,0.4946894294001765
n9bbc1e806ad3f28,0.49276346413876
n9bc0b731caaf9c8,0.5004454210663473
n9bc5dc959d3b764,0.5031429406183194
n9bc7b5a97d9d5c7,0.49672187915069804
n9bd550e3ac251f1,0.4957443881955552
n9bd5b00b680879e,0.5015345616419705
n9bdba6a7ede8d42,0.497474159231502
n9be97923f69585b,0.4991264980677831
n9be99770cc9a5d2,0.5098994402949407
n9bf947d462b41aa,0.4986616249452914
n9bfab634b4418b1,0.5054313301296647
n9bfc7fc0caf26a9,0.49930587828220574
n9c005050c1d2abb,0.4968893614167644
n9c1382cec0cb662,0.49607913194564063
n9c16e543369c42b,0.5015795607657669
n9c1a3c2cde208b8,0.49953472260343357
n9c2ccaccab90642,0.49749712683124314
n9c35ce0cce951a5,0.49539027912294353
n9c571b1651fb9fb,0.501848338876794
n9c6265ca9af6ab0,0.5026814540168695
n9c68fca6d7c8f11,0.4946108662599208
n9c6e6479230f3b6,0.49705690322008644
n9c7a9816ac10680,0.49637599435772284
n9c7ba42aebac5a5,0.5018588321869576
n9c92545c5dc5e97,0.49791751456114397
n9c99644c3ec5cd1,0.5070818530538941
n9c9ce10b665f11b,0.5023192089344666
n9ca0a3975277bcc,0.49586459972387237
n9cad4e05c72a906,0.5040593293024542
n9cb26332a5c4788,0.5023052368594852
n9cb6946462017ee,0.4999831345305597
n9cbf6d7d18e66fe,0.5016409622294188
n9cc702d0076273e,0.49427758354042756
n9ccba6206c7cac2,0.49129883061198626
n9cdb8442fea4853,0.5006661469199778
n9cdd4d164cabac0,0.4994464978706289
n9ce8cb802bd51ae,0.5036051356375769
n9cef9aa5806ad33,0.5107008268184278
n9d01e34b9ab920f,0.4961709894229055
n9d142195b3e8745,0.5019505543398628
n9d1ed754ad47dbc,0.49766051049556886
n9d3630bd7528b49,0.5005065282828589
n9d37e7538dbe9e7,0.5000562304091335
n9d3a607210816b1,0.5041512310222116
n9d3e1bb9bad9b50,0.503187549379455
n9d476a2ec185175,0.5049424031227924
n9d4fe85679b2135,0.49645126666361394
n9d9b01ec8b2ae13,0.49751377778858896
n9db1887c068e1a4,0.49904685476934485
n9db33f41f9cddb8,0.5118058271540556
n9db668052fd0c5c,0.4994276655986496
n9dc411f5faac363,0.49978412596150307
n9dd09fdf4a6a624,0.49922221283135476
n9dd98cafa922070,0.4973122188176344
n9ddaf9ed4bc65dc,0.49901680189682457
n9de28ec6d32f891,0.5021864045306665
n9df1bc30d11b922,0.5051651413372041
n9e09b5c9bde476e,0.4985709226838948
n9e0eabb03f9f3b6,0.500192625408851
n9e2c34068b06bb1,0.5032146431651733
n9e35d4740e45b3e,0.4981411855405343
n9e36dfe1552ad3b,0.49817568877887963
n9e3a6a863692815,0.5081662307716424
n9e3b9a98b162a4b,0.5042164080886911
n9e4cecf6ba0cc47,0.4978603190468483
n9e509044eba0fb6,0.5062013719036168
n9e69c1ed754a0d6,0.5009699119502513
n9e6b7c45bbba545,0.4977174152177007
n9e82aed71e1b482,0.5029469539380709
n9e9492e21a08064,0.5018613729038574
n9e9ec0251a036d8,0.5035506952132117
n9e9ec8176ebfd31,0.5019522732635029
n9ebbbf7232cbf34,0.49665273598196447
n9ec978cecc15ab2,0.5012501467837702
n9ede26a5a8d5fae,0.4957848135314238
n9ee72c24c47c40f,0.49784274142044666
n9efa3955cf9b1f5,0.501653538553161
n9efe4ae42b7ca6a,0.4957286931864606
n9f13d62add8d879,0.49926216717719313
n9f181a0f47c03b7,0.4942343175880032
n9f29ef485311b87,0.49302794507839653
n9f34101eda79416,0.5060603910533344
n9f355daf1350972,0.499504932808092
n9f36291da876621,0.5002452041620977
n9f3bf4f36b3e744,0.49691394657685006
n9f4afd5466ac111,0.503739269824906
n9f4b240c26eeb75,0.5040543038540967
n9f5c60035a37ed9,0.5068079599847762
n9f6cd047acc9b43,0.5077541228490345
n9f6e8cc401b4102,0.49826499895750753
n9f73a6b35a664b3,0.500257396498302
n9f77b1462a3c708,0.5004064282908947
n9f79194aeaadfdc,0.49995173552216654
n9f800468a798fc6,0.5050424308050877
n9f8b9a4b649a98e,0.4958663364839696
n9fb693aea9a2335,0.49909592953304976
n9fbd15619223f2f,0.49787100082482805
n9fc32ba45f9b6fa,0.4947374709494859
n9fca7d3c81a720d,0.5023836563965184
n9fcbaf9fdaa1d89,0.4991180881122108
n9fd6e878956d870,0.5048213808014648
n9fdf7485acb0bcf,0.5042905725955992
n9fe35fdb634fbf1,0.4968530470146214
n9fff2f0cadd63ff,0.5033190256609433
na018cfd6d5c14d4,0.5041707335310077
na0298aba8178d99,0.49838406238234
na03bf635a35b7d4,0.49874689509162506
na04285705389dd0,0.5095937238303043
na04637b72804d33,0.49696860069118665
na04a51c7ce2f3a9,0.50015844750777
na04b2beba340fcc,0.4963147189025105
na05946a71f30e38,0.5079892476037681
na0637ae735d2d06,0.5027410197947407
na08ca5bb30b30e2,0.501301403770423
na09704c3cb12e07,0.5033366902732752
na0a25392951b531,0.4940155403083623
na0a38b0f2612387,0.4964139517210078
na0ab54617de0bb8,0.5038255245514411
na0c092be351ad1a,0.5024022066187713
na0d5e92599b9b81,0.4977837874110551
na0d7dcb3888c482,0.5014397029012678
na0de3de81d1f626,0.5079400474800599
na0e3650e8802288,0.5022129220770081
na0e3e017e38370c,0.5008707492677875
na0e85c3ee0fb2c0,0.49821737803270894
na1025dd9e3c0e7e,0.49830878966292724
na1080b6b7ba7c98,0.49528935845545663
na10b6298d443d41,0.4952906750598619
na1144bb48717839,0.49821344904478343
na11d33a4201b956,0.5019269562579509
na11f5eaf8b0004f,0.49418646413942074
na143589dfbfb06a,0.49957121507694235
na1450fcf63352e5,0.49692700676287965
na15746d5d3ff18e,0.491943462592703
na15e6a7344e1779,0.4954031977947486
na16c27d8d315b2e,0.49134210972567965
na16dffe4fed9703,0.4980742833750745
na1709dc6b5ea62f,0.5138245764917915
na1762abfac5b4d8,0.49228164792720147
na1833bbe3f9ca08,0.5004997758254397
na18f1e7f8d61734,0.4994136001137221
na1b7412c81333ad,0.5013859831653905
na1c9e0603f2dfe3,0.5001051063594133
na1d0ea172e4edcb,0.4976181739288394
na1e88865ea26965,0.5013669286317012
na1e8cc1d733019f,0.4956830481647274
na21a0c4611ca6fd,0.5011712252377971
na21a7671999f2cb,0.5040644702159087
na21f3f45a5ed1b3,0.49626112687092894
na21ff6c7a05265a,0.5002049320031726
na2306a6f07ef402,0.4967963051829633
na233bd282f5e3c3,0.49796326182411793
na23d942279a0b2b,0.49563517754429454
na24bcd17622e733,0.49775318112567696
na2553bef1cc2c7d,0.5021085494617152
na26b720709e9e56,0.49933842452719435
na26d07ed8b6b678,0.5000540842887604
na27429f570340c1,0.49735644983067434
na27b7dba78e57b4,0.5020348882716401
na296eb83a3e05a1,0.5014971587970274
na2b2da4c3655dd4,0.5003337703126021
na2b741de630dd03,0.49479500973634444
na2deb99ea1ef56f,0.498752020508978
na2e7dc9a1d36e78,0.4984876887940868
na30e13a344f18e1,0.5039372855643158
na318f259f8775c7,0.5030735691759414
na31e577073330c2,0.5010033017089622
na32d10299eadb2e,0.5091487564032267
na32ff0bae79a9a5,0.4976177625946522
na332878a4e5ba97,0.4940716337622282
na34065ffe561313,0.4986262092475826
na343d8e991a1a7b,0.5078953392504528
na34528e70c75d55,0.5062914514526802
na348844f72a01fc,0.4994953663141073
na34c51f63a20078,0.5040103043515766
na352d1a4d0f70a8,0.5023738991686958
na359cacc458bfb2,0.501693623631979
na360a63d746df30,0.5017923611063241
na3646bfdd2ec718,0.49366275027127476
na394d333cc0924c,0.5000087285515241
na3a1ca7e4d408bb,0.49104179362123507
na3a6f7759fbded6,0.4978023418950472
na3a76cbdc5434d7,0.49973337464214274
na3aab50720137a7,0.5056389513303731
na3b57a33d92ffc9,0.5009950572548734
na3b5827f3473694,0.4964077488281876
na3b7b8d68df95e0,0.4995515502167122
na3d27ea71f3a6cb,0.5009097692693912
na3d32d70c304042,0.4971027796669808
na3df2c3dd47fada,0.5007580993559242
na3e1d2f5f1c5550,0.5023886922923942
na3f3acadb579849,0.4974246614510893
na3fb855d773517d,0.5064940829197946
na400e09e77d947d,0.5013017502648393
na40792cb17a44a2,0.4992794085480509
na40c73d2a952197,0.499944954687106
na41847005b8025c,0.4965606108210039
na435011b9d84dc4,0.49958645502817295
na44e999cf561eb7,0.4984207117835388
na45d380312c36f9,0.49950437575897927
na45d7562997bf17,0.4985699512052983
na4664bcb28e58d0,0.49773240461882556
na46ba786af5909f,0.49683132655709084
na4794563285973e,0.504369057754037
na48124c567810d4,0.5013585070312309
na482bb7e2fe31af,0.5007910749453962
na488decba4e585b,0.49310196297600345
na4931c386fb3aa6,0.49655108092022404
na4983db90cad1eb,0.4970827175300838
na4a3910327c80b4,0.504366145276244
na4aa5814c4bab9e,0.49564375132956884
na4bad1e2fda91ea,0.5039091710910742
na4bf4024f45d68c,0.5047438432469086
na4c016342b866d0,0.49803303939314103
na4c4fda20571744,0.49389193651430413
na4d02f91ed87ea7,0.49977066228305717
na4dab572458af5f,0.4984402970551871
na4e2a9fc41489fe,0.5099817655205612
na4eb4572f5cfb78,0.4999287311628047
na4fb8838eeb72c1,0.5002806533343125
na504bab1db10294,0.509971295408074
na517666916c75da,0.5064213752575648
na518bd299620926,0.4995550122195124
na51b49bf72d32f3,0.5080715830465585
na52070a25b77a46,0.5022177618381223
na5273fff087ebef,0.49984438943544834
na52ea849fed52cc,0.5029526897765996
na536887cb6c8548,0.5013193279093558
na53bcc3e706b899,0.4930994465903831
na5448cae53ccf8e,0.48815400607967024
na54c89fc27eb525,0.4974383475131037
na54eb90d287e313,0.49900119862311976
na54ee8b24e09bd5,0.49350671142653907
na5592a2ed78455b,0.4984683389623959
na55f3636b95b8b6,0.5032741945939829
na55f99cdc824d45,0.5040241908688519
na5679d9733d3e59,0.5004214173611168
na567e061783decf,0.49800086318715
na56dbf01dafb906,0.4956460596995593
na578fdfd4907bd2,0.4978655616704032
na5804d0ac24773b,0.504107852166218
na5bcaeab221c13b,0.49792070547171235
na5cc49aa26465d2,0.49384338537129724
na5d1c4cb3ed6075,0.49538568168864994
na5d3eca4d9d0008,0.49595596478665777
na5d902a0918d1df,0.5049240560265197
na5de308cd7e11c4,0.49702290465447263
na5edfa05d3454ce,0.501378116436188
na5fa731d6d5d038,0.4999417643617215
na5fdb01ada023bb,0.5035135071898466
na60c547fa58583d,0.501941223076134
na60d2ef803e3614,0.4970402080456383
na61c48b6c6667f0,0.4994950146678916
na61c491b0f014e9,0.49679753719952163
na62018d07858a1d,0.5021821774617083
na6354c17b6c7e7a,0.506357260285547
na63d08a0f599567,0.4921488606992495
na65fa501fc990b3,0.5018840692650889
na66f9e69e8ef765,0.5035601510397693
na66fe8b74c5bf18,0.495020791067736
na69afa2b73eeb64,0.49299902639369525
na6b72817aee3ed5,0.5052764859632854
na6b756379b95188,0.5052451650638613
na6ba07e89e9e3a3,0.5008799451161919
na6c82d129e6c6cd,0.5071709976014954
na6ca162fa775730,0.5008925722508949
na6dbe6b0a6a1eda,0.4942698308194563
na6ddc3e5e08574f,0.5030406875138731
na6dff81d90f47c6,0.5053614931237543
na6e39d99bcee4b7,0.5040313678476351
na6e60e95307a48c,0.5012675634246181
na6edff00151e424,0.500654171403988
na70227f4b2ecda8,0.498886313773502
na7225eb01429524,0.5034569997380998
na7266c9fcd6ec3e,0.49713808047843944
na734b8a344d32c5,0.4982097277867832
na73e8c3a5521743,0.49691947489324817
na73eebc8aa83654,0.4986344496391239
na74fc6a07981d7b,0.4929139534335086
na75455bd66e9481,0.4905914667215864
na7607576de6ea93,0.5012595021488766
na776a1d1c8c3e82,0.49737994470374397
na7826891b409d67,0.5039539677513586
na78b382d412d9c2,0.5008207160933691
na791b52f13bc085,0.5008486428389275
na792032887cbfbd,0.5067359983738767
na79c2579d6ea5e9,0.4985951616257053
na7a70f5e7b622ca,0.5063870176121235
na7ad27e480175b9,0.5004594477651703
na7ae32cb1d3f7b9,0.5007328241822508
na7b34ef77f74e10,0.4992306970012431
na7b4a4b27c2d78c,0.49699409631382724
na7bb19d1a4dbf2d,0.4998996811876343
na7c02ee1a20d9a5,0.500609122166195
na7c04113e309706,0.49906556612004493
na7cba80877e0ae2,0.5018279062521931
na7cc16db0986105,0.5029311247564843
na7d31da5c7fdb61,0.49671691404792045
na7e32ab1d5eab88,0.4979848156774429
na7e6add18233ab1,0.49318854313713667
na7e8194e93f0ae0,0.49933903602238155
na7ecc3c35ba933f,0.5057075591643344
na7fab45cb20e946,0.5007519558306094
na8121fb6791da09,0.49960659426462467
na813043d102ea4a,0.4983326976580495
na815a93b933718e,0.5014023170761313
na815c50e5f4d6f5,0.4956100644121747
na818a613cdd3900,0.5036952158256947
na8229e2d42780c1,0.5025738005337915
na82d2118f36662d,0.4944974000818458
na839874cb61f829,0.49924965731720833
na83bb52221c37c6,0.5049816999190624
na851638b8d082b5,0.49869676691317805
na85e24e3a45acbe,0.494984147977004
na86948d4ff4a175,0.5015469692058668
na86f709d9423d71,0.49507418551332877
na87316c9b062547,0.49924547587414225
na880124cc486d14,0.49641874797472485
na88372fef600f82,0.4996777141062571
na891f4ad20e1d1e,0.5038257720991802
na8942389c8a6f75,0.5002044857924884
na89ddcfb40d5476,0.4918213757444779
na8ab4f3a618c55d,0.49716275411077043
na8b988192464d2d,0.504707815795404
na8be7cc512367ae,0.49833039794209694
na8cdc40c7bcb125,0.5000427311565451
na8da31bdcdc75ba,0.500668443109277
na8f947da9ce2c70,0.5085110751948507
na8f95aaebba736e,0.5007112111501115
na8fda166c530ebd,0.5000902683424023
na90288aa8e62381,0.5013617559240433
na90e6bcfdbf170b,0.49906375296493893
na91388bbf70c1cc,0.5006284523943134
na91b7f38ee085eb,0.4943586450396977
na92186064af0655,0.49851624797115174
na9281bc212464b1,0.4972549374182215
na929e9dc8aba6ce,0.4998567908497545
na93439b54edfaa4,0.4992154759848268
na93de61484f8ccf,0.5021423901789551
na951c076d575e00,0.5039005041206254
na95dc0fbed8435c,0.5023373755704706
na962e7541ed7acd,0.49971721347294745
na966467935f6a49,0.486571729263201
na967efe8bc19eed,0.5025996355021974
na98df950ccd96f1,0.49655198010338264
na98f6562b7101c6,0.5012936911275838
na99e04c757fe3e1,0.4999478134282646
na9ab5a3f88b0e20,0.4987517242877608
na9ad608e7447767,0.5023029247370575
na9b7d7413fbe7f1,0.49568112333597497
na9c9a26c2d1c8ef,0.4967800229294426
na9e0117d62326b3,0.4984657231392251
na9ea41f5becc6a2,0.5159329978283839
naa1992e8765575d,0.4979395701356416
naa1ed03a18d369d,0.4993044517898323
naa2fecca8f9d05f,0.5016545821318903
naa317f82a054ca9,0.5027277946642795
naa3aa7478660116,0.5103852576360661
naa4351c61ecec21,0.4984434308575267
naa44364bdba4b14,0.5008950272411
naa514eb3615b5fa,0.49842416739180995
naa527f3779bf459,0.49680355057658804
naa530523aa32a9f,0.5024198228337048
naa6a681749695ab,0.4957350954502887
naa710123ae4e275,0.5030069074902158
naa72a91148c13e5,0.503373562141005
naa76461cb875662,0.4967018579271114
naa7a29a318b4369,0.5055319324373012
naa8318dcfdf4213,0.49649961258107655
naa842c58e47228a,0.5066718901880721
naa8597b289437cb,0.49585615656035736
naa8876345f95d54,0.4959408274818271
naa97039b9fdab49,0.5036142925999996
naaa5bb113102397,0.49632163325591727
naaa820fbc8b1106,0.49672997363390964
naab5d0f00130a12,0.49934598288854404
naab612e3b1cf0f1,0.5008538850861136
naabc3355f63d128,0.4975732662878737
naabdd291919aa47,0.49831312309648673
naac35c66521aca2,0.4936239052736131
naac784506332279,0.498727827775184
naacd25737c2d70a,0.5014890808591309
naace44306e03753,0.4967462698561747
naaf4e147f3f9ccb,0.49950874880913104
nab05fb3075077af,0.5075308895742564
nab07ab050532ffd,0.49393721144150543
nab0b342d9c67fe6,0.5028250600777621
nab18dd8dc1be4a2,0.4985717041179258
nab1a3b60f1f5568,0.49790690046491276
nab25d07b183a337,0.5007875695148282
nab33d8baf8e712e,0.4932561537562172
nab455969dfd7351,0.49577241942778616
nab4e42d6b2ac0dc,0.5051239976471469
nab5c44b4ec8e621,0.5010926288700082
nab8b0d70170d444,0.5014675673302189
naba401e4baaeab9,0.5011797093492563
nabb063c9e1157f4,0.4978444894555458
nabd1c0752c2e77f,0.4985738736970742
nabd6032b404068d,0.507902411559385
nabe64a5cc3c8af3,0.5036188671819734
nabfd67a38dd3dc5,0.5014503045821475
nabfd6cdb53be720,0.49988619697487624
nac1feb4d4e3e96a,0.49958595296629793
nac3ec692e5893be,0.5036245201479826
nac3f4fca1b7f7ba,0.4923503254914193
nac4519be17e2101,0.5026094241823236
nac50a11618f58b7,0.5002440230231999
nac6598ac92fa641,0.4936129006689196
nac6830590a358a2,0.500227477670752
nac741bd44d02402,0.5032905593217412
nac831f988ce15f8,0.4980395832568965
nac87d02bf26e660,0.5061230220663688
nac8ae890a8fb37f,0.4966178048708046
nacaae2f94d1c32c,0.5024236909059251
nacafd1edf2e6d8c,0.5053498777749295
nacbe587d9c31999,0.4945194809942687
nacbf6db261ec101,0.49670318888012344
nacc2cb50c81e36d,0.5058417397186761
nacc52e8c6bf8a00,0.4929150456447564
naccd4dcb1980fcf,0.5010852159147108
naccedcee761cda5,0.5013774332786548
nacd0fb98b14fac0,0.5026418980152434
nacd1f44478a9515,0.49555923574784894
nacd28b446658a8d,0.49781900721374583
nacd566f0440a90e,0.5039731949408458
nacd852f881a51db,0.4997882831300281
nacddcb16de6d328,0.4896401015492504
naced1aea8aa47c8,0.49948200123933395
nacf17fc298c21aa,0.493820728843223
nacfb3c25637e112,0.5010239333709948
nacfdbe8c0756625,0.49798090167979797
nad029e8a1694926,0.5020824328796187
nad1b4b023857a31,0.49719383832463315
nad1ead2d8574fe7,0.5000099881609091
nad218c01743da3d,0.5109030787113578
nad346b69023da05,0.5004525176352873
nad3814ec64134b1,0.5005666059408457
nad4fb209e002786,0.4961589838389443
nad579d6b366b8e3,0.5064554981741511
nad74710d3b646a6,0.4991209389401502
nad7ba29661e0d7a,0.500632351979707
nad7c3baa7c015b9,0.501487873110075
nad805bb58cc4bae,0.5027708031312573
nad8b2535ce9d353,0.4983418577397367
nad8c641098eed56,0.4978845809020228
nad9c34b4b9194cb,0.4985105301963056
nadb98b2ba96e526,0.49616072333956607
nadb9bc356fc0eda,0.49767844184645926
nadbd0b01fe3878e,0.500124612888598
nade2164534c9103,0.5019836748064715
nade70a598c920c1,0.4938409550149943
naded399f1649455,0.4934528798572939
nadeda76fc2af591,0.4915645975060748
nadf4d9ee381196e,0.49478144827576015
nadf647fbb85767d,0.5027748924336288
nadfdbf0a86970f1,0.49784491954802573
nae057e2032e414c,0.4952549442702667
nae08f0621fad783,0.5020232170951255
nae0f69647b35229,0.5054839350226846
nae16ccabdea1624,0.49648622573514506
nae2539749b58d53,0.4994741392841964
nae36adae2c02f50,0.5027878638220522
nae39f6528da5038,0.5016385832334214
nae4975f21aa64c3,0.4958123680654221
nae4f13d4b04a42d,0.4968971677720209
nae54929c638f672,0.5003914866771727
nae5a5419ae9335e,0.5000530927016786
nae7e58a3bfe2b69,0.5040598703594814
nae87256b2416c35,0.5010719749305359
nae94b45cae98339,0.49498014529728146
nae9d4d232a464c4,0.4951242729669793
naea8dadeeedb5d6,0.4981399393471214
naeaf7064183b222,0.4996961543979026
naeb491249377a1e,0.49995101235079054
naec944b83cb578a,0.4959067276354579
naeca485640ff702,0.49783138399075716
naedbb21ab90fa60,0.4993947402135983
naee51f3f988c203,0.500892538731313
naeeb48d38ce7b8c,0.49627305743054123
naefd78f41333a88,0.497837936585129
naf0ba5209e4f9dd,0.50212985049045
naf247fefaf2c18c,0.5030707959623076
naf27e8c5b452a45,0.49718103790482254
naf2d32b165074e5,0.5012969448222881
naf4ad2ee66ce445,0.5044821931670653
naf4f735baace8ac,0.4976805010092657
naf5539094c24a72,0.4998168593251786
naf596dff61f1ef4,0.4936879012995091
naf5a6108d6e98ad,0.499000053210313
naf5af97932ac83f,0.4965855965955455
naf6240815d1a168,0.49800601236632985
naf639f446f908f9,0.5046319838025258
naf6f6111db6a7f1,0.5007602621546918
naf721bce972c791,0.5081196843054172
naf74f44a85a932b,0.4942369886234474
naf798d9b5227bfb,0.49416439199672335
naf7b9258b0c2bc6,0.498326079335059
naf86705defeb69b,0.5064480993595749
naf8be148c211502,0.499181455332083
naf8e4a28fb3378b,0.5068261122172907
naf950851234834b,0.49693613414786064
naf9806f2461b033,0.4970041548548097
nafa5371846e9e06,0.49803327464491637
nafa737a88c24cd1,0.5011855944029515
nafb6bda8f8b3b2d,0.49377870223006565
nafc3ba46aa08dd8,0.4989136329774159
nafc835bc5ca1152,0.492740391362587
nafc93f16c23e593,0.4952922036829317
nafe6880b3864f1f,0.4966294456871217
nafe90631592a643,0.4996225224570167
naff153105d05e50,0.5001796221219567
nb006a4613cbfd5c,0.5062837725779983
nb00c78075eac0c3,0.4999941994379375
nb01553cca334461,0.5039522457177753
nb01ce0bdd671105,0.49987909760257554
nb03e3da1a4548e5,0.5024995525981952
nb04183a0cfd8f13,0.4948234526791083
nb04e1ea2d94e948,0.5063318603861842
nb053a7d0fd83d0f,0.5055347191443836
nb05c9d251a9c3ec,0.49762673207548264
nb061a449630d020,0.49920357075856875
nb07ccd7b9dba3a8,0.5001724686203467
nb07efd2162ce5f0,0.5078457728101464
nb08084962dfdb81,0.49957541937396344
nb09bad5db54a09a,0.5031775526364944
nb0a4350e34a2ca2,0.4945979621659688
nb0af1cee04ea010,0.4962961019314031
nb0c3b6c87600790,0.49961201461476645
nb0cbdd0843438be,0.5038211145233877
nb0d86182d77cfb8,0.5021983602810828
nb0fed3097ef803d,0.5039688819712315
nb1070a27deacb77,0.4942267105756764
nb111bb24b1e1c3a,0.4992732495583833
nb11870f51fd0cc5,0.5017125098112026
nb11d521511f8fe5,0.5006147234040761
nb123268c22d075d,0.49997705349900096
nb129b99459ab4c9,0.4978856840841349
nb13a19cb9051e2d,0.4959191068983162
nb14bb0de3642c43,0.5040797065189264
nb1576a1f397cd2f,0.49896146008397846
nb1589a58d282a9b,0.5057220330995358
nb15bbb738f197f2,0.4987299938582931
nb160438cc02ca29,0.5020014045432303
nb16b396fffd9739,0.5039869719902433
nb16b6ec3fe96014,0.5052673849039687
nb174c1998930aed,0.5053706177324871
nb1a047b1e0b9352,0.4979347660878568
nb1ac2bdcdd3b400,0.49943981318126346
nb1aebc9e15a6702,0.4945459792372197
nb1ba84f7250d481,0.5064102701278621
nb1bd3b2f93b5935,0.4956953614174145
nb1bd63cac1aa768,0.4907383529111134
nb1bf53223f4fd86,0.5018673286988925
nb1c1fbe31474c7c,0.5008454166469981
nb1c826e40caa297,0.4996549140778509
nb1cef512b155be8,0.497691160391774
nb1f8222b36edca5,0.49637188754797623
nb1f96075bf102af,0.4953400899498667
nb1f9ecbcad57b38,0.49563791392380335
nb2016df4373072f,0.4988812279408498
nb207b77556db01b,0.5065072498315254
nb20a261aef8887f,0.5037587704920824
nb2349722a7cab38,0.506396480547433
nb235a1cc420721d,0.5045184677031278
nb244cd433e8d6a3,0.5007177616143093
nb24c2c2cb4b5004,0.494103053749631
nb251964fcd34c4a,0.5063212263324685
nb255a9fd9927020,0.5018168082683789
nb25e7a74fc1156c,0.5020296032705588
nb25f000953d1ca6,0.4979943768412209
nb25f8528b66d9f0,0.5052011931829381
nb262621f1249392,0.49504734345660806
nb27f43ead9c31ac,0.5036355143083235
nb282de8ab483c27,0.5102254715206421
nb2b899188e368b8,0.4967731651637688
nb2c526109aa31aa,0.4965231449595827
nb2cf750cb3904f2,0.5044407570074436
nb2d3f04c9721b96,0.5022931561971503
nb2f6e2b0e1e7733,0.5009604994763407
nb2fb0b919ae9617,0.5009953621891204
nb3037638e1f5ca7,0.49710926545367207
nb3129bea1a8a34b,0.5084578554247341
nb31b6fc608368cc,0.5036060704466048
nb321e1c50c7833d,0.4964934297053449
nb33868e605da948,0.5060207311368264
nb3455902fd505ec,0.49646671347785337
nb35985c0fe9a7d1,0.5006184224064998
nb3677a68b406e9d,0.5014142694358384
nb36c78edc297823,0.497842430974468
nb3855a0f383e31a,0.504770591236185
nb389444f374b0fe,0.5103241768783885
nb3952fdc7a8d5eb,0.4956745463670358
nb39b540ff674453,0.49870556433302965
nb39d1d0f5751426,0.4998451047150499
nb3aff404b3c8ef4,0.49954534627261027
nb3ced0766f46f42,0.5010695506842978
nb3da81e5a12106f,0.4953769873024596
nb3dabc6bcde3531,0.49283623295883044
nb3e91ab511f4715,0.4998247338329832
nb3edd0ced166103,0.5020023959692812
nb3f40c39d1e3b6b,0.5104320154520303
nb3fae8fa2214338,0.49990623650074045
nb407eb0e4975d7d,0.4934696454069302
nb43d2f0839a422e,0.4998181760170342
nb440a4986c21c46,0.49564918038845535
nb45498e85b67121,0.4999334225281998
nb45726c946c2e16,0.49813229474548876
nb45733d36b695a4,0.5049308377094988
nb4579a0aa0de418,0.5039389532624051
nb45a658ea369178,0.49923518576866394
nb470c75413aaf24,0.5009708432169625
nb478bbda353c9c0,0.4970347591968856
nb478da8a30f37df,0.5034245952865918
nb48156b70fb07a0,0.5135345107163706
nb48cbd92b948125,0.49982451841234504
nb48ea081651602d,0.495562344231035
nb4922f916b851ff,0.49842367326297354
nb4926e07b52aa48,0.49599843703732854
nb49818e4ce575c8,0.5019843869128802
nb4adfcc639c589c,0.4976859980220494
nb4aea56a399ea33,0.5108045165666247
nb4c555218fdf655,0.49722426372067524
nb4cade3a661ac63,0.5026267466629709
nb4d53a098baf36b,0.4953538325886841
nb4dab527976785f,0.5042627546528621
nb4e18bd0fff8c28,0.5003879229220145
nb4e42d2b187e178,0.49551330128168
nb4ef812e29e522e,0.5032024047097787
nb4f673db9a00570,0.499580289858958
nb5005a6ba583e3a,0.49909568049238956
nb50eb8d1667a3f6,0.4971415173116185
nb51209f8d142092,0.503777130695083
nb5127947f27423f,0.5009472381615997
nb515bf4d5d61cdc,0.4975876146060966
nb5221e6cefb6960,0.5030841572090792
nb53657e6bea7b55,0.49982653525807785
nb5477387349fcd5,0.49408921690126034
nb54895d39a49283,0.5055383105475161
nb54f8dc45d8d5a4,0.5034871355678656
nb54f9a3cf1df2e2,0.5022245710754213
nb55914c9ea1e7af,0.5042219105480518
nb55b7d234076d69,0.4982355377830874
nb55c222dbbcfab8,0.5022060002891269
nb569bf579afe228,0.501424649461788
nb577c02c6b925e4,0.4949755923038864
nb5828d1b039592d,0.49520575013060314
nb58f3b76605dec5,0.5053650551067466
nb59b5f620166528,0.49756600420063407
nb5a54c85d371f03,0.5029570969761346
nb5b0ddd68febaf8,0.49790171050084264
nb5c2af7e6b55cf2,0.5009574735130766
nb5c348d1bdc4bf5,0.5018869545758247
nb5c34c1e14496d4,0.5052682468375166
nb5cf7c1e4dfd134,0.49904555963303393
nb5dce3fbc95d3c2,0.49470275995166746
nb5ecbd53907213e,0.5014715666990684
nb5f0d64156b954d,0.5011463711069626
nb60bc583ff152bb,0.49879685232963616
nb60c94a9aed6f11,0.49779296884076657
nb618adfbe291e8d,0.4925358985264028
nb627942c9e8304d,0.49669400352965615
nb6286bfc0bf1b12,0.5045838936296361
nb62f480fe30c548,0.5057261836892702
nb6337fd3f704f01,0.5000500807003797
nb64300b56a2572f,0.5028673853007324
nb647baf3623fb00,0.5030393504364266
nb64965a058a4a62,0.4932555270137746
nb656d7749525824,0.49102110946522626
nb658284f8c35eb6,0.5023466849584821
nb65b1dcd8fdf2b6,0.501027692173971
nb66223863209d99,0.4999814254721606
nb66b9b96b809a46,0.494956848099194
nb676e7e368d6351,0.5036946073624873
nb679bd29e168efc,0.5021543424889507
nb681e8796a63f3c,0.4934981698088146
nb6833f281279a4f,0.5040098990373635
nb68638322c8efa2,0.4992493405195013
nb690414e59d97bb,0.5074314568381645
nb690b03febda243,0.4981287755231284
nb697717b820fc00,0.4938740516102086
nb6997232279a646,0.492540062748124
nb6a43c698a50941,0.49912827564474016
nb6b3f9fd70e47ca,0.4997281962770447
nb6c97c607ba09dd,0.5040644466679759
nb6ebad3cd5edbb3,0.49681721851829164
nb6f2c3fed328664,0.49527452135811695
nb6f7666a68c22d9,0.4913829256602244
nb6fb25ab57d5baa,0.4986164183949219
nb702904b96e9ba8,0.5041871029227214
nb710c06b0a4924d,0.4948074301227258
nb71139f693d85b8,0.49704296024957073
nb712f9b1ddadc2b,0.5010604095421861
nb71cdf9096208dc,0.4986435095699612
nb72658bcf90a179,0.5017081308775889
nb73ca4ed143b1f7,0.5038463209281072
nb73f811161f3185,0.49959170913183204
nb7532c2a7221945,0.49952897642044103
nb763b637b550cce,0.49592528973074446
nb76723f06173157,0.4963251203149208
nb76fabe0296d4fc,0.5036398690244231
nb7706f286a6f437,0.4936205933440417
nb776348293ac7b9,0.4995868522978657
nb77fa2505b6e31d,0.5005996298650557
nb788f620629dcaa,0.49439772863496595
nb79742a11b3cc32,0.4961695216103274
nb79dbeb45de2bab,0.501073277205545
nb7a0bd155c42000,0.4998956744820883
nb7a74ebcc28e2a8,0.5000168435719057
nb7b14518fd9657c,0.4959241650569217
nb7bb263a2dc1c94,0.4947754114997852
nb7bff0ea42381ac,0.49742483961330486
nb7c2daee764a98a,0.5005184384647375
nb7ce6ac79f47480,0.5042423463834084
nb7d296158c65c6b,0.5084218042049437
nb7d754713ed5265,0.49488974945034253
nb7ee3b95296df78,0.50601117085415
nb7ffea86f5a3e56,0.4998575527435569
nb80b8f54028d462,0.5042410656878068
nb80d8b3bd4a7220,0.5028540368068143
nb810735998e2b0b,0.4938131549138526
nb81aa3edfbb028a,0.5012791786929984
nb825d62c2a02025,0.49526819975210984
nb834f4e4c275995,0.5054424430639851
nb83c2f608713af1,0.4965481598896653
nb83e2db894640ca,0.500892078160886
nb8412e0f22ef22a,0.5044180179314193
nb842d16cca98113,0.5029439860777996
nb845773a7bc6240,0.49679586656772545
nb850245123d2b4c,0.5035448684432314
nb85914cc0d83a40,0.5029711523266646
nb85a211323b10bf,0.5001026437924344
nb862e65bd4fc565,0.4946718909628695
nb886536e0a7f1f6,0.4933859618252821
nb88e6de14933bda,0.5018858036294488
nb88f40724952c91,0.5023268499844052
nb89536908101c92,0.5018271326197805
nb89d0bc3d32c3bb,0.49784120014721234
nb89f95cff787d6b,0.5058793440260798
nb8aac41dc53c602,0.4934821644421674
nb8ab52ed1e2584f,0.4995144241488893
nb8ba4d1a9d5bb80,0.5024953852143034
nb8c0e7715b48c2a,0.49382462069207894
nb8c2b85775fc1de,0.4963994237649895
nb8c62f76c242222,0.4911634690527018
nb8c962a61f00a39,0.5032161159582047
nb8d0d8a2597a10a,0.500080970189062
nb8eda357f3cb059,0.49681265312682854
nb909efedd30a3ed,0.4907296191434018
nb90bcc94c9e83d9,0.4993583571731971
nb90dd20987fbfdf,0.5068344216176881
nb92a3f91f1f5322,0.4990739600928642
nb934e51d45a8528,0.5030513789404473
nb9375d58b52b286,0.4993206043365832
nb93cf8353835096,0.49927914146473096
nb94a34e485c4f5f,0.49491084371531996
nb954c411b3da799,0.49670939539460635
nb95b38e375becf8,0.4975152209566815
nb9647c07149bdd7,0.4989440098514869
nb973ddf9934570d,0.5027952896734518
nb979b7c877192db,0.5045430791000914
nb983a74807a9236,0.5031184332724415
nb9a87dac797a22a,0.49930745756577766
nb9b6924c090a031,0.5024360789636481
nb9ba019069783ab,0.49819436687840185
nb9c2fe72d76324c,0.5030998367546535
nb9c4741da455e43,0.5026425373255218
nb9cc5d3d82325c1,0.5017800261975679
nb9da54ab62f102c,0.4986359049921817
nb9e12712b73fdff,0.498536701240428
nba131c236dbdf85,0.4966322237644799
nba1d517429d53e0,0.4979508272372516
nba223cd5932fb2d,0.5000645255784583
nba22ba6453f617c,0.49914709881409103
nba2f57e2a7a74c2,0.5033721494256341
nba344dbb9731aa7,0.5008157247752568
nba36bac4ffd3e65,0.498040850848134
nba3f17b95b153ff,0.5000070391955387
nba400765e96b271,0.5027846303547543
nba4761034c6e57a,0.4981168966753283
nba49842aa66c959,0.4997404557197283
nba4d7b51b913597,0.503777894844879
nba5976cf8b3842d,0.5066084492051129
nba71033315d0b0f,0.5026271698552887
nba76f3f4d028f24,0.5023235153316056
nba81d080e46b842,0.5043251108704364
nba872dd51d5768e,0.5000167445884138
nba8f7ed8b9d772d,0.5037266802723445
nbaa13444afbd7c9,0.5012130698244205
nbaa31437a2e34e5,0.4949293130993061
nbaa613c4389b61c,0.4957006423869393
nbab9af4e86dede3,0.4988886991086567
nbabdd77044b4615,0.4987348685903411
nbace131fd87a31d,0.5010459041920228
nbadc22afaed9a0e,0.5032514661174491
nbae1cf7c07f2f12,0.49509651102820973
nbae90b9ad5adaee,0.5040719718040286
nbae91b692fb4a3d,0.5025804115508378
nbaeb052f38ea97d,0.49236569412459874
nbaf774d4d71908f,0.5007835466908752
nbafe657e3280385,0.4997460356021719
nbafe7867d9aa721,0.4955033330373866
nbb246d2247a8ad5,0.4986087006477355
nbb24eff18df5ea2,0.49893058652506567
nbb3b6c1ba1272e8,0.5002065115490318
nbb40bf87250d856,0.4995707090003235
nbb77c681c034e21,0.5014567142777427
nbb815db3601b900,0.504981124041507
nbb95bfda0340166,0.5002068041661455
nbb9e1fb0fd07f7e,0.494103082074099
nbb9f250da89a2a9,0.5016661978964155
nbba37f3162b4d94,0.509156551223788
nbba3c9bc307b790,0.5024106440673461
nbba75b20ecf8502,0.4985702583239843
nbbb0b8dce33e511,0.49495466486954065
nbbb6516afe9a9b9,0.5013308007987104
nbbba978215575cc,0.5023910892371087
nbbbfe5402375a80,0.5075033019012405
nbbd2e9c024a1e0f,0.5040378562301799
nbbd43a163eb850c,0.4983213097448969
nbbdf7279be61b08,0.5057668809474576
nbbe678db02fb114,0.5009366187175459
nbbec85169b4481a,0.5005129194358646
nbc0f4776c348c5f,0.5020216253911288
nbc1a5f9c0bd9dcb,0.48449613598198427
nbc1c03faa6a38d3,0.4996839459539058
nbc283b9e38a59fe,0.49802923745653543
nbc29917ea20d93a,0.5022063902819126
nbc334e55a50eb63,0.5035060966098023
nbc41d1809d29338,0.5019028320422996
nbc7228088f301cb,0.4982203026512587
nbc8038487d0154d,0.4972614888330108
nbc8ebb9132767de,0.49808522576499437
nbc9999c4aba6941,0.510205725590454
nbca3855f3a43aa4,0.5016141200832217
nbcab1f85812108f,0.5014385527519513
nbcadde4ca3a9bb9,0.5042435018616878
nbcaf75d4e4d236d,0.4968967049275686
nbcb7e1a78c04903,0.4956295323351408
nbcc906c50145ef5,0.5029546482114521
nbcd09e861bb4343,0.5040888611677857
nbcd0a6fb284c22a,0.49592098422777003
nbce07f856e42ea5,0.5007409220550632
nbcfa63c812ecd88,0.5048310828553877
nbcfb661ed6be8cb,0.5104739396425323
nbcfe7ef78078ae6,0.5021527443012228
nbd08c3af871c08e,0.4985231791161018
nbd0be0b1349dddd,0.49708564897013774
nbd0ec137ab35b19,0.504002037768936
nbd416d2f5da84b2,0.500572886635684
nbd4d9eb88b231aa,0.4986993362749074
nbd628266e116b75,0.49714572437143173
nbd6b7dceb413c0c,0.49693937793031967
nbd7a9772560e4be,0.508980471231739
nbd7fde34dfc6372,0.5064402711782688
nbd82d517f00b7ef,0.4953497258230663
nbd83f3e106d1dd2,0.49977086971877177
nbd87452f0bbb7cf,0.49958586397555754
nbd93abe34b9d2f3,0.49569121437452535
nbd9d1e46303b1c0,0.49365650935269356
nbdbc313cf8f4716,0.5027949306097915
nbdc71c61425fea2,0.4967900673533225
nbdca478e8d0d97d,0.5025642072710383
nbdcfca2ed3da214,0.49673499642170577
nbdd2559912ec7ea,0.49629045168000074
nbddce0dd8b86585,0.4944348785857033
nbddde84e369c9b7,0.5139435636338484
nbdea7c2ac955a0b,0.5049698273272347
nbdeddc8d8b968ce,0.507015897940676
nbe013fc964477ec,0.4966999539369255
nbe047a0136bed8f,0.4932210541006286
nbe221c83581b388,0.4937733974410694
nbe27de6848d30a2,0.49717296959081475
nbe315ea43cff292,0.5005415573942523
nbe368702af2530e,0.5017226859407422
nbe476f0939f2296,0.4962749829204859
nbe4815079cc748b,0.5017229535358382
nbe4c6573c4528ee,0.5020425079299415
nbe4d69756187b8a,0.49841844236200084
nbe550b17b0158ba,0.5007277166593758
nbe685d07e502729,0.5037915801547467
nbe70e80066ab0bb,0.49624833058720436
nbe7aa41b036b6ae,0.4941458700666544
nbe86b0b252b37ff,0.498423970551426
nbe88f2ecf04cf41,0.5056099719796204
nbe8b5b2f115178d,0.5076334783921471
nbe92ef3f5608aa1,0.5033089267635438
nbe9954666021803,0.5041486523091994
nbe9e617fb6a09c6,0.4981416977687408
nbea14a603f0c22e,0.5039224068579391
nbeab995d449a824,0.5026366366629542
nbeb3213f85ddda8,0.5003744043599117
nbeb365333d0fcfb,0.4998499903482538
nbeb39b267e3527c,0.5015700279085835
nbeb899f5baba8e7,0.49448593420869824
nbeba2a5f5da397b,0.5038796994940917
nbebed1cfc78faee,0.5045539714958713
nbecf94b861760ee,0.4997133786880417
nbed1043b6ac3c34,0.49339819529573536
nbefe3a527df5895,0.49562350959605245
nbf0195278bb216c,0.49441336164492067
nbf0da0d40ed8bcb,0.5055791666396778
nbf17a176372d2ff,0.500909177180191
nbf1f72f7286aaf2,0.5064430613430001
nbf2fa8927ffe78d,0.5016489490678269
nbf40bf39c34d188,0.4978844482784568
nbf456457cc550ff,0.5061527531997295
nbf4746a61e5f49b,0.5071261352400609
nbf544e8786f4dbd,0.5049449939249826
nbf6e9fbd658ba46,0.5011905045312575
nbf6f8fcd95480b3,0.4998163431810297
nbf71c9bedcef72a,0.5103575102696208
nbf76332c1a0bab3,0.49840750562162084
nbf775312716ecf2,0.5043612105240158
nbf86317fa7b3871,0.5019614255695853
nbf91a660aba787b,0.49642947528013703
nbf9b4f43a3cb4f1,0.5037745438065898
nbfb0b6faeb3d70a,0.49764168048335883
nbfb151ad6c4c5e5,0.5029271397983271
nbfc84c36158bf00,0.5020515226709225
nbfc9b767f962464,0.49313865342639174
nbfd0651c38ca9db,0.5084307602493687
nbfd2b12f3e0c2e0,0.4993228692609711
nbfd75aff0fd5d8e,0.5026587298740215
nbfdbe50fc474996,0.49424283354270543
nbfe1e209c61ef8c,0.49745205380863894
nbfe4b193bbd9554,0.5022485686982245
nbfe5ccfeb138267,0.502073763732969
nc01107864fe7c96,0.498265921035901
nc0117ce01111004,0.5048829835574494
nc01c4e7d1967563,0.5035515922736881
nc02d9d506f8c1d8,0.4945487223228769
nc031197dffd3bda,0.5030224675990532
nc03f09fe5bcde47,0.49886632402055736
nc051ab7701f6d11,0.4888829827989695
nc0620be2d49b5e9,0.5007025804809104
nc07587d515e139b,0.49123349854039455
nc079e8467c65e74,0.49805176318571165
nc07df308c83a33e,0.49789024732962633
nc08416acc220516,0.4932675938914282
nc0885a4ff414d10,0.4931384656822751
nc08a695804c1846,0.502022657607176
nc08e270493849c4,0.49550975049508544
nc094c42606c66c4,0.4969393289410177
nc0a647d06e373b4,0.505311453179813
nc0ae3796dc8e42e,0.5031637502234095
nc0c3c1f9bb77984,0.5055253438978428
nc0cd4484aabc1f0,0.5002541016227522
nc0d162fff7658d5,0.49826250366933345
nc0d744b8e9e2318,0.5032627131154681
nc0dbcea8f112928,0.5015863459419586
nc0de777a7583fdb,0.4946467349844698
nc0e1a9f2f85630f,0.4955273722604687
nc0ea81dbe9f0fca,0.49831164746770756
nc0eb7cbc17815c1,0.5102175333312696
nc0f6458c060c356,0.48813086368150926
nc127dd50077665b,0.5024912074700691
nc12807e94cb8ee2,0.5001255674937021
nc1474de34b490ee,0.500018458480332
nc14ab33f8df81ea,0.5045085889173814
nc152cbb5b1c9ba6,0.501605649327642
nc157e17fe66dda5,0.49685936694039945
nc15bb7a204e2cb3,0.5013094370776265
nc1607ed1e2dc892,0.4918258161315806
nc17e69c746637ca,0.501427009556243
nc183e2c5be03d8e,0.5088025133019531
nc185a085df807b3,0.5023746414165049
nc18c375eb6565a5,0.49234276077815897
nc18dd04abd89ee2,0.4943841870357338
nc19241a9aad35eb,0.4945789763441236
nc19bc029996dd0b,0.49635096041340904
nc19df6ab860ffed,0.4975537692918067
nc1a70c9e974ccdb,0.49721196916104865
nc1af96a5a131886,0.4967082715081296
nc1b11d79b7def5a,0.501898428515351
nc1b8b71bf7b9a50,0.493571074714262
nc1c44e95993afa9,0.5066932962197236
nc1cf7cf562a7312,0.5016305630648272
nc1d21838713f036,0.4989108591800602
nc1e0f9316593d6d,0.5020778277551062
nc1f120e24c44b9a,0.4934875908005357
nc1f814e73c60898,0.5070258524846949
nc1fe14c811b085d,0.49966404719687163
nc201f70a6d6a8fd,0.5004823197731141
nc2030c7055f02da,0.50290987898766
nc20d96a4cabbf40,0.49839975783800883
nc21c3368c601420,0.5058209334057995
nc22ac6aa478170b,0.4989049656504898
nc237983be8e7c92,0.5014200885157548
nc239d72c9c7e054,0.49286233190337686
nc2424f3d917d30d,0.5009343409810287
nc24d05016e8daad,0.5014820158719615
nc2517e613d8988c,0.499617232531775
nc257a41e82bdd9b,0.5041932651113793
nc25c2e2456b618c,0.4988200345639911
nc25fa28103d532e,0.49469184670077265
nc28dbdad7be76d8,0.5019083331424667
nc28f7e607dc4874,0.5004222872289775
nc299c649685337a,0.5004985141401678
nc29c6373f76cedb,0.49754182940388697
nc2b5d0085458fce,0.4981343346332635
nc2d3b5dd2a99459,0.5020542310646844
nc2e3b1f03eb8688,0.4951528444095122
nc2eb4ccb611469b,0.5007630070383833
nc317a79aa73b0df,0.5027317654576852
nc330b480297c4f8,0.5013244955551223
nc333d055eaf00b1,0.4921431269941673
nc336991ba401cc3,0.4996971528071211
nc3512f9ab6c7698,0.5065903403924084
nc35fda9a0e599de,0.4943769140446912
nc367e062a46c06a,0.5023031930242186
nc36b5fc19f55346,0.5013626505794334
nc36dee0568975ca,0.5092118087354268
nc38c8616d1c244d,0.4964372817921882
nc39bb95ca9fb899,0.5041537544516437
nc3a70c07d24dab7,0.5009274652091391
nc3bfc6634f2a556,0.5067445201354253
nc3c18c3dc7b59f6,0.5010998971461783
nc3c8d27a48da760,0.5031707467231846
nc3ccb6046922740,0.501844743195691
nc3d5c1d4521b113,0.5005900266906166
nc3e7e4ea7cbf28c,0.5002748137644918
nc3ecbdc63b6ad2c,0.49519669268023553
nc3f178a6591a290,0.4902781297785915
nc3f4405bcd99cc9,0.4996520454727684
nc3fdfd33ce27833,0.4947761248690734
nc4074f62ea28352,0.4992132624553887
nc40c3312ca284d3,0.498440198590732
nc40fe6a3e314190,0.5010260142140804
nc41b3f17a64f0bd,0.4967156816130967
nc42036d9e4a863f,0.4889993124681914
nc422b7e90d8e813,0.4940399247770931
nc436eb8960df7d1,0.5031198302169225
nc439519a1bd5124,0.5049507208407175
nc4396232d007c6d,0.5059065263740685
nc448a6ddb312d01,0.5012256110968685
nc44a64e4ce8f94c,0.49451656386426407
nc45e071ab723216,0.4961915111115652
nc46f70928736111,0.4996649553195804
nc470b6323a214f5,0.5021261877197104
nc47764f2aa28793,0.510385243886047
nc484ef383f5231a,0.5009464335582811
nc48d5a2be478929,0.4973309773529826
nc48d8a58dc4bf86,0.5008423038996853
nc4969dcd9b5a656,0.4982550097397434
nc4a231fd671e444,0.4987502780816528
nc4aff2fe626758e,0.4965101770805535
nc4b12641a638845,0.4875060698331002
nc4b3aec9bfc4c45,0.5063959009624096
nc4b63741f550082,0.5016929994475826
nc4b7efc8b5db533,0.4970226994580129
nc4bafaca9fe1b18,0.5105445837514121
nc4cd664a05702a4,0.49605806460998697
nc4d388a5bbef631,0.5010291353297405
nc4d89fcbb523dcf,0.5050022383132222
nc4e10d69f699a69,0.49514161311692617
nc4ec1e649365421,0.5028568341893239
nc4f67fe05b9b38c,0.5014795166634336
nc4fdd3dfcf40c8e,0.49303623238749233
nc5120845ca6da95,0.4962688700287476
nc525e7f4edd262e,0.4919421927841926
nc534e97a985ec80,0.50108064338128
nc55169cbcabb5e9,0.5047744065607862
nc555372d712a77c,0.5017315385159019
nc5622dc093abacd,0.5028319898987375
nc565b7225103ee2,0.4984441398744544
nc56ae8238f8e04c,0.49682219437090486
nc5765d3ac1c8cad,0.4958634975046986
nc585330ea5f7d68,0.5030384859729733
nc58600fad3bf636,0.4966426876816852
nc594a27a0662b11,0.502095204028806
nc5a23ef0fef859c,0.5050362863547115
nc5a54372e7d8d36,0.4997673976842337
nc5a9643c37b0794,0.49831650619543505
nc5b9d14c5c63e7d,0.5054454752659425
nc5b9f464cffd2ac,0.49658958743865533
nc5bfc3f854ee395,0.4976497415356002
nc5bfcb4ba98b1a1,0.5011634115050974
nc5c66049b9172c8,0.4962812572762219
nc5c81b4ebcb90ca,0.5055738383182576
nc5c82656d66c390,0.5028281989065475
nc5cc1bd1bd2209e,0.4971724389806552
nc5da785d533a516,0.4970309396321702
nc5dbdcde045f9f1,0.4982407149569867
nc5dfb2384d981b9,0.4993065466702851
nc5ea0a4d96e345f,0.5030751007494686
nc5eb8167dedb181,0.4978565507608188
nc5f3b4e781c2427,0.4982939439744125
nc5f7e7d468642ef,0.5016505934601501
nc5fae672c5f86db,0.5003423009403635
nc5fc172e94de591,0.5004489807501059
nc5ff268f93d4008,0.5027457972306196
nc61039851241e2a,0.4968876054036151
nc6334e21224f84f,0.4974747217571513
nc634fa499fa7114,0.5016136528599383
nc6517d2abaab797,0.5002455061971035
nc65725252a3fa68,0.5015806959170187
nc65b5375072e513,0.5052775187427684
nc6621981798b91c,0.5076866935523845
nc663b88b01c0973,0.5054399680758508
nc6759ca31853711,0.5103646782937187
nc67d8e472519523,0.5016889335755128
nc67dc26d85416ab,0.4970810495724522
nc6a0d112ee2c0bc,0.4945075579020731
nc6a9d031ac825f1,0.49929670121818254
nc6abc17cbbc0cc6,0.5024588969511351
nc6b6cab685153f0,0.49725802218334225
nc6c550e76c25a01,0.5019036435569656
nc6c65d2d81cf826,0.5035872059914642
nc6cf7431f0a6430,0.5048202634184586
nc6d057668c4a03b,0.5018649515441043
nc6deccd84d13401,0.5007918801921246
nc6e1f23377d402c,0.5029505389837807
nc6f45d7d2de7a6d,0.4974707436799644
nc6f5af8409e9a62,0.49731016116188065
nc6f7e8a6fb8fc20,0.49422554509644684
nc70de224abb7584,0.4997825560227966
nc71829a52225551,0.504174936702073
nc71f2361a0e6e2d,0.5015290964643261
nc7224b80fd84a9a,0.5036671832240436
nc73ede2bcd4802a,0.5021614101172149
nc743b8b06ee4cff,0.49427695616930056
nc74a09d4268df40,0.498688215685124
nc74ebd950aeed29,0.4981361628028746
nc762ecfed7fc8f7,0.5024077929804815
nc768f0cdae45be2,0.49947064769236355
nc76b6e73c3097c5,0.4964536686397593
nc76bc287cc6f43e,0.5000748834115167
nc773c341fd05ab1,0.4924179112375254
nc7757b59786dd2d,0.497130785709928
nc7779f36a90b51c,0.5082901176683179
nc77c3504d7f9a77,0.4977579796491376
nc77fa88cbd7bfa4,0.5176563702226724
nc78a0ac596d6dc9,0.5045648693982833
nc79aea3485c90f4,0.5004455172205118
nc7ad265000ea3a2,0.5008645696199724
nc7b494b5cc0aa2f,0.49249244318342994
nc7bc25817429562,0.5001627138013814
nc7d473bba42c8d1,0.5017770331390148
nc7da24c06be7f1e,0.5028146705183651
nc8156be4b7d6bab,0.5045431970169111
nc816e593c7db4ba,0.5009520007142587
nc83154cc9a8af4a,0.49913951900460546
nc837170f268339e,0.5002351686780341
nc84a5413364026f,0.4926925038366504
nc853ffbc35c9cb4,0.4989147556166939
nc85d0c7ea224607,0.49981806294657477
nc8664d32f55a43c,0.505143528252834
nc86bce5bdb40e2f,0.49047588446641655
nc871543e210847e,0.4910734763730264
nc874483aecd4538,0.4969004061937195
nc87b0fe69be109b,0.502435610872715
nc88110982f60e28,0.5031377300330817
nc8990b4fb32925b,0.5029102746552705
nc89a1ac330aeee5,0.5001779758824361
nc8b80ed1c5c1b94,0.49795829461354374
nc8c926035f71d2a,0.48593200312606283
nc8d7b63d86cc18d,0.4972374926687952
nc8d830816326254,0.5014014837002697
nc8f454b38cc4478,0.4986735525299574
nc8f702c33d8ac23,0.49933305099822556
nc8fdfe8a40f011c,0.5009299630975219
nc907221dc3ffdb4,0.4959930461901513
nc914749fa40b718,0.49552166751837207
nc918e1b1c888bfc,0.503154200829681
nc91ff213d79154f,0.5063700944236103
nc922917956a0229,0.5035246091173882
nc923d80b2655f7e,0.49959619529467686
nc930f29bbbb885a,0.4987152007206505
nc935c714848ba6a,0.5012331634511507
nc93735c8fbabb1e,0.493655346598576
nc93ad46c208cfc2,0.5008355794190957
nc940301e52e6feb,0.5003779390216709
nc9456cafd854e4b,0.4986832126884708
nc945f3b48b7a34a,0.5010232227919026
nc96528cfba12a0e,0.4976969918885034
nc966f11286b39c7,0.5014147439781081
nc96994c88c6166a,0.48892270909491387
nc96b81afd02e4f3,0.4955453627754906
nc96c07c198f5ddb,0.4997655515691238
nc96daf95210a7b6,0.4922690574703224
nc97c9ae07db38f8,0.49750716578105997
nc97f55ff63a1c4f,0.5011951407406487
nc9892c996542d6d,0.49830607768826685
nc991a87fdc6af01,0.5118801184153771
nc9aa581fdcfcf99,0.5003037870985105
nc9b0ba083808f7f,0.5011376768933199
nc9b90b39dc8bbe8,0.5029410922606941
nc9bc78cd1aa3e02,0.5027081518531059
nc9c3ac1f0e8e990,0.4888555302319207
nc9d78813d9e04da,0.4972784897023155
nc9db319aac6c9c8,0.5050415284515066
nc9dc862b238592d,0.5021092893764943
nc9df946efc90ddf,0.4993640302183582
nc9e65ad8d75a0fc,0.5023066309487905
nc9e8ccbb4df46cf,0.4944420186871951
nc9f885f5b883b57,0.5007871900661409
nc9fd458d46c432f,0.49899877174760987
nc9ff6e1d745013c,0.49696746552496884
nca0952b14ee4afe,0.5020902425972925
nca09e3ebc0859df,0.5000302343310851
nca1a9ffec05c1a6,0.500647873677061
nca1b88dc46d1727,0.49354136035262475
nca34f76556e5aed,0.49936419794980097
nca356f165abdf20,0.5034507193446142
nca41d7c7ca77d4a,0.5023876295770225
nca4427b19bb8373,0.5130713596139251
nca4810bf9b35b37,0.4933606162700351
nca66cf36a1a6270,0.5014127655150996
nca66eb5d2fa051b,0.5014136427939752
nca6ddb8fb0e3e13,0.5047390393390546
nca8438616b4ce9a,0.5072455688138139
nca902be150a3727,0.5002226944470428
nca91484701426ec,0.49950530329941545
nca9adb2f3d1d2c3,0.5030747697405407
ncaac46b5f95af7e,0.49876559294344075
ncaba8fa4929bc69,0.49387504279059424
ncad1789429d0597,0.5043526991207449
ncad1eae7aafa0b8,0.49985551049008675
ncad2d7248ad1424,0.49528909730329457
ncad2db35b8cd21d,0.49841307062257306
ncad5247a2adbfac,0.5042114811289623
ncae9872f48610e8,0.49077795633255245
ncaebacb4f06a97a,0.49723209844998695
ncaf33fd8b09e4e2,0.5040439192216757
ncaf45fe847289d0,0.5031257962710961
ncafb95398f8c089,0.49830886062011986
ncafc853785eed32,0.4933625534102923
ncb0080d6b129ca5,0.4991982824956118
ncb04a49f2ab06bf,0.5001569421794251
ncb111c6729be7d8,0.49312582102401004
ncb15869aa453899,0.5061535938931484
ncb20d31b041535d,0.49608374719680787
ncb31f821ebf1b21,0.5015580155898346
ncb349b1c1fa567f,0.49311645389553166
ncb39c04bb5c8dd5,0.5026380541367097
ncb3ae9f0660fbfb,0.49899080313470034
ncb3b6ca75abd16e,0.49656888183240294
ncb5282b9ed9bbf5,0.5009942769877864
ncb6d3998389f529,0.49280927344402403
ncb7a49c78746c2c,0.49560445411611614
ncb8d7060604fb2f,0.500229721940321
ncba1b0f27da4e80,0.5098131309763538
ncba8fbe03077492,0.4957540816511619
ncbaaee138b87fbd,0.49116525152886503
ncbc68def9d1ca2e,0.4993595848492887
ncbc8c3c0ef2d123,0.5048696799866921
ncbd0bf9cd310435,0.49158399783073703
ncbf5e7a1e475beb,0.5065698435822298
ncbfbded0745ae0a,0.5021867676991637
ncc0fb0188b56808,0.5029422814744361
ncc130fbb345c68e,0.49570461883225064
ncc191198725f272,0.49724010980050504
ncc21f9884fbde1c,0.5079371240280831
ncc2bd60ef95b966,0.4949388149806909
ncc2bff1977381e1,0.49933953777410256
ncc4df0554bf7cc5,0.49756824750345124
ncc50dd102079618,0.5026070825358597
ncc5e634c9929f3e,0.5013317506880919
ncc657d3928e90fd,0.49687602065996395
ncc6827927383c2d,0.49572695899062236
ncc70b5df84aa94c,0.49761946927442696
ncc7ad5c2403f54b,0.4983838386625331
ncc7f5a915763b2a,0.49318573922761627
ncc979aeb2626b7a,0.49149795716618194
nccc20fee0dac448,0.4997471459896335
nccc2c55539b751b,0.5023200280110034
ncccac505afd7b3d,0.5020051311450433
nccd3a0764c39a5e,0.5044794659645789
nccd7e6304afcae9,0.5012457071993422
nccdab02d7ff44b4,0.5026280082691775
nccea76daf49f6c1,0.5001651712894748
nccebae577bb61cd,0.49711293932908823
nccebb8ec17a517a,0.49179086724034
ncd00cef884fcdc1,0.4992215888357522
ncd06bb64494b226,0.4967573172362083
ncd078e5a74d46c6,0.5001056797628226
ncd1666eb14e26fe,0.49576204915348215
ncd1ed54c50afe7f,0.4991013687206714
ncd269753ad6e52f,0.49587628862200317
ncd27cb1ed5d42b5,0.4995915601766613
ncd3057c87ff3bee,0.4996926041354873
ncd3225be078de51,0.5022819011690643
ncd33a7e301aef8a,0.5053200931283246
ncd3f6cb04fce975,0.4958020060783444
ncd58d4d92e5a521,0.4928579598492653
ncd5968adce87eae,0.5027530963354362
ncd5ac9e1aa76ffc,0.5007009730774391
ncd75684c6f3305e,0.5025870096165485
ncd75b3da88ad669,0.5064129971390328
ncd7b05e44cc5fd2,0.505885035452567
ncd7c5fad2c14edd,0.4985981379423611
ncd7c7bc9005aeba,0.4978190741173491
ncd8758ec9d7319e,0.5017815309319489
ncd887f57702fc7a,0.5003558669881981
ncd93c974eca2db9,0.4983503061498277
ncd9795a800d831e,0.4987863711600982
ncdb40da51789957,0.5045944768657112
ncdbf9ef02cb98b6,0.4970394543145632
ncdd46f948545edf,0.4945284982126411
ncddcd132a787c54,0.49947787216416395
ncde7c922c14d717,0.4999864705376718
ncdf7ab9a785761e,0.49904199472507177
nce061805749ac1b,0.4967951749212548
nce0ae4a180d6dbf,0.49900971079832235
nce1bfbbe0e59f67,0.5045492130151741
nce2a22cec282bca,0.4936150352116043
nce7d9da61670a75,0.5030601547013248
nce7e6f10639d359,0.5006769165269551
nce8241df7f13d53,0.49884502493311855
nce8bdf10363abe3,0.5004584688499871
nce8ce38ddd09c84,0.49777041052373794
nce8f61c4a47d4a1,0.49974607580803276
nce9dabf52723577,0.508023688991901
ncea4c001c21a659,0.5110288702974235
ncebd6dde87b9d42,0.5070223469515576
nced138a7beef787,0.4959771134055493
nced8b68266bdac1,0.5056598740019972
ncedb5fe4e5eb2b8,0.49798737147277716
ncedc50ba47aa73a,0.5065964519109928
nceeb4501234b79d,0.5022196946054254
ncef39af5e53b144,0.5031937560114792
ncef3aab89aa1853,0.5023757181632161
ncf04a78987468e6,0.5022509053933402
ncf0a373681df5eb,0.49697873813714405
ncf12ecd5443c78f,0.5011386350056894
ncf157f719dcaf8e,0.5004887491656419
ncf1621a950c4933,0.49715905612986616
ncf44ae26ea2b766,0.5029128205623985
ncf4e30ba93cb6e7,0.5018921662894527
ncf52bbe6244d0cd,0.49484824594065885
ncf53af7dfb0bf6e,0.4950879501065014
ncf55a0ad89eec02,0.4982106019646369
ncf5ad5f5de859c0,0.506117309075407
ncf5b4d8ade32d94,0.49995205716425656
ncf7dbc60da47b11,0.4974254073298129
ncf838d44cd9f54a,0.5030528415750098
ncf8a38be6a32fd5,0.4947711143277899
ncf93467928959b1,0.5024757178384736
ncf9c8b2f707cdfc,0.502487930646264
ncfa8b8e5f2699e4,0.4975916838270504
ncfad42d3f17b7ca,0.5053251458388415
ncfaf75374e735e6,0.504086747530873
ncfb2428c5fa5098,0.4964131414781884
ncfbd25ab91eeb9b,0.5084269913603601
ncfc0780ca6fa260,0.5004638316414934
ncfc2021ed61826d,0.5082474223162704
ncfd82881d3b7b71,0.5053229459978852
ncfddfdd40811597,0.4975707115417258
ncfe4bf3d9f6f1e8,0.4976609477952171
nd001426d415d9f8,0.49540049276864123
nd003c425857e63e,0.4973525004235731
nd00c581f1a54598,0.49450290296499233
nd00d7634ac0cdee,0.5027302883134496
nd0107570f03dab8,0.5031228579286663
nd01406f093a6d18,0.5033321315516867
nd01aeebf3b1e0b3,0.5019731659196887
nd04c0ea68906311,0.4962056710067535
nd05285fb368a0ae,0.501418115500729
nd0547c71d89c05b,0.49093411812440807
nd0587477624ffbd,0.5010512465495685
nd05ba11e23afead,0.49842636927844797
nd0781c3d8228838,0.496129289554972
nd07beec338a79b4,0.499152495833426
nd083bcc39aabeb5,0.49437500488504105
nd084c7dc43e7823,0.5011871193499111
nd0885db0bcd5dbd,0.5032166268843876
nd0a922107624004,0.5047430855382568
nd0b2d97e53f38b8,0.4998977860854881
nd0b49b855835df5,0.4975974342761447
nd0c28813efb5813,0.49443621831144224
nd0cbec220947bd5,0.5001800858693141
nd0fe5e0534cfe7a,0.5067351321552157
nd1006688bfb8148,0.5023341154809238
nd1060161e57d10d,0.4993961213991534
nd11057587d1237e,0.503323158855039
nd1353b4ee7f8083,0.5007072150775589
nd135747ccaa998b,0.5077139441019244
nd13fd0f36b15053,0.4984628630712782
nd140c6d94ce944c,0.5060033941359414
nd16359e568c250f,0.49852373672545564
nd16c7118234c1f7,0.510776446400324
nd170a07af76d0de,0.4998737490939753
nd1a8e9632cbbe7d,0.4969940077597565
nd1b1306d304d094,0.5046066755951926
nd1b2e5869f5b718,0.4980085554889016
nd1bf567ba8bcb6b,0.5004329684857599
nd1d14f00d7df02a,0.49890557653221257
nd1d23fadb8a1226,0.4961550981209441
nd1d4a3f126de6f9,0.5028891184939848
nd1dee94ba4722a2,0.5033484443128162
nd1e5fcf61b1d003,0.5010060205227034
nd1eb4cb22a9d541,0.5039624570941471
nd2008b3aea1b4f1,0.49577517629188966
nd208546786f7912,0.5043156335536519
nd20a11489b1e297,0.4995685273095641
nd21c6d5b18d0076,0.5082807736830102
nd221a2f874eaf89,0.4990402636965753
nd2294343510ae1e,0.49231755114851755
nd2294f61655dec5,0.500472212553556
nd233b4cd4e8e296,0.5006627500351902
nd23a7ee8d86382f,0.5024556129554733
nd240164ccc678e2,0.508966302642502
nd24951a2cfdb18d,0.4974674046672146
nd24cdc1942ed98f,0.498731836871132
nd256453d25c69ad,0.5007321689327597
nd25854cb1d47ff2,0.5015276298203228
nd25a822c4b73976,0.5039200086952613
nd25b21ef32ea99f,0.49710829705189324
nd25f3b6e7524c55,0.5028092554531393
nd2847d7b0df3a07,0.5015330588710646
nd29c43b1722f231,0.49544563014008614
nd2d0413861a312b,0.5014459657586058
nd2ed8d985bc6693,0.4955550305717209
nd2f05788f426575,0.5031087056223662
nd3049108f885187,0.49694010556701307
nd3101f5095d2092,0.49482948892363143
nd314eddba73768b,0.4987656656585882
nd319690156c3d46,0.5010534616016262
nd32dd9428dc4939,0.5014382517130308
nd3427055e769780,0.49051124329312784
nd35b371b291c951,0.49919333274296407
nd35bc00f4330638,0.5049389145443295
nd35f2b2802c53fb,0.49828359772615427
nd387ad599e348c1,0.5032543333063103
nd3937569d2f5929,0.49550308291750106
nd3b7f41ea08c2f0,0.5071694718917564
nd3bac59fd8670eb,0.5063419293764155
nd3bc0f1c9e264a3,0.49981459561163377
nd3bda26f695cadb,0.4979263258518906
nd3cbb8eb10a4df4,0.49824586415819155
nd3d616f83190168,0.4998954068038397
nd3dc95f7bc617fb,0.5004197544936348
nd3e5c3079036993,0.5026384001759089
nd3f3385c14be746,0.4968748212022065
nd3fc469d1b35211,0.5009293140373043
nd408419d03bf401,0.49908252721846436
nd42dabcac8453ec,0.49707454188866196
nd42f27392f54fbe,0.4967844333241164
nd43142cf9df9da1,0.49586971735684954
nd4343c60a6932ed,0.4975548349820314
nd4403db31c11edc,0.49620503336151117
nd4538e98573a308,0.4967654011690463
nd453eaded4e2921,0.5017592655713727
nd4546c0c33b00d4,0.49617983809614047
nd45b8b045dccc3f,0.5017771293566993
nd45dff9e1275419,0.4934140379046725
nd470d5813f77ab9,0.49230637174000297
nd47ad95d5492d97,0.4984172523899916
nd48943c78a81e4d,0.4982595176383129
nd4992cfc1983a2e,0.49877167315080995
nd4a3b7c07f22b4a,0.5005199502396913
nd4a7f856f1efba2,0.4983686669985396
nd4a8d71e080f0f7,0.5012962357575911
nd4aaf58e80699b6,0.4943227938607203
nd4b1188a3e029f4,0.5068254411757859
nd4b146c1d3f019e,0.4978148151952758
nd4bf4fc3f87696f,0.49705776120553696
nd4bffdfeab746d0,0.49777535059316874
nd4d4430efdd678e,0.5039078241082748
nd4dbff446d0385d,0.5026481277162985
nd4e163aceef96b8,0.4905855085953313
nd4ebe0d156d7aa1,0.49801843759653464
nd4fa8f221bcb269,0.49710710984296935
nd50114f976834d8,0.5048353885331305
nd5027bfdf74d082,0.5008111993809049
nd50a3ab24dfc07b,0.49177423068748477
nd50ba6df3e2bd84,0.5039209517734401
nd53ad296e27d6ab,0.5008261718656911
nd53cf90d028646c,0.49931295809295223
nd547bba95237bef,0.5143472961328872
nd5542b86b710842,0.49720291435190017
nd555e2e35b20daa,0.5025374140650364
nd558226f055da9a,0.49724040070116826
nd560dae2a5f7c50,0.5057512311489722
nd56e1b7e8c4bcd9,0.4951855413819654
nd5947c4f896039e,0.5042880499015734
nd59884c1a2622fc,0.5034085043635037
nd5b046b7a5b73f7,0.5001888665243633
nd5b680234233988,0.5015774375562729
nd5bce44982e948d,0.5001773044201101
nd5c00ac9d033178,0.5053867518004733
nd5d7b2e208cf5e7,0.5067182114672824
nd5e82ff4c22e464,0.498545183219091
nd5f74c1ca2eb540,0.49451796808489434
nd5fb72c57767971,0.5014740423241995
nd6096a46a303b78,0.4964677383070888
nd61ceb7b075dc76,0.5001350707142534
nd62567189032342,0.49970206674126294
nd64cd510826ddf5,0.5007215339564159
nd64e0870a45da73,0.5031287149698517
nd64ef2cb29f5b4c,0.5021313979010529
nd653cfba8f2878a,0.4933803300605597
nd660d446e077970,0.49905199362883707
nd66f47c201cce79,0.5002604108764482
nd674be1a6e86703,0.49564561988889616
nd674f1dd60440c7,0.49768663911064037
nd67779ce0b09fc5,0.4997774435014171
nd67b45503479826,0.4981361618007994
nd67b8936d75366a,0.5080592506937658
nd6837011f545a5b,0.501015905415817
nd697c1bdb35cc22,0.5089487920256598
nd698e65aa6a6993,0.49558416830442253
nd6ac04c76f2971c,0.4988221180482692
nd6afa1cc2385d16,0.4980139730568355
nd6b4c2d68ef194d,0.4989282237585431
nd6b52888cd6c266,0.4971780788185124
nd6be07e669e2080,0.49816116581734804
nd6c6349495f1c32,0.5042124801006641
nd6d8d8ff5cdc4db,0.49793049320744437
nd6e7048b4ac6a4f,0.49647058992244986
nd707f61e9b145e8,0.4980419493423367
nd716e4043c397bd,0.4960882917099682
nd721f99a6cf108f,0.498517396513305
nd724afeccba1d80,0.5001249725327777
nd73499eb1624b6c,0.5052907792237582
nd73c6a95cb5400d,0.5016227238527065
nd73f9031a965767,0.5016761375627552
nd76a778e51c0d63,0.5065841157659259
nd76b641c291d193,0.4977322880241736
nd77f2bdfb9bd985,0.4906887797826123
nd790f7d27127061,0.5070954135450758
nd797cf80bcf7bad,0.49848950682939425
nd7985c287830c81,0.49252902530600784
nd79b42060521ad4,0.502193354113803
nd7a158e7dbdc89d,0.5032212604898952
nd7b381e1e3f707f,0.49684120967763085
nd7bc1c903380382,0.5076601314091751
nd7c89b018b7a3b3,0.5023471502741836
nd7d3de2c35c893b,0.4936844264724514
nd7d7c53cbfb90b4,0.4982448976759006
nd7dbd67d847e071,0.4988830811426301
nd7e8ef515869b9d,0.49605852036964093
nd7ebb2dfacfc9bb,0.49890400408193475
nd7fd2546dda959e,0.49842344620954343
nd818cc46e85ee54,0.49510089875295404
nd81f9532124c2f5,0.49467640462549617
nd820eaca3b0f9da,0.4991987914512802
nd829d766e43c01e,0.4991161365198288
nd839b7695fb17e8,0.5027932701844781
nd83e1b1c8f58407,0.5033223893528894
nd863882b8dfc3a6,0.5036000929950923
nd8690d32b7ea7fa,0.5017499102087617
nd87d4f3a7c93b89,0.5010018669281637
nd897b5bf7c2dc92,0.5030971488511243
nd8aa66ab4e51076,0.5011634103882836
nd8ad361f002060f,0.5085332870036334
nd8ae87a68f12c8e,0.504809681146654
nd8bcf60a0ee900a,0.4976657922228345
nd8bd5cacacbaef8,0.503297336394775
nd8d2ad4078f2db6,0.499556857041344
nd8dc648326defd8,0.5021804048932106
nd8e20761b452d03,0.4950551546721226
nd8e249f5dd8f303,0.5063789070955821
nd8ed9b8b9180dce,0.5107510892580646
nd8f7b513a7d11b2,0.500448049404546
nd8f7e8c3b1f71d9,0.4976114266491599
nd8fca98a317bec1,0.49954304596923255
nd8ffc69a3eba7e3,0.49727703883372143
nd929a11442aebc2,0.5003374434038078
nd94d338ba9fa516,0.503335324613303
nd9544d86443178c,0.5012554176691969
nd95edd292a3c0a7,0.49881336993987485
nd960036a3020b09,0.5007643618170757
nd9724bbc2ea2e80,0.5009615102647809
nd97a9d6172bfad3,0.4986026483250314
nd97c924aebf6d83,0.5039094180693477
nd985a088c56f7c3,0.4885446637982198
nd985c43ab0095be,0.5039983360498766
nd9869d4bc97af60,0.4972469398875708
nd98e13ea0eb063e,0.4913767951890748
nd99907506e3c5e3,0.49601011518723925
nd99a16049593225,0.5034213026122907
nd9a4c2edc1814db,0.4951982383590661
nd9aef4367f9f2c3,0.4926519059558209
nd9b1f69edb17708,0.5022749091529757
nd9b5e794026ddd5,0.5048921836780865
nd9b9c357d6e55aa,0.5036015044729943
nd9bb8633bd781c4,0.4984065835204804
nd9c16ca08437da6,0.49637738380294655
nd9deebc84cc0436,0.5030103827490388
nd9e86850212676f,0.4960441679960924
nd9f30b7ea98589e,0.4950585047585667
nd9faec6fd30df9a,0.500242403513895
nd9ffce988c0fc61,0.49801445594960775
nda021d04b8b8736,0.5012199304763416
nda049eb29ef09fe,0.5049922055890327
nda08751c4d72534,0.51049457707099
nda0b896439d033d,0.5005864622406497
nda1a56e1c110c49,0.5066616290326101
nda2209aa9febe4f,0.5030635900380511
nda246b1d75536a8,0.5018630642348492
nda27479a7dfa43d,0.5012703661419275
nda2b8ebcbd00738,0.49801136113676553
nda3bbc56eddc1a9,0.504678386433895
nda3f3d1f0e2be53,0.49492018589397174
nda50f48e4cc1290,0.5021607346758101
nda51a5da1f4967a,0.5017106195869118
nda6a158d89cf079,0.4954394154916264
nda6cf24021f67a6,0.495928749385971
nda6d59b62eb3b4c,0.4953923438721171
nda7d510c43a3ba4,0.5031899036951343
nda8c01a3023dc9a,0.49046446466608734
nda98a461f33c8c2,0.4969945899609905
ndab7848468453da,0.49479233480124496
ndabff5d4d4876f2,0.4923306507469008
ndac33097da42891,0.5000088673373521
ndada4304bf7c747,0.5040217027191192
ndae4cbebdb07930,0.5038622117279773
ndaeb5a95927d552,0.49967770289509594
ndaf2c851e4de7d1,0.5086402085058466
ndaf886166501145,0.5008472746007867
ndaf91774b2e7e18,0.49899578235815695
ndaf9d6069cb7500,0.4984228905583987
ndafbf7499a3004a,0.497657327985727
ndafde876f64027d,0.5013382055906955
ndb052f2c396eab9,0.5033486093522791
ndb1017f7c896a29,0.4959209438664675
ndb208f7ca359ee6,0.49108153295406026
ndb25a746ebbcf67,0.49486467663199685
ndb25dfeb38ee9bd,0.4945262372923414
ndb295f5260da01c,0.5083560851144385
ndb2b7906aea574b,0.4993442978368215
ndb3e51fe8821102,0.5046379769601078
ndb4e915418a2ac6,0.49996741655118027
ndb57e34c1906d81,0.4971930378908258
ndb70102f9deca23,0.49533479474009573
ndb82a8203a1c38d,0.5067763928446452
ndb8d62bf665c14c,0.5107980121877853
ndb8e97fe96f77ed,0.5013460064206264
ndb8f585b0710ec2,0.49990440439204137
ndb9f6fd4a0f7377,0.5053025865429404
ndba38d430d73559,0.49889053335433886
ndbafa6612bacfb3,0.5022452089619697
ndbb06fb0d79e27d,0.5048798503688441
ndbb536070d9383c,0.5053293630103731
ndbbca18c1026449,0.5065647764978162
ndbc08b3f1a9e7b2,0.5077684568586345
ndbc6bc576272de1,0.4963054237424325
ndbcb9aeb102277e,0.49971333901389176
ndbe4870c92495d9,0.5044551646993857
ndbe8abb2155348c,0.4898713844809428
ndc1646ae3a42fcd,0.4986714029189231
ndc2f8dfc43edc7f,0.5020568039478207
ndc3e168f521f2fc,0.5003533347277054
ndc4e6db943d2f48,0.5088210221510115
ndc57b4f98552b5a,0.5039048670452531
ndc63fc243ff1ec5,0.501117858880043
ndc6e24b995faaba,0.5007292420957884
ndc80ad2ebc86101,0.5064566847640525
ndc881b34d8bf5ec,0.5020678786332025
ndc8abe641414444,0.50060065990205
ndc931941ea13359,0.4988497326531054
ndc9cee0e98f2d34,0.502185211333286
ndc9e8c557e810de,0.49662157302730353
ndca7649ce2ae4ba,0.4999518018131299
ndcaa0e54873a96e,0.49429761740877265
ndcaba02d8c112e7,0.4972514381891528
ndcaef44e2b4a1b1,0.5015604396242529
ndcb725776e1fbb7,0.5057157469422673
ndcb746f37812b0d,0.49923223351535895
ndcbde7a11b0f1b5,0.49297531909225883
ndcbf0d2ba09eea7,0.4968064015288293
ndcca7706a73a91a,0.5002672237168446
ndcd0190e6bc8f27,0.5031676124452469
ndcd4b0391d7bb25,0.5007939190519914
ndcd6552e841534d,0.5009498833430027
ndcd8cd9bc638443,0.5018057575800314
ndcec619713ce82d,0.5039540365571161
ndcf119eba45269f,0.5008341952813566
ndd01806ce599a86,0.5012400860870319
ndd081954f2ca19c,0.49734025746719057
ndd0f7044504afb2,0.49606416686847904
ndd12b1c31512996,0.4995533083398998
ndd1700737d4661a,0.5030748470121307
ndd1a1172a881c3b,0.500076632518306
ndd1e9bbbbc5ec97,0.5004454872182433
ndd20c0e568d14bc,0.49669471998242515
ndd2742ed5d04a21,0.49345838469474734
ndd3a925c4071cec,0.5022863534409184
ndd41a2d4b37a528,0.5032385340341538
ndd52b1d5bf51c18,0.49598578520494707
ndd59cd14a387263,0.4929650226910062
ndd6d6438b6132b5,0.5016508402549177
ndd6e33fd304c99a,0.5052572678602758
ndd6faa8c3255484,0.5036634585754335
ndd76422e47fe52a,0.5013801571268932
ndd7f9ce396f43a6,0.5019534527274113
ndd8e23066c10d3c,0.4986608677784851
ndd9c77869392af4,0.49820848440069493
ndda13d2eae34cd0,0.5034147609728923
ndda2d42e3a60694,0.5032750780514097
ndda48545185c71c,0.5047393525377185
ndda61b1bf7bb678,0.502091082273778
nddb3b7d051bf565,0.503074866397585
nddb56a55bdae6e4,0.5029116920592089
nddb9269e837af49,0.49525203120207584
nddc1ba4a1807296,0.4960132989208866
nddc6e797a3cc437,0.49786905110148727
nddc81733a0178b3,0.5039193999724848
nddcdb8d474dac3a,0.5048275578172554
ndddd08315917968,0.5073070721535798
ndddd18b30d10858,0.501835471076632
nddde4168610fbea,0.49898645475457953
nde0a66eb53c8079,0.4968741153228329
nde1c4741ad229e4,0.4976647019514431
nde214948b16b895,0.4998483739784999
nde28454e18519e8,0.5029761932911611
nde2a46f033aa973,0.5014244274241129
nde317c57900149b,0.49617038022928717
nde398444106f8e7,0.503124715931308
nde3d55e4ad41708,0.49471169716091246
nde4655eab275364,0.5022600427887121
nde4eb30a6799f07,0.5004011003704996
nde62f4ed2177314,0.4992339130988
nde64cb37ad4f7b1,0.49974012528440964
nde6584a22e9dd0d,0.5024287619592922
nde73822033fd567,0.5044690545507605
nde745c3dfb00e30,0.49961953641789036
nde7532313766a8c,0.5110717112803177
nde77b62513824b3,0.4960730247627469
nde8654b40472f7e,0.5010524968830317
nde9a975d3cdae19,0.4938794218510989
ndea00de35db0c85,0.5038412958026324
ndeab9ff83c5c8fd,0.49733876136996535
ndead930247daf41,0.4984300686609594
ndec7a5041626e93,0.4972288577361704
nded8954efebf187,0.4999892746358716
ndeeb8e5874a33ec,0.4898963541709744
ndef3ebfb59d88e3,0.5016028125401388
ndef829579edb348,0.501406523381007
ndefa575709ce002,0.49616514262514927
ndf032a502e56b84,0.4939945992804284
ndf12227262d5ebe,0.49754382879416753
ndf1600cef4ab8dd,0.5036595556663918
ndf345df63647b79,0.49851875176626403
ndf371b838c37f78,0.5083564213868939
ndf4742a019842f4,0.5067103211397909
ndf491e2acd453d9,0.5041347000011617
ndf597733b63df93,0.4992249339233888
ndf5dc50a5c38521,0.5064776186194722
ndf6f2eda1f51f9d,0.5006266170101831
ndf71cfaeab3b2ec,0.49445524069366764
ndf7434e500a7309,0.4969661038742619
ndf8673bdfdeb50c,0.5034382854291092
ndf86db463ab1355,0.5010848380840202
ndfa0f784ee8d90f,0.49821538315505365
ndfaac13f6c83b20,0.5059846882086176
ndfb0f0de6ba600a,0.5007174821556972
ndfb487ba1cc19a5,0.5011797681719138
ndfce1a7d300ff30,0.505092874794266
ndfe301f1443583f,0.4997294154654532
ndfe4c157d2550eb,0.5041059569086754
ndfe4ded03f2c230,0.5028003147875728
ndff77f4cf5b2513,0.5009790106754669
ne005360dfced300,0.49819288431836833
ne00adfcfcab8017,0.49944319077719057
ne015f5ad3b50e35,0.498747329410389
ne01f3ace103ee18,0.49666595273081865
ne024cd8335e4d8d,0.49848132582711996
ne03187fefccfa97,0.5061422206898771
ne0402c09f3d2253,0.49500110293161154
ne040e89bd4473ef,0.4965351442884315
ne04e486418cb4dc,0.49993752778695877
ne051f43b24db237,0.4963373256629056
ne0545aa82a1f1cc,0.5032695061429856
ne05e91cb67cf34a,0.5008223999166584
ne05f006bc41df31,0.49407330109811165
ne060b2024eca29f,0.5003137763416273
ne066711af4aca7e,0.49824893922049335
ne0688e573507234,0.4960863501468098
ne07ab9653ed5945,0.5004916635322126
ne07abbb738b552d,0.5037821683081355
ne08b512c4e280c5,0.510135388466609
ne09cba603ea42b2,0.5033054331582146
ne0a0193133ad18a,0.50028985827195
ne0a70a449864cdb,0.49851468003956584
ne0a72bf23c83668,0.4977510534465955
ne0b6056e91b0aa4,0.5063415158215648
ne0b9076d7fedfe8,0.50303200954433
ne0bb38612d4986a,0.4982804368337665
ne0ca5bb1f4ddca4,0.4989726792360601
ne0d3d9d74d6ed78,0.501534426681801
ne0e6cc6fcb2cd91,0.5055588332160409
ne0f611c5cf81a91,0.5041808416963686
ne0f8614f30da3db,0.5048228943985632
ne0f96125d6618e9,0.5018371349439024
ne1059a6eac1e1a4,0.501244388786461
ne10606a98225928,0.5046884513559777
ne108414bcd75e12,0.4983528060670787
ne1236b7f5582c6b,0.4930044278163158
ne130964e88f30b2,0.5017839760780222
ne1311f2c40bf77e,0.5057029565757185
ne141b3cf1b3354b,0.49787497536999115
ne149aaa7bc512be,0.49686524694690254
ne155a917e8e9362,0.5068310723539695
ne15778b88b1d50e,0.49830925887954786
ne164d365b02c351,0.503333031440684
ne16738523b68953,0.4861809812422374
ne1729aed4ac44b4,0.5036353812673338
ne187a98e6d71476,0.5047884351845533
ne1a4ab2a8d6bb53,0.5001864043999111
ne1bed605f0caf05,0.5008608808739913
ne1c65f99cc41726,0.5006720668365502
ne1c9ac307ac69ab,0.5019969132821405
ne1d1001c10e6291,0.49501894285228687
ne1ebb59328510d6,0.4946911181774595
ne1ee4185366858e,0.5060476840405196
ne21a01bee69bd69,0.49936029824636075
ne22b69489dfba4d,0.502132360595777
ne231f93ed307b80,0.4985649903620996
ne238183cfa3456f,0.5015052484140192
ne23fba56b852dd3,0.4981072194259123
ne250f63af806032,0.5011271736045685
ne252ce921ca1f2d,0.5013673519355467
ne258a0b12234408,0.5014702146491277
ne2622e7ec51e68b,0.49909145255726156
ne26ec2272cfa56c,0.49575781846742945
ne27013f30dacbbc,0.5035146624441202
ne277635551809f1,0.5033539681596927
ne27d8c7af3cf61f,0.5048196765614755
ne28a86db8fee2a4,0.4895645803744897
ne293c253f0c4bfa,0.5041682395079539
ne2940d592fa77cd,0.4964284783233819
ne2a8c87ea3adda6,0.4908898967316343
ne2aaa772f721d1c,0.5000479423735925
ne2b01e1082b0624,0.49056944854866014
ne2b2b55e093b279,0.5013921275777182
ne2b2d15450d0236,0.4969088968807849
ne2b8217bac2c129,0.5016471733684987
ne2bcb72040fc431,0.49799642072244554
ne2c51d33e17e6f7,0.49914894032896023
ne2c61431557a0fa,0.5072817065860726
ne2cb531b99fe92d,0.5016165855644854
ne2ce2ef81f01938,0.497844077809376
ne2d1dad6d9cae64,0.5039107406056537
ne2d3bddb1559059,0.5026539693760573
ne2d9feb9c16eb1c,0.504655872116294
ne2e02c6d4bdb147,0.4953717001552339
ne2eacf2cdec2263,0.501180788842418
ne2f51d1c8b5f971,0.4981920633184654
ne300f20d46bfaee,0.4960553331462408
ne30251d01aaccb3,0.4984901519747582
ne30821e4301e068,0.49926833168565
ne31057cedc73560,0.49696921825380613
ne3168f6f8350b03,0.4997791461174612
ne31aa4d13b938e7,0.4979123383119084
ne31c416c6e1060e,0.5021809436048373
ne32c02ecc717a87,0.4993554555806764
ne32c28528d92e6b,0.5062044080290429
ne330ac04929d602,0.5054617923183105
ne336bf96df46985,0.5049121776461141
ne336df9f564768f,0.49683697209873967
ne338a7317d82680,0.5059014482720431
ne3392ed8285c46e,0.5004974203831634
ne345e9016bc52ba,0.5112474963905218
ne34b5249c9071d1,0.5084290826957166
ne34f181d20c178f,0.4994368060852627
ne3531cb4aa83045,0.5012753902791142
ne360474a29335e7,0.49799963153196436
ne36c8a7c54ea5a9,0.49417699395407577
ne37081079a86489,0.4949531678872229
ne3746165739a9c7,0.4961073503472706
ne38a666dc97dafd,0.4947465071763967
ne38ca78ecaaded2,0.4977921756323229
ne3a2eaf15336fc8,0.5026674684846367
ne3a3294a775d4b8,0.4987351775753385
ne3a7c7f2fb4abd1,0.49786141916997745
ne3b7be066c22e56,0.5006981797188435
ne3caed15c4904aa,0.4985108714064143
ne3caf7fd228b2f7,0.497984620508465
ne3db1cdc3bf8ebd,0.4944402180556007
ne3db3fd3bdb60e0,0.5021988632334069
ne3e3eed79f99f90,0.4968357258051666
ne3ee32079c5d3f9,0.5010834382979288
ne3f4039422dc0df,0.4994816059667165
ne4084a3445f54e9,0.4900791767233848
ne40c48697c07fb9,0.49315216088904745
ne42270ccc5beef6,0.5025481863241698
ne42fadfda96f32b,0.5007877381810119
ne445d95f491e05b,0.5073638076738165
ne44d458ce3d8422,0.5015165468577526
ne4582ca32f6c853,0.5042430105846846
ne45f53040d0e708,0.5033058241357279
ne467d1a8ca677d1,0.49304309517577627
ne4753c7e8f0d631,0.4961487131571287
ne4877f666ced648,0.5048770399841864
ne4925ad03893fe4,0.5005090688646471
ne49bf3554cc497d,0.49496873680517584
ne4a31db4bff551b,0.5046041448235684
ne4b2ccaafea27d8,0.5062770510708761
ne4ca3d7320bedd2,0.49710588947966217
ne4d3c45ebacb348,0.5004536445662362
ne4dbf43e794c43f,0.5013701175040547
ne4fc66b59a1ce37,0.49326007395235855
ne4fe663527124b5,0.4983677790078904
ne51b5955bf8559a,0.49821992666898174
ne5340f6727d3659,0.5030859947833901
ne534b926075239b,0.4968707699989602
ne536ea3f59a53b1,0.5043437948599129
ne53b7c0ac000482,0.4989804384136227
ne5493c9c819740c,0.5064971698589854
ne5495f82df649ef,0.4858863527046461
ne5580f5daafe9e3,0.4950633069847417
ne56f7f51ef801eb,0.5039466734733092
ne574fcacc4f6d3c,0.49808281776231117
ne575a1176fa945b,0.5010457426078306
ne57aa8603293f51,0.5031569036352824
ne59096628871694,0.49841087125612366
ne593223a4d8ad58,0.4981326593046677
ne597152bc0c9c4a,0.5037583092209006
ne59cb00c25c0b81,0.5093008241977016
ne59d63861f76e27,0.49468351169483155
ne5ac454f4c59f4a,0.5021660053724727
ne5b590afd97b6a7,0.4914108430425398
ne5ba284650b9ea3,0.5038641170447691
ne5c7205da2c6886,0.5033912243569499
ne5d89ffceecd75b,0.5034442213692224
ne5eaaac39c9358a,0.5037394009088435
ne5f7d0bfaa971fe,0.500686020132815
ne6287b32dbedef7,0.5017447698865029
ne628879ee31776d,0.50126647849636
ne62cca91313fbaf,0.4992511758327793
ne63e76c7ab2a2ba,0.505769340611893
ne642d6ab5cb23a5,0.5064326105184864
ne64b8bfcffaa555,0.49788981037893265
ne650bc621dd1605,0.49959711935767875
ne6531cc14f94b48,0.5031701620060376
ne6572a7b187bade,0.4964131095637463
ne65a7416a3001fa,0.4982177863057915
ne661e69d40e5111,0.5025439625510288
ne6652a32f21d1ee,0.5039837469948028
ne66f4c3953b2960,0.49215449774957687
ne67161f90ae9a5b,0.5037976906093984
ne67e13c44aee7e8,0.5077448252728683
ne6869fa9a4ce76a,0.5069654821988268
ne692cdbd2b62175,0.5044399620920782
ne6985090f544054,0.5029143064304336
ne6b6be9ccfea5ee,0.5016741175420807
ne6baf5b2df1ce60,0.5062230641410584
ne6c4350770aff84,0.5075311634140679
ne6c4785129734b5,0.4988975180253892
ne6c573e47f2a920,0.5001916578798874
ne6c66d1579c37b9,0.5080853908061155
ne6d3ba4b56c04eb,0.49337985548491153
ne6d5b8daa6ece62,0.49989147382509114
ne6d68ef1663a6e6,0.49817775065841235
ne6d8e0089f12729,0.49701746496493504
ne6de0473ea34c56,0.4973693341451818
ne6f91ef1f0c8dc2,0.4968407931974595
ne706b4ee413d4d4,0.5018955144237436
ne724bae813cd38d,0.49551291674066905
ne731e6f13f30368,0.5069232513573334
ne7445ac2bfabe3f,0.5007467374067358
ne749ef15bd623b5,0.4930837355563141
ne74e68d88806fff,0.49750528972611135
ne75b2ae4cb117d2,0.4967109962708611
ne76024c89d9bc19,0.49402597644407514
ne76585e102f2dba,0.5008347222422836
ne76940018957631,0.5002697975361814
ne7791a372d93c20,0.5001050732070923
ne77f3fe19b0cdd3,0.49369748050183215
ne78a373c5b1971a,0.504638134280797
ne796a123083e009,0.4921497892908015
ne7974ceea586bab,0.49132814185454604
ne798b0ea428b4ba,0.5017995459081267
ne7ab697a1c407ee,0.5061195716474503
ne7c2aa49c9e5058,0.5036359811267713
ne7cdbcecaa3023f,0.49442522089434565
ne7cee86d46a71f7,0.5008097027123514
ne7d7258302e3a0f,0.5060817682069426
ne7f3d14f94e4815,0.49866321370360356
ne81acf14a05c15a,0.49758984018039504
ne81fae02ae19df9,0.5002868645615857
ne8279effef2c49f,0.5022943122747924
ne82a8cae8c3e61d,0.49041944642311325
ne831179c656e5d7,0.5006683429064811
ne856a0656b5b6d9,0.49937098966674026
ne857a9fc715eb1c,0.5011772143812817
ne85a747e16d3b8a,0.4955321799955758
ne86ccec154d5c8d,0.5030642569463256
ne87862338d418b0,0.4975097119246492
ne88fc567d010567,0.5021035728275204
ne891eb2ea392ce2,0.49807694788531615
ne89259e65e0bd15,0.49620877400255464
ne899315b9e70f79,0.5018924320040171
ne8aa1214f051a98,0.498866407089981
ne8bfd3e641beeda,0.49194174935961105
ne8c208e645c2466,0.4952807120025211
ne8c4f6328afc317,0.5019552687972176
ne8c5d0af195ce1a,0.4970372465275697
ne8db0095e66788b,0.49850322896317295
ne8ded32add20537,0.5019869825997736
ne8fa05f5256e72d,0.5004253315005354
ne90439aebef4fb5,0.5014963071356915
ne904d81412aa713,0.4978327534348797
ne906a825447b760,0.5013780420744743
ne914baa148ff0c3,0.5043885181953359
ne92884cb4ebafbe,0.5052121584505026
ne92bf8e6208cb5b,0.5007078486087707
ne937c2f937378c6,0.4982161366246995
ne941193db87d4b3,0.4923908864722922
ne94197f4ff95772,0.5076251106200829
ne94bf7a43bcb760,0.49972921173075396
ne94c6acc6c2be4c,0.49860838310877675
ne956ca4f8b94a4c,0.499704995591643
ne956ca603aeeb51,0.5016332971838824
ne96b3402e3aa7f2,0.4969716648676613
ne974cc63118bc64,0.4976023250506271
ne974ef884a092a6,0.502593190662473
ne993f1dda9180a9,0.5041908104508172
ne99834f1f8d171f,0.500688781526288
ne99ded49a81d8e9,0.5055546404798487
ne9a2b0098d51952,0.49226160181295386
ne9a78edf3337c06,0.4958594237504087
ne9addc46bebf0f5,0.5032477324420236
ne9b87d264520a97,0.49828715579798133
ne9c39e0172eeb61,0.5018650218934338
ne9c9bdd1c472162,0.4977969293624274
ne9cf23ef4e6d90a,0.4940906845417381
ne9d4e6f81c20478,0.4992385420418607
ne9f2df2d5f448e7,0.5025538445508575
nea1dd4536d6baf0,0.5031738485607142
nea3ee258e1767ab,0.5000658077604112
nea5c00d8f67f88a,0.49434895970931403
nea7677a823602ea,0.5021761761954697
nea84e1ad60baf5e,0.5006704155797924
nea8674db4678a53,0.5026786657924137
nea89da4d3d36e67,0.4958970179523089
nea926a930db6306,0.5105474663491567
nea9697982ee103c,0.4948739302322991
nea9d3f8dd14a039,0.5000292493286608
neaae1bdff49574f,0.506018082279516
neab987e2d409c7f,0.49271972464891584
neabb2bc4d9df4ac,0.5000512201847156
neac16c18341f179,0.49624637300767227
neac542f0e95855a,0.5017482509160466
neacb8a7db6ef0bb,0.5054469216705574
neacc573c827263f,0.50248952504796
nead74c65579f3bd,0.5075282342505328
neae6f892600476e,0.5019747417697628
neaf49ea838b6b22,0.5041663588353668
neaf64769800f919,0.5040048077973784
neb011ef4e04c155,0.49264922089184265
neb02f1e8c6de276,0.4902643263171262
neb10db35e3d045d,0.4968419893577827
neb1fd830dc9b92e,0.5082964407438662
neb2aaddd8b58923,0.49790700596299364
neb2d0c1b4cbe325,0.5004524211328253
neb359298315af1c,0.4999973077045555
neb39b1961f031b5,0.4962493448484185
neb3a00a1d93339d,0.5085918879724051
neb431c1b0309276,0.5045384357484031
neb515816e923a57,0.5044462438951871
neb5e63596bef00d,0.5094639862056336
neb790b05493aa32,0.5021936897966087
neb9f7091ec7d517,0.5054772573460293
neba830bb50e5957,0.49627364312593475
neba98ef7d50594e,0.5031926494587686
nebbfb7aa8c80af9,0.5076382660048178
nebc6058576e57f4,0.4937393151531079
nebce6eb024bff47,0.4988381276376179
nebd45c444d61795,0.49766108537721515
nebd7a7773b36f3f,0.49451954660444775
nebe6ad19ace4faa,0.4994121419146553
nebef6304ae60af1,0.500580285268276
nec0d0ddb50401d6,0.49467678645978075
nec0f3af75213fd6,0.4967936318533129
nec19c927dccbe53,0.5045949774726509
nec216b8cdbc2197,0.5009611084828357
nec359fcd92f31cc,0.5043652486224529
nec3e5c7f5f5675a,0.5066861081641497
nec3ffdb6fb453da,0.4959676547396684
nec450f2515a9141,0.5014830951883841
nec577d805e30394,0.49578974825103717
nec5ba2b44ec0d7a,0.5080622326301283
nec5facbfd369366,0.5071639596806027
nec668c9432f37cf,0.4994974317558658
nec6b812dc43f23b,0.5014501920725764
nec7132effe0fa44,0.4988671870626784
nec78ec018c33749,0.5034403949650514
nec7a8877da995a0,0.4934695204601019
nec8e5570fd20390,0.5012954084417927
necbc8ad615f9aa1,0.4949530877394174
necc16c82afa0778,0.49586031371590666
necc381201a4d6cf,0.5045211694298471
neccabab74001a4f,0.49993874584681824
necd884d09b16198,0.4965287407316651
nece7648ad3f5d9e,0.5019665217376332
necf7cf755e4dc39,0.5014988009256983
ned07d51d8deabad,0.4947749911757276
ned103df36a0f907,0.501744135761063
ned186ff4967e0bf,0.4970020513591459
ned1b022ad840ee8,0.5036618966397767
ned2200b541ce985,0.49485075526149563
ned22a882c8b45ec,0.49687752094284876
ned2b6125a59873d,0.49674551060818595
ned3cf1ee4a1752f,0.49866636914072315
ned48f959b76cc1e,0.4927283594440902
ned49a93b0433eb2,0.49690814824549967
ned4d7b292286ef1,0.5035452602661449
ned626f1a6fff336,0.5007830705165774
ned65bc705f6b9fb,0.5021862173917921
ned8767836e3f238,0.4988005515285434
ned87b4c1d8ee00f,0.4983065417736337
ned8aa75b2f1c88b,0.4967655012636447
neda22bbcea0160b,0.50105465622712
neda9d66e11c4627,0.5052967403897076
nedaaafee1b180a4,0.4974699811321645
nedbe6aadc7b98f9,0.48840419072867886
nedc04cfdac85b41,0.5018630706657944
nedc1aa13b04d8b0,0.5054004776470157
nedc27f2cd86c845,0.5096886107156573
nedcd9e94d851344,0.4991804012001375
nedd1f72b52bc7d2,0.49982236835708554
neddf52c75dee479,0.4982424071140363
nede332e4757fc64,0.5026509728426852
nedf966fe3dff152,0.49998153798978984
nedfd24c6301f358,0.5051813860941111
nee0b66fdd243f28,0.4982531496160042
nee0d2288e097a7a,0.49854492857079385
nee1375acdb68716,0.5080560952444201
nee2099b3f32a73e,0.5049604064408573
nee22d1c7f4a8844,0.4973589431127769
nee241ebe1488cbc,0.4976451649333056
nee26d54e82b8424,0.5038231617188343
nee2a4a75d294873,0.5006195514264029
nee2d3e6a95236c3,0.5079838140817419
nee3c5a82e174698,0.494390128045967
nee5520953038b12,0.5088685086353137
nee5775335d51bef,0.4990335762953969
nee63022b3e527c4,0.49624698010764645
nee64df599e32242,0.5035041802256117
nee6d17a8120efbe,0.5044260353616034
nee6eff5356f1dbe,0.49475110317919613
nee7e692118c27ed,0.5017688627074619
nee7ffa6fbc9073a,0.502503714163529
nee83889921c9af8,0.49966457203895076
nee84c6c06131815,0.5014079556657596
neea32d7ed70b335,0.4949880233686173
neea9ede19082c72,0.49821219027776964
neeba694cc648089,0.4977105620746968
neec9bfdf97cb9c6,0.5002685818424253
neecb7da31fab343,0.49677172394971264
neeec8bd0813fb7e,0.49794307210360633
neef1619778ec4b1,0.5034428258801762
neefc32ff98f63a6,0.5038605977272461
neefd7b274133401,0.5007718466257459
nef15ce9664ec9cf,0.5004207847030846
nef1bc8aca65ddb3,0.49788818455247263
nef21a43dd27b2a5,0.5010422310147205
nef25a8e76353f25,0.49669456314506977
nef275318237eef7,0.5147711868915343
nef35cf5d1e531f1,0.5011090109082291
nef4b7c515be1c12,0.50289774565496
nef4e8a6a51d25f2,0.4990638147136887
nef5eb4b93f0987e,0.5042583324087573
nef64779d3579b02,0.4994660422182764
nef661a2247ce7c5,0.4959830775674899
nef740d63380a063,0.5037791681709124
nef87c02e5f4aa1b,0.49577005103676686
nef87d57abcaf51f,0.5000002063449327
nef90e9dbb15b8ae,0.49308400711678557
nef95bb511cbdbf8,0.49974491481473526
nef962683991c320,0.5035531222880466
nef9636fcef567b9,0.4997209751733097
nef979efbd681f63,0.5034568353884409
nefbcc473a759153,0.4946819044104136
nefd73f786c1cb8e,0.4974119791684862
nf001ee16390c339,0.5001040438990175
nf02e5c911fbbf67,0.5081981271724136
nf0338d38f4d4165,0.49904640804626477
nf03927fd3a725e6,0.4971269262046624
nf03fcc2febfd7ce,0.5015029677482317
nf0579997775d3e1,0.5071885369291075
nf05c594957bb483,0.5036916234809419
nf05f9f5add0966c,0.49752668860211774
nf0631284bbfcb27,0.5061824903904867
nf06b71fc0465cf6,0.49869773838417986
nf06e494a099e915,0.4974816206903184
nf07ab1c76a85b1c,0.5041910551170338
nf081d049b57d410,0.5006864012803653
nf093dd49caee4c4,0.5038988275904045
nf096e16917dda1e,0.49989619575297317
nf0a7f7dd2d1858f,0.500477959251524
nf0aa286c8ee890b,0.5007080530204238
nf0aeb827a0cac37,0.49945517631093506
nf0b97f628492577,0.49402246153587237
nf0cd9b3267d904c,0.49729893607075815
nf0efb43ee70f392,0.49504482264752686
nf0f8f3d8fe0657d,0.4964345793468625
nf0fa9e54a8351b8,0.5029950194537989
nf10e253dbc6d43e,0.4976601197908552
nf11eaa00ee705eb,0.49625226514042264
nf1235cbb049c0ef,0.49683551069684473
nf12c9ad88ab5ae4,0.4988628392145369
nf12eec625597f2b,0.49861193381709945
nf135f2a8bf5296f,0.49263338746136903
nf1360c9203c7fe0,0.5003955924577824
nf13920cff713a60,0.5036006743752586
nf13b04731cf4f80,0.5056356880925125
nf14019219eaa176,0.5019085636785313
nf148ba254db7d64,0.495666627380557
nf15541d26e0dd9b,0.5024172324418864
nf15926ae416bf54,0.5031068715882796
nf16277b1dec2bbc,0.4965122169339755
nf17b471f54fab71,0.4964454842245174
nf19e084ec03e1da,0.4968903761354731
nf1adb06a76a8157,0.5000698959270375
nf1afc28fa6b3e97,0.5011415928165175
nf1b642af1daaecb,0.49485167189990414
nf1c694a73bddb03,0.5055309672320198
nf1cdbfadc672752,0.49290080739265696
nf1d1887c67d5838,0.500069336801602
nf1d51e386dfd640,0.49763142643149055
nf1d5f2497a0a59b,0.49900575862840857
nf1de694d0cdbd8b,0.5001309710952425
nf1fda4d869ad6c6,0.4983552595793825
nf219ad08b0ec44b,0.4962559458355736
nf21da3158c6461a,0.5006105047540157
nf222cdc4e8a057d,0.49204414850736067
nf223fcebb6f6397,0.4919298238656741
nf225245ba2ea5ed,0.5048372042720031
nf23d4a6dcb7b117,0.49311999390887346
nf23fb4c5d17bad5,0.4955929537308857
nf24702a752a4c09,0.5016490411165505
nf24f687a0fd3735,0.4928542332708803
nf257eb91ead32d9,0.4992583650751317
nf260e4a9e4fba4d,0.5028302038804865
nf2cab5bc4df7ffa,0.4914712819514761
nf2d4f6bb90fa0b0,0.5054572071711007
nf2df469ef8f9995,0.4975354832446849
nf2efc5269091fa0,0.5010490747350155
nf2fcf935cee94ac,0.5012935913167523
nf323de557bf012f,0.503537535393719
nf336b04231b31fd,0.4961692252589733
nf3438f6553f2f25,0.4934894475963567
nf343d8c756e9292,0.5038507881692814
nf353d7f9783607a,0.5003707543039815
nf362fc8aa37480c,0.4984571415578185
nf36ca5653d87f6d,0.4905132182545619
nf3732456dc7dbe3,0.4946626212538421
nf37e798810c0fde,0.5045318525581785
nf37ee006ac1aacf,0.5005616579599411
nf3850ad9c08b75c,0.5075724587567728
nf38829af6487353,0.503285098726398
nf394d5f6a2ee3ee,0.4995988643503196
nf3a58f1394ce8e5,0.49747903539437077
nf3b3802aaa52cbf,0.4978838276920058
nf3b9d02bfc07ecb,0.5076717287931918
nf3bb7de654deac1,0.4976722469810435
nf3c4d88f8df2f4f,0.5043077787113908
nf3cdaaa91275233,0.49478273514308263
nf3d6e1de76bc01c,0.5019102295329748
nf40498a83217700,0.509766224017493
nf40a3029bdb3269,0.5005582610728906
nf4129a6fc773dcc,0.5078500088188952
nf416e5077ed3ea8,0.4986117361692677
nf42a359a9c1c66c,0.5002814370210991
nf443ce575f0f043,0.5040214425402353
nf45ef08916863db,0.49647075363298904
nf45f5bd02aaa415,0.5022042939807588
nf46d727f2e25b13,0.49623890105866486
nf4721e91723e992,0.49123158241764364
nf473b5288af1e0d,0.4983412268220333
nf48887fc93e3040,0.4985828416011702
nf4973253fd99aca,0.49742252800750847
nf49f4ba4e1d6dd2,0.5041283958060188
nf4aae2cb48c9385,0.4972511124552951
nf4b48fa2be289f4,0.4963162257916588
nf4d863f1f8d5b31,0.49419680329305343
nf4e150cf064cd4e,0.4989362010547946
nf4e28900e713bc6,0.49755590834791386
nf4e561083062d4a,0.49870157300035906
nf4f0bc619eb846d,0.4997141379813916
nf4f12598bf60eec,0.5010691258182137
nf50956f32995a3b,0.4981980797648376
nf50e2bec2e6d5b5,0.4967924785069775
nf5196f5148d6369,0.49288708870739906
nf527dea2a842a57,0.5025091537702185
nf53f515bfcc81dd,0.5005172830980642
nf5432e2c0bf99f2,0.497274447818296
nf545f2caaac0fb1,0.5016376755072941
nf55ddfb7505dcf8,0.5065741237739771
nf577c4df9699e3d,0.5049528755869004
nf57cfc5acdf3676,0.49904850748070645
nf5824b72e835dee,0.49623347680443125
nf5833e588ce5cd5,0.4918333927241374
nf58567eccc39a18,0.49929381090230845
nf58603e36af1747,0.5011543613541962
nf592aea50d8a9a1,0.49906970294124453
nf5a39a2ae4102c8,0.4963290695267997
nf5a44d8d9188b84,0.5012137477181576
nf5a4e3f7035c280,0.4990867187012448
nf5a8547c3ca7736,0.49359160912116634
nf5a90b79c3f9f61,0.5080583322201199
nf5b1587127d0cae,0.4982928759619231
nf5bbf788b7c5928,0.5007100046299913
nf5bd810db29f399,0.5014592408468219
nf5be1165bc690f2,0.4981303090700055
nf5d5b3810f188f5,0.49163951054375127
nf5d668845798c5c,0.49909531676069824
nf624ff11fc9527a,0.4993429094536064
nf6285788e43bd4d,0.5066490965059919
nf632c2dc17e6521,0.5047396598186423
nf64047d8123a1fc,0.49914676569375743
nf64b16fbb20de71,0.49897585682469586
nf6709b9f89d9ed2,0.4985747841868445
nf6761d6f953a2ad,0.5019643064954369
nf67f0084aae3154,0.4978827443770318
nf69f0edf38608b3,0.5021777782337318
nf6a2c641bbe11a1,0.5070200678434622
nf6bbd69f4ca0f3f,0.5031645042405184
nf6cbc356a46f7c5,0.49889603054080617
nf6cd8a4841ccb52,0.49842238649309784
nf6d5e7a14a0634e,0.4996340090324329
nf6d671b8a738194,0.4977358878687991
nf6deabe8f9a4128,0.5039818061494676
nf6df522b6236532,0.49801235233660557
nf6e66b683fd2fac,0.49917342994887093
nf6e6bad90bf84b7,0.5033019806709137
nf6ea6773cbfcd7e,0.5002468228909089
nf6ee2ea9b963bd7,0.5023895971688461
nf6facd53e3c2145,0.4949408112692067
nf6fba23d760dabb,0.504717268262936
nf70088cdff73083,0.49287329412654013
nf71978181b1ca2b,0.49805291440764293
nf719ede72c18ee0,0.49426034377905204
nf71e1ece57dca76,0.49993080094507214
nf7212a4999de7b5,0.5028631131712056
nf7352f076ed4573,0.4991145788193963
nf749357b035e974,0.49634190466277367
nf74a7e447e9f096,0.5005218783241929
nf75b9031b92acfc,0.4930841387913341
nf75cd1310a2451d,0.4977279427067618
nf777a5a20d08a79,0.49814167162482864
nf7785e50faa94f9,0.4909233082272385
nf77a14e3f7a9f08,0.49739694019286734
nf78c8e4fea7b692,0.4971715764990415
nf79bf3aafde0f0f,0.5023271282899285
nf79e16460192b55,0.49654604485633524
nf7a532c10f76df2,0.5054921040385724
nf7b99a7d8aa4e9f,0.5023956941876936
nf7c7a0e6287faa6,0.49851079461604614
nf7cd0d83180b7c6,0.5000038337991867
nf7d2983835a2e14,0.509525538817848
nf7d375458c70e7f,0.4911896305607621
nf7e8973807fbdd1,0.4929083737711906
nf7f3cd515ea3626,0.4937859934809422
nf7f4d99e220be18,0.5042002773317606
nf7f4feda2940fa9,0.49960710288319604
nf7f5dc18c2cc6c5,0.49329916215956193
nf7fe13bf253865b,0.49534936428185283
nf8035634534786d,0.4981886171831123
nf81ac0148f4ce92,0.5076592232830213
nf822f840a9cfb56,0.49704440274183687
nf826cf97494f82b,0.4944844241096254
nf8302c41e207e5c,0.4949426826775306
nf834832e2f265e7,0.5023638123514205
nf83819c8e212f09,0.5044468792543716
nf83c11c461602bb,0.500917879436745
nf843a0d5bebf11e,0.4904055054112016
nf85890ddb08b8fb,0.5077158698302717
nf85b0be8639d367,0.49519154316986025
nf86a6be2d38cbbc,0.49911859451227214
nf87b9e857d769a5,0.49717142921462054
nf894f1cfda1e314,0.5021439593388419
nf8975e7a74755f5,0.49591659150900314
nf89bf64cc3c2b54,0.5012467191990146
nf89e66df51a62d5,0.4948680864875782
nf8a523ca002d367,0.49680824084271724
nf8b41eddf1abe0d,0.5018067187781415
nf8c0c59842cfdfc,0.4956319064422162
nf8c8eac57042708,0.5010318516575699
nf8d26a6bf37ee0d,0.5044194371353259
nf8d765157136520,0.5083124927053396
nf8d7e198c7a5190,0.4963253638150447
nf8e746eb30fcdd3,0.49718354664848957
nf8ee1a5bcc3a964,0.4992613634063928
nf907897efe84e5b,0.5062289288541322
nf91883233beb698,0.5019835707709296
nf91fae1ca06ec86,0.49532701195177264
nf9233290731df11,0.4981379562399447
nf9373d7bbede3fb,0.5032270221031735
nf93a1b211eb5744,0.4978889937688208
nf93f76113fc8d9f,0.4940186402636858
nf9427e32ddcdf5c,0.49802434588695044
nf94518706212e04,0.5017268175959279
nf946dac02de40c9,0.49739685904502795
nf95d2ed8ea67961,0.4923180433724024
nf9699236ad96805,0.5029488458507829
nf97cd0216f15b16,0.4949581903319914
nf97f6beea1a75c1,0.4987265462194552
nf985298364c6fc5,0.49932963200449104
nf98c89b25f31697,0.4988089699347963
nf98dae949ed287b,0.4994921956042405
nf99cb0206f5b209,0.4925096165018631
nf99ebc572081b29,0.5023480163634303
nf9b138f9514d211,0.5034594211385068
nf9b45b7237592a6,0.5009791473987468
nf9bda39519f750d,0.49388135432788544
nf9beeb9d618fb73,0.49914226653615834
nf9c4812e6810aeb,0.48760781139807197
nf9d1d28850bcdef,0.5042110197430844
nf9d2ad6a3f871f7,0.5059078383279276
nf9d443e511c315a,0.5047706208404098
nf9d6b4e4f989fb4,0.49478120421997024
nf9dad99c992d334,0.49134858819464455
nf9e0fa09c132f3e,0.5001931242921985
nf9e1e4aa037229f,0.49479286946818485
nf9e32d63c227a4b,0.504199810191729
nf9e353b126622f8,0.5018420021826095
nf9e78ec9bf35f9b,0.5034536319091547
nf9ecec6fde239ee,0.5065969380708386
nfa03e5db82322b3,0.5009954208808993
nfa1befcafd8705a,0.4962395976152495
nfa1c23b4b89e85f,0.5025319800180198
nfa4170a99946484,0.50114867377027
nfa425ba0ab2c4eb,0.49826374060943146
nfa44258d5828bbe,0.49505574121068213
nfa4670108c8ec97,0.5025631434257766
nfa4a2ceef37b451,0.4922595735743157
nfa4d3d1b6c1dee5,0.49699477712578016
nfa4e40e868bd13c,0.5021304806669316
nfa56167beb943b8,0.4981895652666437
nfa5839c02bbcf32,0.49120385469848116
nfa6cec2c9c7adab,0.5060510956519221
nfa7dca773f9ce85,0.49184679201117176
nfa8269ac35c07e1,0.5029196376922969
nfa88c3d8a3824cf,0.4974826811427056
nfa8cbbc056175e8,0.4913408504976511
nfa8fa56caac38c0,0.501621711446403
nfa952441c63ac73,0.49948533870257894
nfa9a26ed2204651,0.4987065933419656
nfa9f58a9941bbb9,0.5024424122169987
nfaa6bd2663262a4,0.5003718878287956
nfaaa288be671841,0.505295605442318
nfaaf55fa3252967,0.4949881659860357
nfabb770b9d66d0e,0.4995770283046667
nfabf3164ec9eeab,0.5036821367272826
nfac873395c1e083,0.4975977149806361
nfad452246f6768f,0.5030964510142474
nfae4bf49b4057ec,0.5035098435126449
nfae8a51ac893901,0.499553293294097
nfaef6d0a2707e57,0.49948658008388297
nfb00a57d696ae57,0.4978299861688108
nfb03b214b907890,0.49712070862074903
nfb08bcd61f44b6c,0.49912062252189776
nfb13660d5d8e256,0.4974612827882309
nfb1f53880374d46,0.5005402909846666
nfb2ee8e4e3c2123,0.504820223123863
nfb489d086f5ddcc,0.5047572383879475
nfb67b5b3be7a07e,0.5059564709319481
nfb69261a34fc5b2,0.5056516975520882
nfb6b3657ef549bb,0.48852180241755583
nfb70109d1856f52,0.49717750332722055
nfb854b8bc02413c,0.492689778804737
nfbb087d9ade8e30,0.49956491546373055
nfbb124d73d76bcb,0.5022065632258258
nfbb7bb055dee170,0.49641787814802973
nfbbc3ade6086c20,0.49407896214798686
nfbc02aa4c74f2f0,0.5051308769820373
nfbcd7dfedd8f433,0.5029343365869104
nfbce6b41917fd8e,0.5019593579838486
nfbd0b6d1bb6d9ce,0.5068819574999205
nfbd22d0709a5519,0.4986808875539348
nfbe7c5726560680,0.49865729469011144
nfc12fe662f743fa,0.49768551406981576
nfc1ea93cf8cd5d8,0.5054513447652017
nfc2905cecb0fb10,0.4905677769213152
nfc2af728ab7fe48,0.5026952293165439
nfc2c829230a2231,0.5015783286049155
nfc43640e9e8ddc1,0.5020832090051204
nfc59302d50c9372,0.5020684341038264
nfc6464c4116694e,0.5036259193280626
nfc682991e7799c6,0.49111964556800014
nfc6d0db935704a3,0.5021318663870054
nfc906ab0479189c,0.4949439990493964
nfc9a0a08be5bec0,0.5046656338369354
nfca39b4e4eb7759,0.5100838440926571
nfca76ec8a0e6201,0.4980559326981516
nfcb3489a1da190d,0.5024161671927906
nfcbfc587bdacabb,0.4972718941936695
nfcc089be3bbbb88,0.4971834445371265
nfcd0c29dbe98208,0.5040928877792391
nfcd0efbd3d663ab,0.4955222190679583
nfcd2508cae11a7e,0.4987902569140355
nfd026339d403c64,0.4989861008973361
nfd03ee0f3bf63a1,0.49503686439413014
nfd0d9088c6f5f60,0.5008508159261548
nfd13c9bf0ba8240,0.4929964457390889
nfd1891450687887,0.5025865612586875
nfd26c7ffa05a1ef,0.4956305217618443
nfd31117da375a24,0.5022518436145305
nfd474e64ef55326,0.5110894132529804
nfd50b01ca58969c,0.5040090877749288
nfd53571d706f53a,0.4940107435209635
nfd5e14e2de9a0b1,0.5002984397446116
nfd5e6545f358bad,0.49212479367277073
nfd61632dd2fa539,0.5027058278435085
nfd652dd070d904b,0.5019292733617905
nfd68687e7b35d7d,0.499969121075875
nfd7843cabc86463,0.4994691251276308
nfd78bfe175b7a5b,0.5105861302481574
nfd82720ae07dc44,0.4992956751075742
nfd897bdbea27634,0.4929698073911666
nfd984aeb0bed205,0.501133986596701
nfda45de3a77f7b8,0.4995263771486373
nfdaad25693e78c2,0.49767185534068653
nfdad98c7d7bb6e4,0.5030555747664347
nfdb082f7dcd6581,0.5025739263146827
nfdbbb0f68dd4776,0.49839316099178554
nfdc68fac4734181,0.5054293576686658
nfde53366be39a58,0.49489977404785973
nfdfb44b71455cc9,0.5031414709466653
nfe086caade60ea6,0.4928726585722837
nfe0d0ad89489f19,0.5002631581359065
nfe1da305c1c2c4b,0.5001524050864632
nfe29d91d419523f,0.4958242483929686
nfe2d85ab35f4e61,0.5008845350064756
nfe33341ebd000b1,0.49545917326021216
nfe34930fb31e941,0.4999909836284446
nfe5f00c2d12ce0e,0.4993396136367217
nfe62cf4b809f578,0.5033756406443529
nfe69356df0d023b,0.49399163553992026
nfe6af55ef7c9ce5,0.5038669016145259
nfe7f34f226ba75d,0.5003331306875408
nfe8c9c86b1ffd33,0.4979231202727868
nfe94d46ead71de0,0.4928721015482827
nfe9820e0f65781e,0.5062119063320956
nfe9d6d1f03c20b7,0.5068442723420591
nfea68165673d2bc,0.4965931390001455
nfeac72b5b6ec459,0.49982782244876733
nfeb18aae663653c,0.5000416604822232
nfed32d4e4744ccc,0.4987085208142875
nfedbfa8cbf4335a,0.5011199579358676
nfee5ffea3ddc226,0.4952481283935458
nfef211a67fa1fe4,0.50291727025466
nfef9f054e5eb7c1,0.501855965731067
nff01ceef469ed4f,0.5124865496718373
nff2049f569e0412,0.5007869484137856
nff212aaaf8d369c,0.5074339724279517
nff2dc30c3d0dc39,0.49604313946221795
nff3f3c099027484,0.496216263988431
nff56677433559fd,0.49247829322305015
nff634e3805ae997,0.5037105179665637
nff65e66eeaed32f,0.4991643887205592
nff700b0d8c36f76,0.491263814989719
nff72905ab3815e3,0.50561034148158
nff7865ed3a708f5,0.503557737750616
nff8ad3e1bf6f425,0.4926193146854684
nff8f293e6c4f839,0.5037567328616744
nffaaa88e48fbd81,0.49619158456773915
nffb67151d9aeea4,0.49831117957230275
nffbae8d8c3e8c9d,0.503563658036892
nffbee9726ede3fa,0.4977810604181655
nffc57f47cf16fed,0.5007591432471702
nffdb9cdb71b177e,0.49353880905736636
nffdcc0879e3dcd1,0.5041291345053098
nffdcf9d0ed264d5,0.5000521293436125
nffe1218197c2f48,0.5047629014379189
nffe83cfd238e5a2,0.5046399722092068
nffef56050cda500,0.499446450668194
