id,prediction
n000760d2070482d,0.49853658251184396
n0019fcee6807383,0.501262092653327
n002c634c7dc62b3,0.5003723856806257
n002d1209a75dad6,0.5050866745316713
n003163e70915001,0.4998748036579024
n005b4f9875bf924,0.4977332277676901
n0069ccd96a06373,0.500158614719346
n006dc42977ca71a,0.4962536603207687
n007c2673454d2cd,0.49791786070599886
n009aba606ae0585,0.5004649052538752
n00a4704bbdeb821,0.5019430041092403
n00bc38fb3b44406,0.5007212952228592
n00cf401cd443003,0.4989158266906359
n00ddb3ca40007ed,0.501510086096687
n00e6aa24d47c15a,0.5003927210156938
n00eeb566a520a02,0.49995599292213283
n01062fcc6381eeb,0.49722315888234775
n0121c42d8740a9e,0.49762130276712024
n013910558dd9177,0.4984533427873147
n013a2fec620ab8c,0.5010690920676699
n013bcce96357f5e,0.4957255002183394
n013ff52dbfbba7d,0.4993635025686589
n014149d50a82062,0.4976157971525016
n0148733a516f347,0.49890652424443416
n01518cb515900fd,0.5067362252609237
n0162b2396fada9c,0.5003335923135727
n0164f71365296e9,0.502447248826972
n016bef7c64ff81e,0.5037299691853204
n018804da02519a2,0.4987914425135321
n018bcb3c82e52fc,0.498377432625691
n019ad6aa6d032e3,0.4968890024819307
n01a1c515d72fc1a,0.49425246541945383
n01ab1c5edf4cc31,0.49477808415799496
n01b213b4ebaa98a,0.493041362986691
n01b5a1ada7e5c74,0.5079163625993122
n01b6a14001e7cf8,0.5018218157337623
n01c3ec7bb258588,0.5029213596291248
n01da130022d5708,0.4935547631172776
n01e6cb115257dc6,0.5002318075518554
n01ea9bc70400901,0.5038852103730568
n01eb6ddd2fa526b,0.5117221878084679
n01f85ffcc7a2f86,0.4998418527865306
n02061fc4a56faaf,0.5008589729490659
n02099c1eab95ab1,0.5006625622419353
n0209fbf8873261a,0.49827651497103165
n021ad43d9ce517e,0.5045560674292299
n021d461369b2b06,0.49844184950139586
n021e617e1380e67,0.5014814122092536
n021ec0a08f5867a,0.5010616037253114
n0222101d17e150f,0.5003643772007468
n0229e781a2a3d2b,0.4999730562239977
n0233e64b9a4ac92,0.4973700910550821
n023ac844102fb82,0.49968156832112026
n023b023479cd911,0.4994369749884157
n024a29e693f5970,0.5005377827894874
n024b5dfe6716a69,0.4958711314497994
n02501d1d60bd7d6,0.5081589087975706
n025427c45aac82d,0.4996393801575461
n0258fa0744da87f,0.5007189532683316
n02649817af053b4,0.504099362348954
n02664d22c5733a6,0.5071220631288317
n02738fbcb889b9e,0.501733919793313
n027acec7d8651fe,0.5017810375044413
n0285258c6e6c14f,0.5006437614556156
n028a6481d569835,0.5006609491137277
n02a80d4d1be8e3b,0.497157204267584
n02b5c6ec4c7248a,0.4978961242870204
n02c14223c011954,0.5016193173896653
n02d46811350f655,0.5036204390711474
n02ed989671dbf8d,0.5024763944832724
n030185216ae8c79,0.5014498855320441
n0302a598148e957,0.49351823505265374
n0306e3833cef984,0.49815965838633797
n030b622e17b0da2,0.5012465702393409
n030d7bd90927093,0.5083015033241174
n0312661bf43be1d,0.4984800295725602
n0318c2f02d0c898,0.5066766460501677
n032b76c81908148,0.501251080065156
n032cc7a5ab58050,0.4990496803663844
n034a2420d1b9e65,0.49876794441873856
n034a2cc5005380b,0.4918728457048337
n034fd64645678c4,0.49822016005886904
n038c91736574744,0.49781885868183423
n038d00f88c12c82,0.49992019071132315
n03933305981f934,0.4976737761833337
n03a2b06e9f470b1,0.5108910833273301
n03acd25fdd6bf8a,0.49828927822079594
n03b6afa269cc3e8,0.5041238362266174
n03bf875a4ab8164,0.4991286182564404
n03c71ff84afd136,0.5008506348073897
n03d0034eabfb6ed,0.5037398847874993
n03d0598423407d3,0.5038345234978141
n03d870d5858e04c,0.5037820153998391
n03d8eb71a649166,0.5007182451430169
n03ee1652c7d59c2,0.4952714451675732
n03f0c5d575c16ae,0.5005634196268306
n03f31b60ec010a0,0.4981549754768526
n03f38c6400ac635,0.5001023556575555
n0401887a693e9f3,0.49930854857535567
n040c28a21f4a8cb,0.5003990671716674
n041b1a884478dd4,0.5040965243799741
n0425b7a3a612bad,0.5038372118616121
n042c626d403648e,0.5027656157888498
n042feff2738cda9,0.5025591019306788
n04363fcfa452364,0.5004978533726647
n044e8574f606a72,0.5047582225323026
n045bb3935c464c7,0.50731929832381
n045e2a609dfe25c,0.49442403672948787
n0462c14f0ce2c3b,0.4981698531910325
n04709737b30327f,0.5011223719146576
n0475c5f44f85fe8,0.5007745850733456
n048ac075eba90c9,0.4970969235061093
n0490b3e46c3e7fb,0.49833972478879673
n049ed50ad388e43,0.5070478413703231
n04acafd379f90bb,0.4989313044910837
n04b6f9d79356c07,0.5020052257609935
n04c468e37992f72,0.4991672455684487
n04d47375ea75edc,0.49567789405968704
n04e2d6ad6d34bc7,0.5031947100236018
n04e337772648b2b,0.4986224742808525
n04e6a6b11b9bad2,0.4995303550128055
n04ebe78cc5bc00a,0.5022875892585466
n04eee10c0fbab83,0.49718525827554805
n052885ee2c0a6dd,0.4996715685389432
n053e9d2892c5ffa,0.4913723387681402
n05535658b17b0f7,0.5095515839012654
n05576800c7a437a,0.4929299316515934
n055b4d139a8756a,0.5010074584172365
n056c53704805a35,0.5062149961867018
n056fc41271d6ce0,0.49958843434048744
n057190e2acab7d1,0.4980157254303999
n05783a15d734bc9,0.49730518174214666
n0584e479b61712c,0.5015485147850637
n0585d4ded373e0c,0.5053332743291118
n05ab6d2a0e1d308,0.49927078127390956
n05c767498e02714,0.49454246566942234
n05d6a8e383c1fb5,0.49633989709609716
n05dc6c3ee319634,0.4961300662232605
n05eb7af47bcfec3,0.49957661156364186
n05f0b1b5abb7802,0.4982965273799333
n05f6b99644e97ba,0.5031661011633182
n05f713351d23b56,0.5079279809587195
n05fc9cca84c0c43,0.4995832721309911
n060e9caf2590c71,0.4927934904406849
n06163c37050a060,0.506561666313266
n061b5411190b8e5,0.5006117486887854
n061c72ad71d4bfd,0.4980337967457281
n062b953025d4d24,0.4985286026744766
n062f73dbce74935,0.4989628374917821
n0633565b4e06f25,0.491409882741726
n063c4027e4178fc,0.5010861728837024
n0645b31a50df3ea,0.5034166885366741
n0648b2da7cd4963,0.4968455621593179
n0649f1c04445168,0.49907982734701656
n067087e3a6d528f,0.5059321709537984
n0673b50f637626c,0.5046689605944633
n067650a203c6d79,0.5047695938578936
n0680e2a09af351d,0.49646617341202304
n068bcd7eaab70bc,0.49964689512975874
n0690848a5a43eb6,0.500085015388937
n06a1438478f9bab,0.5042269298574453
n06c4856c5e241ef,0.5034362464724466
n06d71d389774305,0.4992759673563808
n06ea0a5ae2c4230,0.49614175470450356
n070a5b3fa7a9509,0.4988968410746953
n070f445ac8a52fa,0.4986038491216337
n071170015837090,0.49950153656055013
n072b2569abfad77,0.49931099805218176
n074620402474eb0,0.5001809090459911
n0747b43ab3265da,0.5027049843549284
n075c8e593650f83,0.5042689723015621
n0777efa3e5deed6,0.49596454512545585
n078d5964745782b,0.4918869474119783
n0790d40fa6fb549,0.5026299382013196
n07980f1b2526499,0.5002288673095133
n079acfc38de89e6,0.4939467210377684
n07a37d54141b198,0.5018161362115188
n07b4699777188f5,0.4972213373198794
n07d321200678747,0.49925948189116603
n07d4d087cda617d,0.49728462546037083
n07db1e6c7b7bcf2,0.49731983361589993
n07ed40188c56827,0.5060258954227382
n07fd33c4021f1ba,0.4971921214862548
n08011c229a7e505,0.49805225204827275
n0811146bde92404,0.5059357279035614
n081ba8129532c9f,0.49070056926727873
n081de591f53d2c1,0.4980298401650682
n082a65a69d02a77,0.4992446126195875
n0830025459f5829,0.4962964046672474
n0832e53d7838602,0.5001669587504379
n083f2216909ef33,0.49697802396404783
n0843be056ae96cc,0.5065114632764047
n084fda3ab3f1230,0.4977022582041168
n08504193b993f47,0.5022676547207487
n0850ae705facf8b,0.4995273426184533
n0850ddae7cc746d,0.5017245836523999
n086847e6b0086df,0.4976108504324449
n087122c537019cc,0.5015671540531251
n08901a11c770e01,0.5026132406510623
n0891469529227de,0.5013633649281445
n08bfe4986a7c302,0.5029411269606388
n08bff95afe3c622,0.49830117433996773
n08c4f3e67ccc226,0.5030056077032763
n08ce6e15f674033,0.49358234506406234
n08d1724a72f0837,0.501390370918506
n08d8b26a9210913,0.49916277786286795
n08e7ba615992675,0.5111892999499942
n08eb79a29911694,0.5008330607213769
n08ed023913ca681,0.49681569291889793
n08edf7a2cc559ca,0.4986310927994958
n08f8b215e0b41fc,0.5060503940037264
n08f96b38ba51791,0.4951020030643987
n08faaf9205dace5,0.5029498014457381
n08ff9226447e4bf,0.5090423771740114
n0904f6dcaa60fd4,0.5032386301835348
n0911a920f464324,0.5090638481787976
n091daef835588b4,0.49176341610214724
n0920cd79cf5e727,0.5016485261564656
n092aa130fef3f4b,0.5003803620045503
n092fba0d9d9938c,0.50447791541383
n093ed3d0362fc9b,0.5073558200530104
n0943bad3bf17b1b,0.4953706923933823
n0945d4031fab2be,0.4984299045311556
n0947323ce4b8c9a,0.5053827862631763
n09548856dc02ff2,0.49697706612378806
n09564e9fff63ddf,0.4989811169312436
n0960fa133866519,0.5097775471261949
n096505ebe2ecf64,0.498154309446424
n0965685fc1b8bc3,0.5043832056544768
n09a449cf0a43467,0.4987782505789428
n09a51d7aa74a25c,0.49866690351646853
n09ad05ba68412f2,0.5055687369150207
n09ad5abf285928d,0.5036999494895789
n09c4871e5201033,0.4965840898587364
n09d787066e1761c,0.4981006572336474
n09e2f1126b4beb0,0.5080212311722142
n09ebf1f161a776b,0.49892238982629067
n09f579848e6faa7,0.4915522102618629
n0a0248b5d44892c,0.49736590111880297
n0a04973a9f82197,0.49737332750197455
n0a1577788234c97,0.5051106886315906
n0a27c4dd7f6c33e,0.4967609591776436
n0a29fdf76f6513d,0.5065279862910247
n0a2ed6117f4c705,0.5021459018008138
n0a3cfcc639e9cc0,0.5012174122065677
n0a57f4cdfdd7073,0.4977761827480342
n0a5e00a6a0229b1,0.5008223151629947
n0a6554e593292cb,0.5036487705623116
n0a6ba7dd6c2cf5d,0.5010720794048645
n0a71cd6aaff0368,0.5032387353536033
n0a797dddd3277d6,0.4997818665547047
n0a8ab51b4bd4545,0.5018995280095261
n0a8b4ad8ae1431b,0.5046693327624359
n0aa183257fad508,0.5033040586067055
n0aa80dab97a69f6,0.5017436364919338
n0aaa8624b15d7bd,0.49591021368341515
n0ab36cfe3c1fd2e,0.5067383729423414
n0abb09298eb92fd,0.501082034007042
n0abc7cd2c8e1b18,0.5011622021874294
n0ac3fca8f4c5a5a,0.5027428426653614
n0ac5183b4448cf0,0.5010376588321435
n0ace4c19d3e67be,0.5077068259406263
n0ad82da6915c340,0.5021820280726175
n0ae88af96d459dc,0.5052444726454154
n0af8cf988a4ab0f,0.4954362802447384
n0afa03f7a99a33d,0.496779353459159
n0afe761171582d2,0.49324551869894356
n0afed3def9f61cf,0.5003370539131933
n0b06d7bf4843975,0.49833298791280406
n0b072ed389ad2af,0.4983783194130024
n0b12a319550da8e,0.507360219436317
n0b19869adaf0f8a,0.5044269397306526
n0b1e916eefd6fa6,0.4961255445503179
n0b2e6c596ab2e3f,0.5035526272624731
n0b33ef5a061db5e,0.506129194389943
n0b414331d261c7c,0.5037218039425757
n0b5604bde9ca249,0.4962607161499843
n0b5d113f6340c4c,0.49539443991553184
n0b604ba4e5c4609,0.4972011410755377
n0b6ba08070866fa,0.5043768529704038
n0b71c75406663ce,0.4992748491323276
n0b768cda2a2639b,0.4997063188819833
n0b7bccd6dd7b62c,0.4991489287484113
n0b7c8a4a42478ec,0.4962945024481471
n0b83d1a7707719a,0.500049080029505
n0b96340ee7a7e29,0.4977346162644705
n0bac7d7bfbf6298,0.5005713030726269
n0bb7f7eada1d955,0.5023331679275025
n0bc0c8638a52bf5,0.5025303402725715
n0bc3e0346cc73be,0.5083753534618842
n0bcb587a60b3370,0.49711304944098106
n0bd011a3a983047,0.5016673830641186
n0bd25f7a314a435,0.4993349866730493
n0bd2e9f9ad3ba50,0.5000896633574939
n0bd5b466f2c930e,0.5064069699580649
n0bd689ff39cccf1,0.4998962684755253
n0bd97d2f00a45bc,0.5001463589983572
n0bde4e1206071c6,0.5032201549010866
n0be361c455a7c91,0.4972853153353774
n0be70216a4b28f6,0.5028785414840987
n0bec3f59484b0b9,0.507072421915292
n0bfc55132da69ad,0.49590335221691545
n0c228fad35d5abb,0.4978355332360402
n0c3eb3bf142ca4e,0.503427202848477
n0c45cf0fb241fb9,0.5028979649847058
n0c53bf405c9fd42,0.4968736723576268
n0c53c713c060560,0.4971650498634255
n0c5972acf2d4dd1,0.4941628039559424
n0c70c4ae5de7a64,0.5029989041185896
n0c74ba4b14f8c30,0.5023834286542799
n0c7d8673d879f2c,0.4973223920317865
n0c80d4f13535dd7,0.5060690843935446
n0c827c40549b8d3,0.498943117280194
n0c926c42e46393e,0.4992093364333366
n0c9c4ab9765c728,0.4967764844495833
n0ca1239e95de569,0.4982530658157151
n0ca6e3a85042e59,0.49397848673259676
n0caa2c4612f52b0,0.4985592489494025
n0cbc0d44a3fef5f,0.5030073212984326
n0cc75ba16cbc9bb,0.49711438472394975
n0cc972ab9547efc,0.503078302798352
n0cdb123f70460fd,0.49368279916451224
n0ce2b87190d0518,0.5027030905727196
n0ce600c840ffd16,0.4979574996678929
n0cf0ac343cb5875,0.5039226258022894
n0cf8039df66d0f3,0.5001660481684028
n0cf8dfca639505b,0.49422899847963087
n0cfedd0a358c285,0.4972817145001445
n0cff16491799e93,0.5007544227725182
n0d0606e128096e1,0.49824248503006363
n0d094d7e836f07e,0.5025320075725453
n0d0d74065f7d0f9,0.500108016543889
n0d0d936bc268ad3,0.5003744466488055
n0d2b8fe6bdfdc88,0.5008098280709448
n0d3f84676434bb1,0.49497248281809136
n0d5e1af8e499e6f,0.5114057813024797
n0d62ece856eeabf,0.5043007529859702
n0d6b7b50a292d68,0.49815138635266
n0d6fb844b15923b,0.49837856205437003
n0d76d049987e633,0.4882923428868102
n0d840cf2dcc1e95,0.4975069288750933
n0d91e1c9b8389af,0.4922722425450151
n0d920491fab9af8,0.5054414197551066
n0d9cfdad6012e98,0.4982383856620268
n0d9f9e1aa1215e5,0.5003719954284668
n0da5900ee20fec7,0.4989279419736828
n0dad702d5740522,0.497200892086185
n0db02a0cee3bc82,0.5082341248066665
n0db2075b236c82d,0.5087018520082724
n0dc9f498b10884d,0.5006932547665239
n0dd382ded9ecba1,0.49133679943593167
n0ddbb4a7a3ae288,0.4930812050901392
n0df3959cc200a41,0.5019334813781365
n0df474c81e5d46f,0.4983256558021422
n0e0046acc1d2527,0.503014159136992
n0e05f9eb1f350f8,0.49796588782592
n0e062b539f20ff1,0.4995802581047628
n0e078ae926a1400,0.5010506224077699
n0e0d6375686c3c2,0.5000999904155988
n0e14317dd1a94f5,0.5040442216630128
n0e2cb55f88481ba,0.49762943189641795
n0e3accf24097fa5,0.5010348392516595
n0e3d0b4382b053d,0.503392170727573
n0e4a3d4a1c2f557,0.5028758800726184
n0e4b7a463d02f11,0.5098735479237924
n0e5b14b91ea0377,0.5033269526226913
n0e6816209e1309d,0.4969631663006571
n0e6ad2438fb093d,0.4958989059567426
n0e81edafd5fb954,0.5031353912277702
n0e86912486a6cf7,0.5053802331797502
n0e87aafd3c670f8,0.4994896194253678
n0eb1441d554bebe,0.5013715297403429
n0eb2fcecdf1564b,0.503289068783137
n0ebd56674dd2a97,0.4988365782289815
n0ec2e00ca31e464,0.49717906969635
n0ec685333de232c,0.4971775014802381
n0eda68d10ffe85a,0.492837706274456
n0ee0e9e6f57757e,0.501501962465671
n0ef5f30d20f1fe0,0.4966111494701073
n0efb2bc4c70ac74,0.502087352578491
n0f07048fc277733,0.5016296136576482
n0f1316318e33d9d,0.497983731122711
n0f189cc1745dc90,0.4943109209716253
n0f49c3f9c0ce243,0.5099276833060212
n0f4f6eaff0aad93,0.5048741808786305
n0f58dc23fb194ec,0.5004125384184868
n0f5b68f310a4f62,0.4993970588093999
n0f6917cb7c24c19,0.49864974830088943
n0f716ed61d80e7f,0.4990933606544433
n0f7bf71adfa228b,0.4946952174389736
n0f7fd3e696d2a8f,0.4983011202584591
n0f83b68133e2a6c,0.499040938745571
n0f893226ff23077,0.4999493840796901
n0fb5d4ca7acbf9c,0.49687090322146693
n0fc2cc79b133e00,0.5029719399572711
n0fdcc653f3efda6,0.5027318208674102
n0fdff2b8055f879,0.4977515170885768
n101c72ce283e3c7,0.5071714372814873
n101d4c8ead8e35c,0.49378691257985646
n10457fdef2d26fe,0.49905827435807043
n104a24737dc94d5,0.5013920697372041
n10509676912e738,0.49538660899593195
n10577cafd446fca,0.49987134662056343
n1068873f1fcfc75,0.5068243225600298
n107352a56581ae4,0.4994753350379569
n1076a1ee663e67f,0.49336977156500594
n1077108f6d73573,0.4936963932022689
n1087840ac8c464a,0.4998228407161282
n108aabd3eb9ec68,0.4952603150353103
n10924c601fe671b,0.5016141155344036
n1092f3d98aee893,0.5036692576800529
n109eeaa7a145798,0.5016297823827063
n10b0eba6a949176,0.5020414110427551
n10b18bd4927a511,0.5016365572929228
n10b8daaabdc45d8,0.4990027663998955
n10e6df4d64a5567,0.5011886468008145
n10ef4036c01b37f,0.507185596455047
n10f2e3f3593d70c,0.49836924003357036
n10f41201ea22b17,0.49653688601848445
n10fd4a4a0cec206,0.49971089801739943
n1108831351c16e9,0.4982093417124576
n110c6104be85661,0.501730390603546
n111304934c0d3c7,0.5058276782122832
n111552b2fcf2e68,0.49737170984976586
n1117c0729c320cd,0.5114226463084282
n11279a8aed06bb0,0.5004729087783818
n11289c05b786eaf,0.5030325931093969
n11395957531101d,0.49777121428711607
n113d90594aa4def,0.499440952194979
n1148d32b6916940,0.5065354273842123
n11498a801fd4c9b,0.5040961191449085
n11517937e4c46a4,0.5029258228531878
n11583133cab8c5e,0.5040033543656821
n117ed3ffd86486f,0.5033541554213096
n118231c1cdf5a24,0.4930467555780775
n11832defe619a2f,0.5038521915521245
n11936cc8e613f2e,0.4955015622802787
n119aa0c8e45300e,0.4951388920582568
n11c3d731ae492cb,0.500590584363254
n11c82f2784c2800,0.4960910542454049
n11d1b5ecfbdf23e,0.503720471290082
n11dfed18e170d5f,0.49850567487561925
n11e484f7aae4600,0.49719143959049716
n11eb05e43e8045a,0.4959423580847942
n11fd9818315043c,0.5020983862660461
n12022b0535eca80,0.4996869978992942
n1202bb66eba28a3,0.4966414456514569
n120b74d36185637,0.5079012988019285
n120fb2163f90745,0.5021039804170605
n12249cfc9d6da2c,0.5042915452550697
n122586c9886500f,0.4994593362810099
n122664df1f04acf,0.5067588632719041
n122e7aba0573879,0.49891099537824857
n12300d38d98d9b9,0.5075636695179219
n12314ec04ddadad,0.5096869878863602
n1235c8f5a559787,0.4960035259324827
n12408ad042dac83,0.5070322792883009
n12448b7afc2d8d9,0.4948060826134365
n125f4a02932a045,0.49997359190665674
n1277faf6e6f23d8,0.496965192294359
n1280b32144402d1,0.5017825481706379
n128e7133d77fb90,0.5048025722337633
n12a51c9fe8d5967,0.5060402686016737
n12a65b26df93e10,0.4988952028483466
n12acf7baf2a36ed,0.49115431881951543
n12c3924f2f3f9b4,0.4993419306920346
n12c3ed5ddfafc54,0.49574714483484666
n12c53dff7580cd3,0.49942653959613603
n12c7bedd9ed77e0,0.5037147020369936
n12c909a6bdbe239,0.5027210773251641
n12c9dfe4f828583,0.4959244549343411
n12cb7fc02377fb3,0.4996223923946168
n12cec8339ee345d,0.4971615612928548
n12e2d65c1e50f14,0.5023246803454977
n12f183a0d247aaa,0.5021527437709351
n12f8b382fac8809,0.506213776841966
n12ffa45c40e3441,0.5037272640162348
n13042ff7d796f92,0.4957344242309213
n1306f05216bb167,0.500351558484213
n130eb27cea6902f,0.5055905844366356
n1316bb5107a2f2a,0.4990045076992282
n13223106a5bda6d,0.49776592697953387
n1326dd70644fa6c,0.5021861907323901
n132be06b424ec1e,0.5015045295319118
n13364852575f265,0.505714624822086
n133c5c36fe85557,0.5040812813745343
n134004c69e8026c,0.4968777940873855
n13425968b4b4d0c,0.5039165357719732
n134728b826d6004,0.4960528799555108
n1347460ae8959e4,0.4941956729905777
n13488aaed118c81,0.5005015121217714
n136761fc6982709,0.49724021794481565
n1375b2816d9612b,0.5022408234980617
n13784e2e176b471,0.5001560458497528
n13793897ea0b0db,0.5046212150831131
n13874bc2abe8fac,0.5026117188671422
n139c9726e399a88,0.49695208618389236
n13a1c3792cb8328,0.501301356475675
n13b45007a1c33f4,0.5007480820623178
n13b9d8d30aa3e52,0.5015541163220052
n13c6d64f9ac1882,0.5090750341814856
n13e26ef173720c3,0.504227223816215
n13e274c6a6eb09f,0.5024107449259481
n13edfb562335b91,0.4980131487440277
n13fa4137b88d333,0.5035550127142874
n1402ee85f695478,0.49455661803176054
n140a675de5161aa,0.49968036849660524
n140c84c091b7b7a,0.4966198310926103
n14136dac256812b,0.49906629349187404
n141922463e0d934,0.49885842499885974
n1435bdb03fc625e,0.4982448831929155
n1445d68f7302838,0.5048651008862125
n144ec1aa29f5305,0.4966645533063656
n1450da77742a10d,0.4978513504328607
n14685f1e1628d33,0.4984596815527728
n147df3c0da47f04,0.49725176685655514
n1482611e08af2ca,0.5065026216750309
n148e205f10c5583,0.5010144623539043
n1498e67fbdd4a1f,0.5030753222986201
n14997ba6f09045c,0.49563379535338
n149bcc9ead1a251,0.49825347007701254
n14ae614aa4442e1,0.4958185613172247
n14aedf30655b271,0.49573897675097645
n14b606cf7e18155,0.4985372378981427
n14c17b9d408df4b,0.4977479708526192
n14c181fb03c88d9,0.49678635639019836
n14c4a9737fd6cc5,0.4958537463693743
n14ca594ef95af8c,0.4975783560884591
n14cb19e51ccf5ab,0.4991120076236206
n14d278f19d4a423,0.5032880493016163
n14e2309ae5a1fc7,0.5032582828320988
n14ee8dd304fa4ad,0.49848520809068
n1508d819c545cc4,0.5007303641011789
n150d2f4bff9c433,0.503468524481343
n15183bc1bab5ead,0.4988211400937892
n151fc50f211561b,0.4993499660937255
n152f2efd5b0c80d,0.4956742383735945
n153af59bc7ca3e2,0.49921820557273616
n1544f9915a89d3c,0.4985170643048864
n15464813cc17c12,0.5084406213569008
n1546d2111107e1a,0.5087552428321682
n154778b790c69a3,0.5011482972748115
n154a353ed304fd6,0.4969957912584023
n1553e8edac60c28,0.4997604161837011
n1557cdcfa30d672,0.5042828484401368
n155beaee6ce7938,0.49791957394810826
n155fba4eb8a638c,0.5069763235928056
n15616a291088587,0.505192923705763
n156fba2d1c22186,0.5001110122886323
n15717ec22a681ed,0.4980623951746225
n15845aee62ec368,0.4985741909251466
n15895bc5938c667,0.5048159746848705
n1590e39d7a2f239,0.510755375076222
n1592f33f75e3d93,0.5060974772372993
n1594bc42da836cd,0.502573712265178
n159f886f1ef2c9a,0.5002163362203447
n15a3d1141598cc3,0.4957849879681774
n15a57d4377ce3bc,0.5078868050230778
n15aa8a4a79edcf1,0.5059261382498463
n15b32b122530c3a,0.5013158233047821
n15c8aab5e11d781,0.4980984110257526
n15ca802d2a40c1b,0.4987555522486556
n15d0af2d687afc1,0.49734405474404264
n15d56ecc6947824,0.506631288565482
n15db5df86d828c1,0.5003700797904513
n15e1479f697623d,0.49958904983853836
n15e687e7f0c242f,0.500720622505816
n15ee0aca0d91612,0.49886011810469
n15f773db06c94b1,0.5021509548499687
n15fe67198fbc357,0.4971515211785
n1600ae29ad7e198,0.5071581247174264
n16026db20a29878,0.4978450000528857
n161aee4268c3add,0.49937141011707703
n1633af97acd1eca,0.49958341976324233
n1637d2cdcecd094,0.501886882746425
n16469c5961c0021,0.49475530079960683
n1647fd2a4c956da,0.49172458990065343
n164db1e7edb1a24,0.4999665136381099
n1651172210cf91b,0.5007856403154614
n165bc13f2e48aaf,0.49674741989440124
n167c1c20641d5ca,0.49676987257379585
n1686a54b6775bdc,0.5053878655286032
n169597b7acd673b,0.49665377556892737
n169a09a4de5cea3,0.500961077500709
n169a52b05122e01,0.4970517171690553
n169b069e151481f,0.5081759905410489
n16ad749ed07201f,0.496321099316342
n16b1a56bc2125c6,0.5084312824310417
n16b2ad2bf94ef73,0.5031321036427269
n16ba5cb0b131bde,0.4968795251125829
n16cf362b14c7000,0.4992974338413759
n16d53cd38c0cfb4,0.502807130993046
n16e41312ce17b52,0.5084210286639317
n16e44b7afc4f2ed,0.5008924949122171
n16e58ddd1623147,0.507467329354263
n16e5cae7498000c,0.500126855583362
n16e98ff3c474c8b,0.5002828917486174
n16f5aadbdc2a781,0.4965474450691453
n16fbe6454d1e6e9,0.5029396713704118
n17047cd2587e651,0.5054809277648066
n1711e3753836d3d,0.49923521960638456
n1712cc3d8d902a8,0.5003284615815159
n17176ad60210a74,0.49923696416874547
n1725ac7dd458349,0.5067854371386519
n1726dd52debc420,0.5067318333020793
n1730788f13d1892,0.5006875979983831
n1741573213bea00,0.5034726972686989
n176165232b06b4a,0.5014924992834389
n1767ba6611abece,0.49790187084761095
n1770cd27092fff1,0.4992122282050426
n17779af5911afd1,0.5064988927576151
n177b9cb5f746480,0.497526582310832
n177e82872d5e48c,0.49564217344346645
n178efbe3acfdc72,0.495313515309503
n17bb57e662d5d56,0.502457304108702
n17becdcbd1cf017,0.49855932612804277
n17bfabf39026608,0.4994758500404004
n17d76b81e346c40,0.49834384003649784
n17e5b8692dfc180,0.49637840753641427
n17ef5dc1113d3d0,0.5010399773680541
n17effbafd91d0bb,0.4986643713110684
n1807edc3f7e14de,0.5004915162338683
n1833f8315ea5f4f,0.49774123765672285
n185302101dfa78c,0.5046844989815797
n18547549b881345,0.49501439784787843
n185a69cf68a7709,0.5000016926494866
n185d53428e34a3f,0.49556010562336766
n185e7151c7a617e,0.4970753142146112
n186247e1b21ed47,0.5032156156623965
n186b4bafe994ebd,0.4986221013129058
n18707a3a65cbc74,0.5085522831380592
n1881de98e0c5d41,0.502063616775175
n18826cb8c82be28,0.4991628990964211
n1885933c33e82ea,0.501474766270694
n18891de634ef116,0.49610648351528797
n1890a45aec589e1,0.5042646259513374
n189646688fe36c1,0.49863647616156237
n18995777263497e,0.49787130800556106
n189a63c10c4a342,0.4981905579743852
n18a4280707accf9,0.5042514817359922
n18ac615812d9683,0.5048426574077641
n18aff037eb17f12,0.5029868891556224
n18cc0bfacee5882,0.49325671571144736
n18e0d1f7d5f64a5,0.4988544184552483
n18e8f64ace7d53c,0.49896538184751144
n18ecb03e5b9a49f,0.5025804663993154
n1909aee5b58c082,0.49973084713557114
n19146a8fa3639a3,0.49829115927402207
n19194c916fc49d8,0.4980352547575038
n191bdbaa07a954f,0.49486764835542857
n192803526b80a24,0.5060841270744999
n193362bf32e3e00,0.49631997322870197
n1965fd3f37b1351,0.5009389159243446
n1967045b2e94726,0.5023851620430502
n1967d0273fa7f50,0.4930149405985249
n196cdf9345eff13,0.5021252215820883
n196f1bcb2d96c12,0.5063191504216132
n198a299a76ed7a7,0.499291149335214
n199cc8b184194fb,0.4963846603207754
n19afe3a2d9467e7,0.49977110203000363
n19bf1f7176b383b,0.502052445773974
n19c022cdc199afa,0.4971470061202072
n19cce545af715ae,0.5026449675669838
n19d0725241d3a65,0.49939652228927606
n19dd015dc745d51,0.49299307035372053
n1a02d2dd2e54ff3,0.4949214484305942
n1a085a17ad6ddf5,0.49768948773818467
n1a0926964e01912,0.49994985371029116
n1a13d2b30ea1e6c,0.49623278010786587
n1a16fc042a5df3a,0.5015806546469037
n1a29e46b27b37e3,0.5056021516026042
n1a2a940fd82a942,0.5005880084527695
n1a2d0412a4ba121,0.49686725713349755
n1a2ffca5ffeac73,0.4996283188113111
n1a3b20b0d368a1b,0.4968871616819524
n1a47fd2b2c544cf,0.50349625333635
n1a50e853da3012d,0.49720158776147294
n1a6895323f525d9,0.5001431255814597
n1a739cc8af33c2c,0.5006570546989222
n1a7b7960f4586b8,0.501066562013419
n1a7ce210d944036,0.5043908256338929
n1a7f4e5dba41b89,0.48747445400793266
n1a804a9a9dd9de4,0.4987390081858959
n1a820fe17a449b9,0.5026680151364145
n1a8b5dbd687aeab,0.5058164924914822
n1a908611646fe06,0.4967819833167118
n1a96badc0fc9d87,0.501780625509396
n1aa154af69bbce7,0.4997236022345735
n1ab10bd81e14bcc,0.49214121405514166
n1abe87fa4ff4ae4,0.501275159017869
n1ac12d303c91d69,0.49704827999601375
n1ad2582d1e805a4,0.5039367085084726
n1ad5141d0aed875,0.5050922971074212
n1af70fabdd574b6,0.503706263309885
n1b02f51a444c607,0.5020852756298884
n1b0cb912581137e,0.4963357698364938
n1b1139e784a0949,0.5039312406696578
n1b15532c760c3f8,0.5039980253662211
n1b23a6b8d20c359,0.4968713723977732
n1b25572fe594ade,0.5005942833056974
n1b28dc02a32c8b2,0.5033562366953707
n1b2b8f1ed54abda,0.4979344218055506
n1b2c29468de1bf7,0.49749149451514707
n1b47e90c1c5a54f,0.5011869534611009
n1b4b31511f1e49f,0.49929577605961534
n1b6d53d70e8bdb2,0.5001871423142832
n1b773eb2c95f568,0.5036713147797827
n1b795ebaf0e2a15,0.5043823952976861
n1b7d74464abf66d,0.5015256277855449
n1b808e407236510,0.49388835609028675
n1b84ec6f20b58c0,0.49593349074050164
n1b9d93f2e173e9c,0.5003469398254974
n1badde1860bb5dd,0.4955312866155123
n1bb1befecb3f27b,0.49773941419416556
n1bb26d60b02b294,0.49633131314090306
n1bbfbe61376d576,0.49936892414178746
n1bc8bdcb1129f8d,0.49861295650356546
n1bcb5d3a882bb73,0.5046717396333126
n1bcf897715ca638,0.5065599763891109
n1bd053537340573,0.4984020411935119
n1bd27a8a1a64fd2,0.5019429558273614
n1bd5c40d4ef2e82,0.506943890075597
n1be6b49f0202301,0.5053855460704357
n1bec4f6ff519be2,0.4978984906639359
n1bf1e18492b724d,0.5028741515308132
n1bf2f7d1d70f2d0,0.5040028834684669
n1bf4d354b3a6f1e,0.501656871356398
n1bf8341027001c2,0.49543246742931873
n1bfde39b68b7e59,0.49903807473785033
n1c0d9c765739d7c,0.5074545601806535
n1c0ec3473cba599,0.49263569970561377
n1c1507b7010dfe8,0.49831659632737685
n1c1d3bbe0ac2570,0.5061638280582123
n1c1d7d7fac8ce39,0.49764917457556246
n1c235f4303bcba8,0.5024672266303523
n1c2b068a3908d9b,0.4944211088391851
n1c3c6095655e6c3,0.5009321130942642
n1c4c14de142a235,0.49911384862999214
n1c57a84617e8929,0.5005625583869128
n1c5b9bfb494672c,0.4968582292982808
n1c653e9267ccb84,0.49907249918429514
n1c6f0b2f2558d10,0.5001741637435602
n1c708c9e3891c6e,0.4976995008926703
n1c73a925a9f4f2c,0.49918797845740454
n1c807cbda56a4f6,0.5006187681943773
n1c819f5022304ca,0.4996942367799406
n1c9ca2c87d4e9e3,0.5009519213734712
n1c9d92b57aedc51,0.4981544801239402
n1ca6ac3139215af,0.5022759562698029
n1caeb262c73dd0f,0.494827708256702
n1cb7819fc699f55,0.5016451366969553
n1cc3c171cc8c588,0.5041009672473901
n1cc69f89b8e300a,0.5010549833589149
n1cce765a41796ec,0.5008000680781595
n1cd43a050f0e7de,0.4932114554409862
n1cd6667a5819316,0.5001867089202402
n1cdced60871b3bd,0.5103961739828247
n1cdd281a8c2aae8,0.5007327540895165
n1ce1d0f52946a90,0.5004610983346268
n1cffe0d5e7cbda9,0.49812750973154396
n1d001761baa497a,0.49792855615898785
n1d010f7cfc8aaab,0.5004349671714294
n1d1d9bc7efad0ee,0.49882878128677277
n1d1e450869ee50a,0.5001149797266407
n1d2f45b4bd3bcac,0.4963475350758678
n1d3c787cb755622,0.5008304881157627
n1d3dcfaa7d36448,0.4986783053513129
n1d4435dc8f396b6,0.5036413680100659
n1d44f124de58270,0.49994338783568965
n1d5ac5dbcda6d7c,0.496205113464075
n1d656d4f4666fbc,0.5057664299547195
n1d79b4a82795457,0.5025892682840436
n1d7b76ce27f50c2,0.49730114857932795
n1d7c7fd8c17e767,0.4949052676880531
n1d8234857c8fccf,0.4981076714652648
n1d8e2ad47babb5d,0.4974739349090003
n1d97ee82e515e44,0.5036549130900851
n1d98c70e15016e2,0.5019041893368588
n1da16c578ca1f54,0.502644491109377
n1da17b5f37076b9,0.4997424012009858
n1da2121c4e4a258,0.503855146488843
n1da5f7e1b9e96d5,0.5025156292887744
n1db70fd31fe1484,0.4983474712294918
n1dbc72723914964,0.5035815637454356
n1dc76ba361bca93,0.503999699990637
n1dd1d236ff004e1,0.4938539191560471
n1ddd21e22bc2385,0.49916787794908785
n1dea2ab665a0e2e,0.506956835309712
n1def987fc155cf4,0.5000166097975549
n1dfc31e19f15da3,0.5021761459573546
n1dff033730bf277,0.500205850936838
n1e045b0abda41c6,0.5033767967570993
n1e1041f98221c6f,0.5093609286940957
n1e16e123da9597b,0.4901802531708514
n1e1bcfd028d3557,0.49884548725217925
n1e2790f06e9c389,0.4954606108599894
n1e2dd2bd68b3192,0.5028796960495633
n1e323588e5dc479,0.49330522728551013
n1e43020b077666d,0.5007362765217742
n1e4363bb4573a62,0.4962608971699493
n1e446e49f0cc17b,0.4980356180204629
n1e52d1431aabc57,0.4999261260688951
n1e595a93274f53a,0.5050611717819772
n1e5b1004e9c14fd,0.4966528383007441
n1e61a40bf3604a4,0.5024534813164618
n1e61f9ec41e9179,0.49541360176573124
n1e71fbb34b44e0b,0.4977284823608358
n1e90a5cf221309b,0.4924059340301042
n1e9edc5376c2af0,0.5011536001308458
n1ea7df6550cf3b3,0.49999260145503954
n1ea88990094ef28,0.4992229562781423
n1eadabe3a3e07b5,0.5000022792596428
n1eb295749fbadc5,0.4979648933239389
n1ebc660b94dbaad,0.501899331768083
n1ec0172b065364d,0.49698650739352834
n1ec89cc3eec4d25,0.500174821927127
n1ef2f63e1a8523c,0.5042524016037455
n1ef9c99772e1373,0.5012629630761256
n1f038c0a8db897b,0.5028149486517296
n1f05a482382319b,0.500065278985809
n1f0a7c13732c250,0.5005240957685769
n1f0c90b5d918b3b,0.5017120527080421
n1f1c2a5976e8581,0.49688268460581214
n1f305e2b6d10bce,0.49745541756705614
n1f37b9c50980094,0.5010261448969671
n1f44119844776f0,0.5047585387815385
n1f4796b3d5ef96e,0.4988204575765865
n1f51bf1a3c44f0f,0.4988795350855516
n1f6acb689625898,0.4973183094806265
n1f82601b286a154,0.502641814353682
n1f8bcac103a70f0,0.4998448251447746
n1fa9c6481660fe3,0.4986083167529564
n1fb6b162666b4b5,0.49299833074885724
n1fc2c12b2f722b7,0.5015514476473814
n1fe495e59a67db4,0.4980883068623576
n1fe698c9eb1b53d,0.5033508427744571
n1ff9aa85ab7a64f,0.506932925407148
n20020e6eb8e02f4,0.496696590823904
n20165788f92181c,0.501119141286353
n2017bbcf846e823,0.5017522889819889
n202ed4a72f3806f,0.5010179605257061
n20336301931a4c3,0.49892954227899
n2033aa8f6c57490,0.4946706276044794
n20493f0193776f3,0.4946286797103067
n2049de1317061a8,0.4921215071912364
n204b8affcde3b99,0.5031963125075157
n2051dd35c3f0eeb,0.5002757192071863
n2052f6751a157ff,0.4989128122866922
n205c5842bc0425b,0.4997616432953191
n206a0d05a78d965,0.49952342825286816
n206b5669c79c183,0.5017143003198073
n2072995efcc1886,0.5137704087522311
n2072b3f8c19ecf2,0.5021483943290199
n2078f31f01d3539,0.5001054184952677
n20909ab5c9f2a7f,0.49764628157522656
n20a62a9a8827ea6,0.5000856933473924
n20a649eaaeb15f1,0.5012662923853652
n20b17e68311f83f,0.5056029434309864
n20d123ef5b765a8,0.5020325780110539
n20d710a96e41e08,0.4999860012091421
n20d9956452ac5e0,0.4973826293480894
n20f6fa6472600ed,0.49614461640098323
n20f7a10ed9736a5,0.496808668228601
n20fc6753cd5fb0c,0.4975557313422826
n21018bbc8449660,0.4990925337622565
n2103a0c77d36ad8,0.4957380440669302
n210bfa3f2927c1d,0.49980823722197587
n211fa92893f04d0,0.49668122945968596
n213de47be550cef,0.4968535049194517
n2143c68672d9c6b,0.50023357219646
n21513309d9d2fba,0.4992852853560253
n215a9b22956c3fd,0.5023118587665333
n2161022962617d4,0.5015463042813002
n2166853630db553,0.5005172539484133
n217962707c30a1a,0.5041659397284697
n21882dddd6c818a,0.5026445507944792
n21918dc1b8950df,0.5011650311158626
n219d8b6ca0174b7,0.5002842900261928
n21accc195c8a3a7,0.4964296723981647
n21af9fb819f153e,0.4947609817115567
n21bad15af75bedf,0.4989317829606084
n21bc9282604f4e5,0.5013198212401491
n21d0b656ef335b0,0.5038344918341059
n21d8d7b51adc91f,0.5038742236736392
n21e21d6c81b675a,0.49662294791854084
n21e71da815960fd,0.49963475016528386
n21eb21136c6a633,0.4999377844084261
n21f34e827350bd7,0.5074003759685463
n21f86bdc0eb275d,0.5021334862053348
n2204a8f765e309f,0.5011277752653481
n22076cda5fb8f40,0.5009992361204672
n220e595d335b3f9,0.4971035653978839
n221194ec65a9d9f,0.5010802447088458
n2219ac9ac13ea6a,0.5044733653413043
n222a5fb9bd1f99e,0.5022329009966158
n2231bf7d0b75a8e,0.4929690121402286
n2241fbbb67cbd2d,0.5071775090104262
n225f92bee9f3969,0.5067094549525083
n2261957e48fa6e1,0.49986350901093934
n2263f9a3393cab3,0.5041530590797468
n226b6d8d453e115,0.49777515810844375
n2270fe8234983f3,0.497489652983706
n2274725fce385e0,0.5016966076392146
n2274a58e2869392,0.49861013029107815
n2280cccae35145e,0.49261862184074073
n22948659e2fa3dd,0.4971283190187501
n22a127c9c552097,0.501893381298183
n22b233a061b866d,0.4999842639081333
n22b690f66338781,0.5096434129288214
n22c2893f5fd3cc5,0.4937104133084691
n22c8afae2090bf4,0.4991622699386836
n22ceccb037c27a8,0.5013868479407857
n22d234536a28a83,0.503680858732925
n22dea3956b69fd9,0.5042537023674758
n22ed0b5bfdf5c7c,0.503087387099881
n2309144359e3aad,0.5021363209218923
n2309967680874a9,0.49476409238434754
n2312a243907bbac,0.5037257437882572
n23161a82038e013,0.49793483438440905
n2317086f7d7103c,0.4971247114172037
n2332305f2308680,0.5017165950635468
n23360974489b255,0.49734815009225
n2344c84872be6b8,0.5054992115825477
n234827a5dbf06e2,0.5032475717281194
n23561282f97cf59,0.49664357722727703
n235d32f39698c14,0.5000932457781794
n2360bd1642cde20,0.5059299592870761
n23816320c453c91,0.4944367246097324
n239c4e771df2468,0.5002129365342223
n23a12cb5fbbeb15,0.4979364241455984
n23a8491b061bedf,0.4983034303019818
n23b4eefe1f4e71f,0.49487848367538495
n23d0f43a9d597bc,0.5002872179129242
n23d17259d840584,0.5024392194854972
n23d4640145da833,0.5011207360041119
n23dfc6223a379f1,0.5028308468245721
n23e6a5f42930759,0.49484723572832023
n23e6c6fbae5be82,0.4903755181296536
n23ea34aaf7cb5f5,0.4994049517444951
n23ebcf1edf928e2,0.49799578228089686
n23ed2e82a6e26f0,0.5021863170780511
n23f1a97b5b00265,0.49863969852993983
n23f4877fe184247,0.5036791818150077
n23f9502f23cdfad,0.4976181093558972
n24019759d1950f4,0.4988269062760838
n2401dfb74009306,0.4990494549092902
n2416d0c9557dd49,0.5034836294014282
n241fbb35bf28e94,0.5057324216927864
n2427a19eaa9f4e5,0.5057361159784884
n24311977c1579ea,0.5029519616485355
n2433fe970a34932,0.5001040988388047
n2434f22630f43de,0.5016986139690327
n2441ec11859f834,0.504543311401557
n244b229aa8710c2,0.5047636496421591
n2452e9ebf0a323d,0.49765118025183824
n24620965f7cfba2,0.5044705635506537
n246285eafe86b69,0.5025039248444062
n246d4949375c055,0.4967412543062333
n24706fa3e607be1,0.4987456241321542
n247c8eeda3b2d69,0.49666109150837706
n247f6f7cc47dc55,0.49584877498648805
n248369ccf1ac74c,0.5070638164589114
n24846413e010d41,0.49753503378436637
n2487cedef9bcb48,0.498247305989716
n248887a1da0ef00,0.5091468962024233
n24943ca8fdc16c3,0.4991352896535944
n24982c5d782bff8,0.49925707251637075
n24a2871a801a7a3,0.5001318487527092
n24a877d06fce144,0.500079150646182
n24bcbf90f0535a2,0.5000196700692506
n24cbc46f95483d6,0.5007307623762376
n24cc49364456d21,0.5084742764973872
n24cea7d72f95b29,0.4995546898292631
n24d409d0030a9a6,0.48991153522401854
n24e6182c0a1cbd1,0.5043591611770462
n24e96b2b0ab8657,0.49465260773658476
n24ea76a628a8ce2,0.5012081952066716
n24fa6533ec3b41a,0.4992757971406524
n24ff8f2b7728370,0.5002423546252874
n2504c0494866df9,0.5013758175715184
n251ee7abd840680,0.503853940652833
n251f471619b8a83,0.49619862165934464
n2534e0b6e6f90a0,0.4943974292876399
n25371c4641894bc,0.4994797814068686
n253b916c0deb952,0.4983967016341415
n253bb4c2065be03,0.5008100990562715
n254540a13c1d914,0.5022283541120919
n2556df4fd23ca01,0.4981981381191099
n25599ca7a275182,0.5054001055636392
n25688990d608144,0.5016543412737341
n2575cd5013bdc73,0.4907061802315948
n257afa67391dd76,0.5029550967887679
n258077f57916792,0.5007219767087376
n25827aaae78f053,0.49747431338759385
n258298627474863,0.496037756590853
n258bfa088d37478,0.49568142686519795
n259191969cac26b,0.4979156695390817
n25a366818f3d343,0.49584327977494674
n25a7ac70f396f76,0.49968150045288606
n25b3f309b8af6b4,0.5010822848843776
n25c158459b7053e,0.4923043060382458
n25c2b0ce47c434d,0.4991808077441572
n25d76e349c001e2,0.49770568917385327
n25d94c3984e1ea4,0.500164714667518
n25e135445ab4c2a,0.5074878466971102
n25fc623e1f47aaf,0.5014626252062888
n2604b3147a530f8,0.4985001834721616
n260e6c3ad771fe6,0.49874780028954285
n26115c50c2223b0,0.4948837170029347
n261239791be9258,0.4986049873568305
n26201d784ceed30,0.5010021729207448
n2627ce503fa4adb,0.4946020500551203
n26391bbabcb252e,0.5002054802668552
n26429c7f5aabc3b,0.49630270578301083
n2656174470f3d06,0.5069396866451245
n265cb10ef3fa9b9,0.5062807783114441
n26727f9a35374bf,0.504373255010249
n2673c2ec471e657,0.5044711100298597
n2676b1f567c55f5,0.49760221608753713
n2677f51d9fef037,0.5013032933641555
n267809d57faf6bb,0.5014721040482514
n2693ec89cd42710,0.5003058376075453
n2696c5d2dbc3581,0.5031957163392139
n2699e87f1785404,0.5030730781175228
n26ac2eb8940de9d,0.500990937786275
n26b692d5e23d065,0.4930151385248639
n26bc87cbdc752c1,0.5075281163093444
n26c9f9c78310e71,0.49940447459168996
n26cc3e67d187486,0.5048696217583151
n26cf7e23c338dc8,0.498792678773979
n26d1d74552a8d43,0.49812140691118145
n26d39be4fd625f0,0.5055868096140215
n26db12b3b2a50fc,0.4982273078654251
n26dc86ff7fac82b,0.5056782411479741
n26e00b7a54e213d,0.4951808916857094
n26e9c63788000b0,0.49652967026270967
n26f4195145cc0b1,0.4971019291383429
n26f6f0d113af809,0.5017654507582991
n26f89ded0fd6faf,0.49690010125040995
n26fcd1db746b46a,0.5006711705121
n2700292717abfe3,0.4992275327330756
n270560e536f2940,0.5014329224910108
n27088b7736fd5b7,0.5008745925072886
n2713c58a44a48a1,0.5003392005564402
n271ccddc5d00732,0.5008580573834516
n271d5a73afa608a,0.5026547077942962
n2722da5461c8226,0.49823927481900626
n2732a69d7258425,0.5015346345648446
n273874015fe5129,0.5046516598864506
n273a8072f1b8dd6,0.49740003885182615
n273c50e5cd42d56,0.5002790960398047
n273d06ca98250b1,0.49556043782708603
n273d47cc0a6870e,0.4941659252705177
n27413d04d20e1bd,0.4961995956987217
n2744cba61b566a7,0.4985555044488876
n274b182cbad960f,0.5073664374967426
n2750a5fd0e77de3,0.49991242477171693
n27513c1b19bbb7f,0.4952300536513855
n276c77490dba278,0.5004140212107
n27720dd36b9b2ec,0.5029975573967876
n27733dd2581ff51,0.5007433853659671
n27848859300ba71,0.4977602425797931
n2794a8aac42b6cb,0.4943773071820245
n2796752bc99951c,0.4979026135013582
n279d98fbf6e95eb,0.49984063888815017
n27a6fcf043fdcd8,0.498641295150362
n27b6d9c9019c2da,0.4988003331493515
n27c164157cd40d4,0.5031924897535793
n27c27680991c9e1,0.4974431004309935
n27cc2b0b450966a,0.49704132701335896
n27cefd7567f1f9b,0.5053371238223437
n27d80d18e5293bc,0.4935667821937552
n27e44cac037b377,0.5043849176738023
n27eab365a0ede6f,0.4977959180886892
n27ec63354b110a2,0.504199658642685
n27f40cb73a2c4ad,0.5008840583162945
n280ad49ed02864c,0.4944924939063674
n282a90f55b71517,0.5063309978102225
n282e77faf73483b,0.49552500744391226
n2830278c3b0edde,0.5024502566122921
n283a58666acd160,0.501394324573515
n283c78b88133f55,0.5016848897608789
n2847b9d82b94af9,0.5051726491339045
n284e53a208e2138,0.5014283245210358
n2857f1b9e82431a,0.49836606207720385
n28602ed9c046cfc,0.50225963504195
n28a0b4863dc389c,0.4982453005318528
n28a6759732f9873,0.49659878941315005
n28a7067b1309bdc,0.5062364482418223
n28b247ca885ae86,0.505210801663391
n28b323a61aac254,0.4977341999105357
n28ba7464a47e405,0.5025817043225654
n28be129e54c7bce,0.5077465875458336
n28c5aa9c5cefb56,0.5005801044311646
n28d414154c82e58,0.4968383479971949
n28d96288bc6cf71,0.49909975278440416
n28e284c2366a106,0.49948691420633046
n28ecc0309eafbfa,0.4889383298436575
n28f154a8dc79410,0.5057438934643886
n28fbb5191a20e4d,0.49917983081277084
n290b25de69ac41b,0.5006641569420806
n2918ce34caf46df,0.49933418393443635
n292192b50ebd9ec,0.49977602219784734
n292609cdac08d46,0.5037669145174433
n292670c3189cdbf,0.4983075194739043
n29306e36c92fcdc,0.5015066594197485
n2939300ced134f7,0.5007166585980851
n293bbe509b913ae,0.49330196089256506
n293c0cb399dd6d2,0.5066173783533001
n294647a85aa2c13,0.5006823523008953
n2947248cde73d5b,0.49678830546179775
n294e535def1567b,0.5043791292750487
n2953f894cd0ad54,0.4945422959821257
n295dd577bbc06cd,0.4921064803872544
n2966265748286e7,0.49750727369557984
n2970394a0ea229c,0.5049640153632656
n2971fdd64c38fd3,0.4996723833701282
n2982ffcbaa7d7ac,0.5004413568315051
n298f93a65aab33c,0.5012982911711347
n29aeec852662c38,0.49956485316865434
n29b89fde12232bb,0.500281942832608
n29bcfebf53fca31,0.4996421895640778
n29cbf2943a6ff39,0.5074514139681234
n29d105e6a089a22,0.4952626789897332
n29defedfc855a0b,0.5101706210649759
n29e1ae59cad07a2,0.4964423428819651
n29e433f49ee7bbd,0.4967662979335467
n29ebdb5fd7e176a,0.49074114884827785
n29ee17d51219516,0.5022714643342959
n29eec13da880105,0.50564771241885
n29f04a7a33e606d,0.49894186084729325
n29fa2036e02373a,0.4988117809102216
n2a0acdd392e9d36,0.4954806043641471
n2a20ea9f9278649,0.49992129966773025
n2a255f3eae859f4,0.4962229427202837
n2a2faf89607130b,0.5096958936395398
n2a3160681c12ff5,0.49856633297299363
n2a36bc2ec579d41,0.5053842278140812
n2a37527c515e8a7,0.4975353977176862
n2a442e9dd3237c8,0.5003901671230897
n2a51b06a8b65682,0.5002047154647099
n2a5dc524450095f,0.5014978768238532
n2a6486dc9ffef50,0.49909254136606684
n2a7aa771b92d0eb,0.49104810295936496
n2a92618984b83cd,0.4967744081565579
n2a9634beb2d1fcf,0.498616772659127
n2a97f7fce0ee93b,0.5008193674595902
n2aa74a80a499cf3,0.49731917173334694
n2aa7bfab2387d4e,0.5063463267189474
n2aabd79349d95a3,0.49857672404467823
n2aadba0abd24f05,0.4970247181081446
n2ab11f473b121ea,0.4979474262421702
n2acaa7ecc386cc4,0.502968494069005
n2acb03885c71a15,0.5072539031871462
n2acc56a8e1075ad,0.5026407912228602
n2acde621321b08f,0.49501049068243436
n2ad0ac04782d458,0.5028273958150757
n2ad0c74a67b7e74,0.49931668601246293
n2ad273923b644d8,0.5020358593248839
n2ad6bec80dffce7,0.5005287747002589
n2ae3675cdccf1c5,0.5082877672818736
n2af3a7c193434cc,0.49637624187929064
n2b03513538a779e,0.5019222246294166
n2b058a57e03bf2e,0.4979745526496247
n2b0799516029577,0.5114235659787495
n2b0992c737c733e,0.4944082240297167
n2b0cee91f458c3f,0.49879674341179764
n2b183749a71348c,0.50124142213135
n2b19ece8dc2cecb,0.4976703679824201
n2b3b7502b80879c,0.49922193133717124
n2b59db65ac24657,0.4951142920273916
n2b5e1afdf4c92b2,0.4982464835119893
n2b61a47adc0c8eb,0.4977935610737883
n2b63b57da2814e6,0.49391051048471185
n2b6b516dde6f3a1,0.5051750740247568
n2b8f57d989f22f5,0.4979030965735945
n2b910b67227edd5,0.4945204261764941
n2b939f35c792d8d,0.5067599237131043
n2b9628861cda609,0.493610060488705
n2b97a87b696df9c,0.4976768841814229
n2ba4c7dec941b39,0.4992123063193459
n2ba8c06ebab135e,0.50364997271539
n2bb87b0e0b296bf,0.501342142016935
n2bd5b7e7d6f3922,0.5067149296252108
n2bd6ddd382a9a4a,0.5013566122578844
n2bd75104bf0382c,0.4975457541791025
n2bd7bf9c2faf0cd,0.497735051447744
n2be33853de55b3a,0.5054608742002101
n2bee0ebd9a087e2,0.5069103451249524
n2bf0c90846081f3,0.504946945478497
n2bf39609f1582cd,0.4995401573832669
n2bff8ca080c6c6b,0.5035085908846128
n2c13dbd1ce0e596,0.497964568485602
n2c20648dad27663,0.5003954505428461
n2c27324c8cd8814,0.5021965344274683
n2c2cc786db9df0b,0.49175829771603274
n2c31c274b7fb970,0.49557219990062756
n2c3f10fdfe0e16a,0.5030394788463014
n2c4ceb4f4cff213,0.4975566598635318
n2c51366f89e2787,0.497043006028121
n2c5144972b9f3c7,0.49603487037945654
n2c51ca1f8c42b08,0.509239975737579
n2c706015fd1338f,0.498742904357864
n2c7633ee9ad5ee3,0.5006193266232206
n2c899672cd0d333,0.49340220018448566
n2c91137f65778f8,0.502573138448048
n2c9d3208a4fbc4e,0.5021667409509581
n2ca1cb4992717f7,0.49621941498960437
n2ca99ce866b7743,0.5024489351593959
n2cab3a83f49044d,0.5001544849357604
n2ceec00299448a5,0.5066352707574071
n2cfcc7d61f6c539,0.4966580959473485
n2d10c0c0fbbb1cc,0.4957168415959851
n2d12e4cea1e6308,0.5038411894046315
n2d1412ae3acba6a,0.5004556341773082
n2d391a74a4549cc,0.49710763818884335
n2d3cb0d8251b245,0.4980975819803913
n2d4877bdd606fe2,0.49894391954654715
n2d4ac8381131856,0.49838063197999755
n2d4bce04061ab28,0.5006233690768561
n2d5328c2e866340,0.5072305332857634
n2d5841241d37337,0.5066991768261008
n2d65d6069a223ea,0.49557892931939995
n2d6afee677e6ae0,0.5004354443298162
n2d72a4ca7d4725f,0.49283488267314557
n2d82440586af219,0.5050954475835018
n2d82eaf102e60cf,0.506599061128595
n2d839ba503483c4,0.49440492260284474
n2d84fdddd5114d5,0.5085743641187416
n2d8759d51f92132,0.49474906299491045
n2d90fc184ce549c,0.5000438374548809
n2da9daf27bc3aeb,0.5000297974938825
n2dac7913e6ef2ec,0.5020616340308618
n2daca3d6e479bac,0.4991524311875236
n2db0e7a9adbd0f9,0.4977782631973168
n2df6a6f94991274,0.4994984151439945
n2e046311a884ae1,0.5022817455749797
n2e05c7485ea0342,0.49589018849055777
n2e098b11be28da4,0.5013644019780154
n2e169f2b155abef,0.4947764703801766
n2e17d361a13439d,0.49721743930528267
n2e195fad0f9fa4d,0.4999894840931602
n2e2362dd53d80f0,0.5001316725008543
n2e52a3fac46fdbe,0.5075491125737394
n2e5a31ff066c8fc,0.5034788486193333
n2e5d34b63511207,0.501107771169701
n2e6121a2f222ff6,0.5055216168881358
n2e7378e8ed9975b,0.4972698364429799
n2e7f57250f3f746,0.4968041626332371
n2e8e1562611f3be,0.4980621092817582
n2e94e23944ecd71,0.49373697622979495
n2ea78e0b8820b5d,0.49803824117419243
n2ea96065e37e05c,0.4953253599165096
n2eaec7cc6abc997,0.49280667318925275
n2eb7d4fbcbecd75,0.500510590012077
n2ec10238319b502,0.510689042381414
n2ec795fe9cdec9f,0.502813058474015
n2ec85dccc39784f,0.49511776823716286
n2ecb9526897e8c1,0.4985216517840302
n2ed212e27813e1c,0.49960503024606795
n2ee15da00934711,0.5054763900492345
n2ee867f8cf6ba56,0.49420680694673613
n2efe2a14797b81a,0.4975208682068115
n2f06c13c9cbab7e,0.4960293134905419
n2f12d6ce65c34dc,0.49937130448420614
n2f24885729e800e,0.498592307342388
n2f3d32be9860d5c,0.5030391054073596
n2f47fd50c77eead,0.5015235779129102
n2f5a59fb032ad49,0.5086242374633982
n2f7bbd97fc7353a,0.5034471762490608
n2f7bfe5e9cf972c,0.49407934338320897
n2f863036b00578e,0.5014179328085795
n2f8cc7077005cd3,0.5000141155046786
n2f9fc9b024baacb,0.4936966916260314
n2fa10435b622b12,0.49330480653779485
n2fb5765d7947c24,0.49682014070946384
n2fbe5e19126a95a,0.5069624192542593
n2fc1ae29868bbd7,0.4988532950461769
n2fc647f8d92177f,0.4968494986125862
n2fcc8de71558e15,0.49782847539334635
n2fd3d73d10962e6,0.5032547030531357
n2fd4a327e609599,0.49965895653540027
n2fded689bfca89e,0.49661434943270516
n2fe47f5d248564d,0.49287737039781276
n2fe4ede094cc77f,0.5023454969068425
n2fe96f49127b392,0.5053217082462309
n2fee03ada220888,0.510300658837282
n301043bf487e62b,0.5001151301714012
n301c5a44bab8d63,0.5022346107789271
n301cad2f3b4ba8f,0.5011452653557522
n30358a29c57fbea,0.5022514656731062
n303882eb3eff2e7,0.5016070668015606
n303f0f9264d632b,0.4941739967078825
n304ab83f0ab676b,0.49887242062909687
n3054daadd818556,0.5075965127257395
n30607ba6858077b,0.49871444229946377
n306426b0734b0e1,0.505133975236896
n306c58a8b89ee74,0.49756006649576756
n30745d7c3a4fa27,0.5004388242230571
n307d8df61cca2b6,0.4966474089770012
n307dc62852fdcc2,0.49909320770114984
n308a8c8c8bab5de,0.49669690441034203
n308b956d409caf3,0.5046968477077924
n30940f61cc403bc,0.498529916013986
n309980dd8d57d71,0.5085960892942398
n309a376a05e2320,0.5002417684923398
n30aabfac9927f62,0.49877848945189335
n30b6c4950a73a85,0.5022994547972884
n30be3aee9677dc4,0.4986809840719552
n30c8a7380ca7602,0.4986712932340803
n30d95524b0f38b7,0.5051847414826728
n30e6cabc0ecfc12,0.49947542809267054
n30e8a7409e7494f,0.4973189009482342
n30ecd047f8f59aa,0.49779867488966506
n30f377a64c3ff64,0.4985841335588879
n30f8d82ede31010,0.5011783846539299
n30ff539d6af403e,0.50514957758562
n31071f05cfb919d,0.5044210610518925
n3110ae782960151,0.49264165103218793
n3112a035ffdf81f,0.49659077568043924
n311b83a705b761b,0.504245572576184
n3141b6d44a2280e,0.49886133442793146
n31501690d642da8,0.4990222186240735
n315e0fa8d7510cf,0.49951879446537617
n316a2790a200eb1,0.4987961048649597
n3175fd43b68780b,0.49955693626989023
n3176a089cdd58f2,0.498311498928912
n317de13163eaca0,0.5035063944148542
n317fc5eeabd204e,0.49545542658727554
n3187e9d5be38bf6,0.4963420608256544
n319ba4a502e9691,0.49933116949089373
n31aa04f0aa2fb5d,0.5008706145675579
n31aa8cb0b637b6b,0.5007889148143626
n31b1be376618044,0.5018740391546557
n31c080f4edd8634,0.4986881962993043
n31c833d35a33ade,0.4925336989745149
n31dd027e84ce2b4,0.5005944789460903
n31e163038b0ee5e,0.4937170854083389
n31ea4eb6fc82c1d,0.5034878645181782
n31ea5e54e9592e4,0.5004942271737679
n31ee249a1d3f7a2,0.5078356645440165
n31fd8a8a5cfcb86,0.5032048371102129
n320287bd779e7e7,0.5078790430376249
n320be6313535a57,0.5076388799769562
n320bfea4d2be63a,0.4981853281101194
n321d1fba358c989,0.4996803707381866
n321fe573e8ca1e4,0.49855543905126615
n322c4e38b4e0b15,0.49992712646212106
n322cdfd52ff7559,0.4994760111132853
n323f0d5bfc60a6a,0.5036624597356121
n324a5bd3aa17b2f,0.49614874321307856
n32578e34ec172ba,0.49363282973930417
n326a77ddfc88885,0.49706975488153976
n3285ef8ff90d3c1,0.5011157614483515
n329561f11f01a1d,0.5026980472961685
n32a64d818cc20b3,0.4984485555681837
n32b0b7318c198b9,0.4817433528687914
n32ba309c5f61674,0.4989123626846158
n32d28cd82b1c1e8,0.5001553875327662
n32dd2eb65ad2d84,0.5091376840188855
n32ea1096ef65476,0.5013032504479472
n32f04b9dd9083ea,0.5003504060225503
n3303e4fec53053b,0.4986567243392815
n33088cb0563a5a7,0.5038042306520634
n330f97aed320ae9,0.5086062637753751
n33213b8532a4643,0.5001005993502486
n33219c3bab7f2c2,0.4960785354596311
n3323a4264da27df,0.49350902149239767
n332bae45266c0eb,0.5026230617261305
n3339404fcc90cb1,0.5097040668485009
n3340b621d631342,0.5003528004106237
n334d524c432d61b,0.4998872002696779
n3363522061eab02,0.5078097060395852
n3377dd8b61c4f3d,0.49684833016953583
n33787f23e2630fa,0.4994341183793751
n337d6b185d2097f,0.49610942723115986
n33853f40435a278,0.49573855697077657
n338697839cab75e,0.5006454448674355
n338a0abe9007d3d,0.4973646494393924
n338a0b613d09f47,0.5019583694503268
n338a6922d5a5ac6,0.49848645785201223
n33a2f0bbd4f3e83,0.5006654890651112
n33a6ee985444b19,0.49633822101667346
n33a7047c11dd0f1,0.5051577442742559
n33b8464bfdea708,0.4959218649126725
n33bd7bac80edbc0,0.4978479705914303
n33ce076546a3caf,0.503171521120837
n33d93520b6a5df4,0.5021773480210314
n33de0a635e75e89,0.5015593752761405
n33e36545ef57bc5,0.5006443138651955
n33fca4ba24fbc75,0.49949861022683684
n33fe129d6bcb1eb,0.4970542029330101
n34171843968d050,0.49850445143022204
n342e041da62846c,0.4982911077856654
n342e42d155ceafb,0.50113459625264
n342fdcd31570919,0.49646600004730135
n343a34b15d371ee,0.5007231631165435
n344d562cc1b0172,0.4987826031416615
n345a8e50af64014,0.5022487027126581
n347e5f80c8adb2c,0.49616928198281024
n3481ebd7d4da6a2,0.4985511310812459
n3486cfb6c7732df,0.4999680335355122
n348912da8c51dbf,0.4986389827970321
n34917f0f3c75a59,0.4998886308174399
n349e2eb2a9803f9,0.49459754849481546
n34a80b45bbd6385,0.4997256865700426
n34a8cdcba26fa62,0.49814178867215425
n34abc562b913018,0.4987114095023891
n34ca0339d7918a9,0.4964279984782399
n34ced369f6ad314,0.5022045797496985
n34d42497243cbc2,0.49802914717775026
n34dec8306bde60a,0.4987892478027248
n34def238360b150,0.49821605337522645
n34e17254b1e50f6,0.49786743886053136
n34ecc596160a6e4,0.4982197511190265
n34f48b7e28e17b7,0.5054478584223911
n350418f2ec27471,0.5056254322074203
n350678b899b236c,0.5089881209799033
n3508331a0363b40,0.49725683508880714
n3516cd211351674,0.5146026840591474
n35174d071edeeca,0.49394949823069667
n351abce7bbecd3a,0.5036150865448292
n352290d4cc5d35f,0.49037512609733386
n3524bc5eff6ba4c,0.49952966329257303
n3524e4cc697a2be,0.5011424756673565
n352dfe6a7679c55,0.49610843018723094
n35315ecd0df470e,0.49463120022103346
n35316c163e6fd42,0.49941831060203234
n35394e2b5563d37,0.5063725740827033
n3553bd29048809d,0.5000974050469212
n355d662bf64ca29,0.5015085517309348
n356aa4a64f45b86,0.49747051335232584
n357664b558fa54a,0.4938590873113797
n35783d618b24816,0.4982608636332189
n357f1df164c13dc,0.4968624398320209
n358bc7a4baf8d8e,0.4995321719680823
n3590c404f9dac4d,0.4982057453167117
n3598f688f423099,0.5013375562091205
n359f7e9b5ff7825,0.4961834439857817
n35a70c5d01c8dbc,0.5040060935382271
n35ce3b38f542b84,0.5043261613774112
n35d67328581734c,0.4991961760794723
n35d8b0091fcc8c5,0.5066421986302497
n35d99653fb342f6,0.5054554189716304
n35eb667af197427,0.4969668506913144
n3618b847e31d0c5,0.4992448356333302
n365a0844a6364c9,0.4953871133248283
n3661a9b344e7feb,0.4987038300087238
n366416e07d4803b,0.5034146529991395
n3676b5270fa873a,0.5023213804694521
n367b930c755cf2d,0.49753105643104245
n36823d6364151fb,0.4951348191800354
n36858ec4cc3a590,0.49903462253183395
n3686a104cd607f4,0.5011029976347411
n368d16a35836731,0.494725780582328
n3697db863df4aff,0.4993238378720149
n36a24a24858d104,0.49841225104556114
n36c17575e6b93dc,0.5097275333507205
n36c39390c3a16cd,0.498620589606436
n36dceb1e9e2d7bc,0.5063296224442477
n36e922346aa7dd5,0.5035606889748785
n36f162e39538eff,0.4974939530471136
n36fb2dfce83fab0,0.493859477433143
n36fc894d7be84f9,0.5010601021579298
n37060795cc72132,0.5017105242677252
n3714789184bc785,0.49561364089644555
n3717db00164d4f4,0.5018801946382169
n371aa166e9288d9,0.5006094218999912
n373a607e8a69a95,0.5003673113799519
n37455992a7c0128,0.5070719491747012
n37461f3761ac9b0,0.4953351168774007
n374c29b3c6d667d,0.5059493155065327
n3752585bd757e2e,0.5005143219525652
n375291f0933512a,0.5019434985463046
n375c112bcaeacb7,0.49999291272027363
n37608c352f09881,0.5030967298553696
n37673d4c492efe8,0.49941440069150284
n3768a9b3ac5f1d0,0.5033592976954664
n376b3c8b84f446d,0.5026054327386382
n376c21fde10449c,0.495617935589063
n376d7388b21a4b5,0.4946331120075823
n377d63dea3fa591,0.4936407737982705
n3780e7e9fac69c9,0.5017346711312161
n378f9f654918d8c,0.49449287476477594
n3794c48c22d8c42,0.4973451881662497
n37c1d10e011d54b,0.5006532293495588
n37c87d2b2fc4269,0.5019130092107429
n37c8c146169f1ca,0.49913686312062827
n37cd9fc999da4c2,0.4919700019433507
n37daf7fe425c299,0.49306443733802724
n37e40f26f38abe7,0.49908378027369843
n37ee5f75b97947e,0.49064819021611195
n37f288656407c7c,0.49602404506868164
n37f38c05c9e3d2f,0.4971765331192994
n380310e6de03734,0.4978507403852379
n382fdd48dec6c38,0.49760975404932883
n3839da75ec201f9,0.5083746615911697
n38486c8b1100c59,0.49723922033370893
n38496a83bf0927a,0.5012750582195917
n384999516cd009e,0.49591790856644863
n384d85c7dd30e42,0.501288224042228
n384e17727361a61,0.5010769547908026
n3850d75899fa1eb,0.5066940362078556
n3862925905d724a,0.49966544734327994
n386677b21c42545,0.5034866354109091
n3868119d775e713,0.49368877434534814
n38682526e24a7b4,0.50354348632433
n3869677968e02c0,0.49807632508640387
n386d1f033c983b5,0.49799672515779064
n388b40e40ad6530,0.4991845311653164
n388f7b9d1b0d0df,0.4980005739412896
n38965bafff7f2ec,0.5034549042245255
n38a08a2abc98cae,0.5040214904385184
n38a377d17e4dd94,0.5070229439734757
n38c84cb4be2b49c,0.4987583285558202
n38cf46f3c8f6aad,0.5040951066385001
n38dce59a055b6e6,0.4983725847781525
n38e497b12ef66eb,0.5047259192161648
n38e4ca1c8405ec2,0.4970201982033437
n38fc062b2f854fb,0.5050516811791365
n390d5545c818bf4,0.500796774004734
n391212de9315bfe,0.5016140991832707
n3914cc7ad8e1d2c,0.4944514400669242
n3916fc8ac78f572,0.5009507018567875
n3923ca7fa6bc89b,0.5083370191746839
n39332a68a7cd155,0.5015339100307914
n3948f740c7e51e0,0.5012494487151887
n396911425035b3a,0.5019591678959574
n3979b267a247e60,0.5051394123071168
n397a5f7cfdf4b89,0.5116627976683631
n398061a36f5bf63,0.49351180095452646
n39865c8681db87f,0.49255012316588376
n399cf03f87a73bc,0.5050019865538286
n39a038a594298c9,0.5020540436040687
n39a077ba2fc3b9f,0.495714573597378
n39a1bf94d77e662,0.4999838866050387
n39a5e259a04674b,0.5007496717999612
n39c6f09bb78d6c0,0.4957616721487608
n39d63d0735799f9,0.5131318956010662
n39dbbded951a402,0.498462827935923
n39e684f2328f7d5,0.4957851406551094
n39e7bdd41a55d86,0.49906961825854923
n3a0b1da9f356a9a,0.503794159332338
n3a0d5eb79fc379f,0.502038340130424
n3a0dace424e2e32,0.509237070754422
n3a0e2e836f602a4,0.4989967743700036
n3a12b3d2c984275,0.5002486312149913
n3a1f124f6a71060,0.5058907920954524
n3a3103d8eaeff7e,0.5013791875847924
n3a3dd99ded6d04e,0.4969285614629478
n3a48b3618950868,0.5022928397417727
n3a545596b90d5b5,0.4995551134719629
n3a5840759bbe1c3,0.4990039127449861
n3a59c4c3e2eece6,0.5058808421078149
n3a5affbff9eb6d5,0.5024329086523218
n3a63a809cea9c4c,0.49928035648412145
n3a675f2ddced1a4,0.49890584399663357
n3a6c6638ae43e06,0.5018499627857492
n3a7c6afe9ddd34d,0.49785746333096453
n3a7db4e17ab7df1,0.5008069775172859
n3a8614ef528d01d,0.4993437329499953
n3a88ea3dfea232e,0.5011894658990683
n3a93dd621d10a6a,0.49657543126266157
n3aa003e037a8d46,0.4985017129494852
n3aaa610cd6d0c30,0.4952028472994041
n3abf145fcb628e4,0.49180370430853093
n3ac4a7a955be8bb,0.49366732719170736
n3ac4efa0c6f52eb,0.4953789412930849
n3ac9e6b8889c9dc,0.5011936132979076
n3ad615646b8b620,0.5077254747354734
n3ad74073d00c73a,0.49483569810116357
n3ae23349d7a3a64,0.49719839305069147
n3ae589c2a2a2489,0.4939846233372696
n3ae854ca8346396,0.49748209030257723
n3af5c6717eb5cec,0.5033136524219886
n3af72cfcf8ca300,0.5001722888971303
n3af9cbdba7b3d99,0.501518413778711
n3b017a1efd04a08,0.5006609926286059
n3b040575e76ee63,0.5074365461782007
n3b2043ae40a9a62,0.5032897685795543
n3b2f85c3b248343,0.5007820972245088
n3b4830b66898a27,0.5037545670466974
n3b4f87e5a0707ff,0.5108669818521118
n3b66de396c721bd,0.4949366374360024
n3b6ad4e7f19c2d9,0.4962874515320326
n3b7e7acfbbf0ff8,0.4990415970869466
n3b8248b1efd50ed,0.5033872796747705
n3b8af6cb6648ef1,0.5021048635176911
n3ba2a24b1105165,0.4958119047763904
n3ba95e8b1434eed,0.5012185310067462
n3babb230a31f3ff,0.5006184437231079
n3bc45ed58977842,0.5057097974259
n3bc6f0140f7345b,0.5083334577503891
n3bd9b99cc6ed1f5,0.500097621701876
n3be4390d4c45a22,0.4972027179018318
n3be84968cfd3b4c,0.49751696518540034
n3bf77e0a89abc2e,0.5024312914517143
n3bfcd42fe7f272d,0.4984345865915775
n3bfef4a532ea748,0.5033524267364827
n3bff739a6df8058,0.5008917511693689
n3c049c43aae833f,0.49686184074159623
n3c076d99f734272,0.4980596231352787
n3c07d041aa86c4d,0.5028794015509818
n3c117f233ed4bf5,0.4984129062909126
n3c1259e4f05c86f,0.4974221239063747
n3c209c857277e05,0.4966635440575985
n3c2298779fd039e,0.5019094376528086
n3c2588217bc28a6,0.510614982269749
n3c2b20403590dc8,0.5048314523761118
n3c2f795bc9e4dda,0.49939790455595595
n3c338063de98afd,0.5026877315700221
n3c345e55c440f5e,0.4978230676936766
n3c3812140e504d8,0.5093279825139818
n3c3b5f040f1cdd9,0.5034621937969846
n3c4779b1c7f75c6,0.498144129621434
n3c498e24ae498f9,0.5009589258452818
n3c668b25a1e3f43,0.5052920622779007
n3c66becf367373e,0.4974656254022188
n3c6d7213202426f,0.4991782596024258
n3c71d56a95f526a,0.5026380112850277
n3c71e6cf8c3acc4,0.505348090636803
n3c7ae2784119c30,0.5005188175970499
n3c7ae380f5ad804,0.49617194624032135
n3c7ca614a1fd40e,0.4958242474096274
n3c80408ec4af419,0.4979889134817188
n3c83cca2444de7a,0.49947471944786537
n3c8a4ac44869247,0.5009576610648631
n3c9151648397899,0.4975859963155065
n3c9183fdc5ab1a7,0.49595604940658705
n3c929fe0f828656,0.5084011063608846
n3ca29db7cb1ed1e,0.4990765784313058
n3cb4aab0e6a982b,0.4956914259989172
n3cc8718b86f268d,0.4931488717724017
n3cc87986806d860,0.5086833271084839
n3cdf279e1fa90aa,0.5047254053380489
n3cf12c67d3a64c6,0.5083548922345289
n3cff17a556dfb4b,0.5051692624951785
n3d06121e0b6b188,0.49611474880718814
n3d182fd4848ab19,0.49714374687027724
n3d2b34e455ddaa5,0.4968597023354633
n3d45282f77b45e7,0.5044477413682743
n3d4806a07a2f78f,0.5009192345340236
n3d4bf90429d547e,0.4965107235647575
n3d58b19ecde8d0f,0.49733947343377666
n3d5ecf51660e62d,0.5031226137798442
n3d63bb10d806416,0.5040129131503205
n3d6bb1cb6674dda,0.49481302705357555
n3d8023944ebdfc5,0.4955958799740757
n3d848a0f944d1c9,0.4950090949189048
n3da0427b1ac3b20,0.4970275517337128
n3da5473672c22a3,0.5025490615248649
n3da59c5528dad70,0.49831515773358354
n3da6e86b591507e,0.4997977091183482
n3dad19465d36b75,0.49547409075371446
n3daf2f985cfaede,0.49427091745498963
n3dc26c0f5e95891,0.5012314436435504
n3dc4cf3b9813247,0.4968189895777135
n3dc829266640253,0.4958268065700063
n3dcec06c86d0e91,0.4987377614494001
n3dd4461fe223c34,0.4990575202663612
n3dd480541bd3ecc,0.5085212136730571
n3dda6afffb48c91,0.4977733324768251
n3ddb5f50522fd49,0.4942130265176715
n3def3396a50cce0,0.49841067538386874
n3df7d08f10fa9ad,0.5016862216929624
n3dfbe6f87553858,0.49900387167613314
n3e2b7f18a434d3b,0.5003277743248894
n3e3d6622272841f,0.4980526888176282
n3e43216a131defd,0.5000318961394262
n3e47b63005a5a08,0.5058913060514805
n3e47f24b74e6abc,0.5011692225187788
n3e4922123b55f87,0.5031878465298291
n3e4fd5823d79bfe,0.5047683230632575
n3e659311c6cb024,0.5006130144885633
n3e6986e6966a6ea,0.49846417389231745
n3e6e6a7bbd903ba,0.5055868940406836
n3e70bf481571afa,0.49663281976527296
n3e7429edd003774,0.49990828525848824
n3e751ac1a1bc2cf,0.4955911941756988
n3e77435721873a8,0.5032559108511551
n3e79c92712bb18e,0.4992945416118633
n3e9e80407e9572b,0.49990560087480773
n3ea4698f5686b59,0.49557425415989664
n3ead6d630ede1f4,0.5000337636403188
n3eb460186282600,0.5034288212039068
n3ec1f0172f182b7,0.500481470941539
n3eddb05aedf3175,0.4973225557006736
n3ee6b5d203d4a94,0.5072590572667213
n3ee92d5f7cf0f79,0.5009167302497204
n3efc9a1c1108320,0.5054231803963036
n3f09c585003ce2f,0.49546183496098556
n3f14b946f654faa,0.49781206255170746
n3f15af81cee190b,0.5026486208183721
n3f19fd2e34f16f9,0.4995668591615713
n3f21ce35f5ce0ff,0.49854330762340143
n3f3833b91164e0f,0.49828384078110916
n3f3944eea4bdde0,0.49610392900910405
n3f47c55ea227f47,0.4975184953541191
n3f495f62ebfbb91,0.501706743964594
n3f4d645f19fc765,0.5026999323345976
n3f69caab29af382,0.5087504043049019
n3f77607449b34f1,0.5044359473507722
n3f7ff7f8f04e668,0.4988338223034596
n3f92d4a9831ceda,0.4950687208851622
n3f96ea930926cc4,0.4967323860241464
n3f9df5e0540ef2f,0.5060646735510012
n3fa42748449197a,0.4995936138962055
n3fa4f938f8b0a36,0.4983054491129437
n3fa62c066bc07a2,0.5021024593856237
n3fac510b5a133e3,0.4941693346730291
n3fb31bccbcf2da7,0.4934008577892246
n3fccefbf2286e53,0.4998457900714991
n3fcf3e987207718,0.5064942279487586
n3fd5200e17ef230,0.49717420870371787
n3fd5bcf3d48182f,0.49947228121400916
n3fe23547adc189b,0.49519733867197163
n3fea113bdfefbe1,0.4962855118411128
n3feae9e6d066a9a,0.4969388219205361
n3ff9ae211be9663,0.493890762008805
n4001c319ca063e7,0.49809853785977687
n40077cd3f5d31f3,0.5105167466677657
n400eed8fcaec3e0,0.5019660359881742
n4015229d54769fe,0.506699286659403
n4026c258fdf3364,0.5044825332269283
n4029980715b2b4d,0.49885478779580633
n403587ef14e4f9b,0.49655235785704105
n403f1de40d9a264,0.4987954664469398
n404be059215adff,0.4972992728809045
n404dc39d7ac52df,0.5123347907821669
n404f0431d2f4a25,0.5088673671546038
n405125bb9ec3c5d,0.5005442987975921
n4056b3e38af3c9c,0.4927930117280402
n4062513a14b9c8c,0.4956464799902628
n406b748feb14cb9,0.49628452660148986
n406e6b21ff90410,0.5042589940466815
n40701376dab780a,0.4976198618523237
n40728030945b78a,0.5036796577625386
n407cb64c413c4ee,0.4958156030709624
n4082e97d296c54b,0.5014557853990347
n409f1f7695e2c32,0.5028191698269667
n40a0d4f845b4a60,0.50057804261339
n40afb59155aef3b,0.49770507684831067
n40bb9ed78b179b9,0.5009434950838373
n40c3033d4e471f0,0.501796183105143
n40d007c7f2b5bec,0.4961524052803182
n40d57090f39b10f,0.49895214747376665
n40d5d47e3cbd52c,0.4993602797848978
n40db5675de57ef1,0.49891972772007204
n40e6e119bb5cc3a,0.5015520417096381
n4105c8c2e718de4,0.4966498277936856
n410a0b1b50daedc,0.5039898902026082
n41140ceecfa2ce7,0.4968767784585061
n4115ca3e8b2a9ff,0.49401885982888966
n411c5a0e1785688,0.5010888700813604
n4124ceaf1e6bbec,0.49769442129647445
n4125f42b36ad41d,0.5013993888484923
n412df468d9cb958,0.4989761349718386
n4130d14a456a64a,0.5026924179932633
n413d8eb2100f6e7,0.5048438742416385
n4155ec83071d4b2,0.5047173243200659
n41619cfc3db4fe4,0.4986980881206756
n4169ace5ad29527,0.5007535071551356
n4175e6922d74bb1,0.49530734699293855
n4184be01edd598e,0.5012904403881717
n41861adc22c16c0,0.4998632812466491
n41892276c4158b3,0.5018406519860213
n418ac11f9ef2ec2,0.5008480072341172
n41a1e204b96b554,0.5037327449720819
n41ad117feb2f7f5,0.49751364668905573
n41aef014f18092b,0.5007271705273905
n41b2e28ec7bcd0f,0.5066425858216468
n41c1f6e594dbe00,0.49883546734176476
n41ccddafbe5aac7,0.5005338631094215
n41d642d1b04f67e,0.5066160249134735
n41d96425b59450b,0.5016756413823631
n41def5ff4f72215,0.4914143469958612
n41e411aa3d8914c,0.4942468158539215
n41e91c2177a5f6d,0.5104159352922759
n41ebe271dbf7e09,0.5032410614422541
n41f478a1ab46e87,0.5005441446737542
n420f08e03dac231,0.5004806325812927
n421e3eda1f4ad42,0.5016029380581315
n4225582acff2ab0,0.4972776254233776
n4225f7142ab69bd,0.5031821759114137
n42273bbf7529a34,0.5020002134963273
n422ada650d4a1cb,0.4982967866445775
n422ff00bc719e39,0.5019309054469366
n424710d5dc28e43,0.49834655302792136
n424f0d350344d94,0.5118493523260929
n424fe70e83e3990,0.4998242781749946
n425e4e531cf6a04,0.5016098846564443
n42632bfa7b54b9c,0.49757407628676853
n42659dea1f0f833,0.5135813275474583
n4265ad4d54f40c9,0.49731349564617044
n4266655132c952a,0.5011524723298593
n4271a6b66d33c46,0.49952305359294635
n42740b7a6ad19c0,0.5009741344429569
n427803353aa1f5a,0.4971863365087063
n4280ad968603f2a,0.5034010478420662
n42874f8a162362b,0.5012962374226142
n42891685e097871,0.4978384860941165
n4298b5fb7740532,0.4899033354016123
n429d034b6033c32,0.5020624606650028
n42a57f64fc4f8f9,0.4963424685263261
n42ad226a4f0271c,0.5031497331142943
n42b85aa9f9ea3df,0.5026700915835615
n42ca1d992dfeba1,0.5054062925532721
n42d3bcd9255986a,0.49838423606790355
n42e6c04ea0ba080,0.49880443062934743
n42ea3792b8daf02,0.4998613179751933
n42fdae323345c82,0.502283155342915
n4306e0ec3934c43,0.49878433931551924
n430fddc37efb1ac,0.49766186977513605
n4311f303a3bc3b8,0.5058711848279281
n432178350b9fffa,0.5066750050195717
n4329c32e6179db5,0.5042592880358728
n432d95f1389b2ec,0.500173299214114
n4335c647a4aecb8,0.5056795670419217
n433b4bfeafd04b5,0.49879734251404684
n43463c527aedc64,0.5046595859807905
n43580f56eb17c98,0.4982197622857693
n435ba1fba785244,0.4996955991352213
n4361b4829eb31c0,0.4984526674033166
n438e4aab77517aa,0.500037005648646
n4391e8ed48d3d3b,0.4969158086686176
n4398dcbb5e8647e,0.5040298297705078
n439e08353792d22,0.4981281973030513
n43a1d8cb34bbfe5,0.5066036166437146
n43a92cb5270628c,0.5026904943818636
n43da5e0272de227,0.5055004397153501
n43eb625637c7080,0.5085264382366232
n43f5bede6a8fe63,0.4993184208144313
n43fdb24400c8f5a,0.5004781240816307
n44003491f4ba3e5,0.4962103917858285
n4401fa47b43f21b,0.49771741918107787
n44111a7cdc37b53,0.49717476590550436
n441fc11b1a9642b,0.49742582552934994
n44295534fcaf94b,0.5029713540999667
n444364489213b7a,0.5015325518920076
n444364818d886cf,0.5072803943873938
n444a050752b1969,0.5013485491364016
n444d98a46a891ba,0.5038382740733511
n444fc5f7da1cdc7,0.4956177110512276
n4469c9f91082181,0.5004267061303765
n447330f28351be5,0.5018986341388256
n447f84c9f7a4ca2,0.500537586668495
n448d45d4dd661b4,0.503433103036831
n4493b25b366794b,0.49669274599361807
n44a7f8065074640,0.49646712201750276
n44a99155af9a726,0.49865797900454495
n44ac3598348e8d5,0.49805861231290066
n44add0dba10d5bb,0.5038963625653979
n44b17088340e94b,0.49780291228549134
n44c40f448045691,0.5024462931439053
n44cf265d5f856e4,0.5079473061543619
n44e2b3cd1b217e7,0.49952821827796945
n44e77f0711d2f75,0.4951946377990716
n44ebba123c67ee2,0.4973889038226495
n45190472d4871ec,0.5026504746570541
n45318ef54f98abb,0.5025362605953261
n4539c3bf3a9b1af,0.4953764813616325
n4546279497116b0,0.49520141713499144
n455459d21a530fb,0.49836462336382054
n457f0b6c293d855,0.49804610767994884
n45b8cf8640fc83c,0.5040742960572965
n45bce6b392d3247,0.5016859304625472
n45bfe209b01240e,0.5013017199569016
n45cd089e1e82216,0.4990988804785099
n45d15d8f0331e43,0.49385247047650865
n45d502f9292325c,0.49925294942834164
n45d537a8a7c783d,0.5054785497719484
n45db66b3319300c,0.5151928594191844
n45e3fd0cac02a78,0.49933384062474606
n45e5fe45653b376,0.49907287382761956
n45e79dd6debd914,0.5005993262607372
n45f0b2c75d4c8cc,0.5067394736635552
n45fda544853c443,0.4992974686783806
n4602018f9131e5b,0.5049890770261524
n4603e31fb10cab4,0.5067579142873552
n4603e35aaccf8e6,0.5005649889354189
n46098313e1ac154,0.4994966151995735
n461cf05a4a330cb,0.49740440319339213
n461fd8b5f491f96,0.5070375131290286
n461ff309def6aa1,0.4948841431941874
n462f961054e1870,0.49982794378054535
n4630a46f0b1a7d0,0.49019714423930527
n463bc244c8418a5,0.49719920971651166
n463f91a91c7f5ab,0.5059949276726808
n4646d517f21a22e,0.4990210788529574
n46562aff7088620,0.5053758419912975
n465a50de7b8c607,0.5053072179505458
n4677b5488ec09fc,0.49515923021857966
n46787f8ec4ccfdf,0.49718698367840203
n4680044836af6c8,0.4994761654848212
n469e2abe85b391e,0.5000574627539506
n46a262ac3c97b72,0.4957620629944076
n46a78f37e10c087,0.5006776500704474
n46b3419125b53dd,0.49729913943207976
n46b7d8747622825,0.5045751980155869
n46b8c2c656097e9,0.4991708684408033
n46bce175c62c32a,0.49883959132344624
n46d8fb14a82ecf9,0.497796323187487
n46e4478011c061d,0.5023283794052388
n46e89618048ed61,0.4979667230745572
n46ee98b63164935,0.4956389188247213
n46f2504d3b8fc24,0.4983182956067591
n470c78a1bcb96cb,0.5057052112368503
n470f4c7cf6a5008,0.4985037645361219
n47145ebcb76b00a,0.5057814195158181
n472ae9d9df92e1c,0.4956814574869155
n472cb680c867245,0.504107623639377
n472d55aaa7d0c9f,0.4966296441923583
n4738179ac930d25,0.49707664502724364
n473897af82081d4,0.5026873792826089
n473bf8546dd9743,0.5000806688456053
n474903add6f319d,0.5031153735075904
n475ea147409b1e4,0.5019411779858682
n476014b8df02624,0.49912754833986606
n4769943ae37b8f7,0.5014063017486431
n4773922c3876511,0.4958735557322271
n4773be360af15ea,0.5036507168510911
n4778252f7179e2d,0.5064624110577063
n478e19070ef4ee3,0.49472738890035184
n4791e8206b44c79,0.4957619017018656
n47922017ad34ff9,0.5012971739831372
n47a9d27354fce13,0.4966021079673959
n47aa3d113774789,0.5034364939285184
n47ac11b04f6f095,0.5029727775528022
n47c1c57dd4ed614,0.49343808028529723
n47cb847c5c9f9a7,0.5046658438993216
n47d403f87e32e12,0.5001861550272801
n47db1ac67559800,0.5028090731371548
n47de6a6c92cebfd,0.4925619241664568
n47eb7d854d020d0,0.49500904183106487
n47f2eee7a6f730b,0.50025505723255
n47f67d3c38d5ac0,0.5027383346331572
n47f872ab3c18fe4,0.5052455254535975
n47feb4260a7d896,0.4985592432154766
n48023e3669c2b4a,0.5008492431838645
n480a7f510d4feb9,0.4931443556175182
n4818fe40c39b58e,0.4942471643154076
n481926e8928edd0,0.4988965276329672
n481c00f936a4098,0.5006264202112655
n482581d1aa554c2,0.4950027134235487
n482882a37cfd074,0.5010508374210952
n482ef8f925b9f13,0.5077503398076358
n483c05e27620a20,0.48975484381595036
n48498303381ef79,0.5001255854256909
n4854d38cf517e7c,0.4974094235230848
n4858363c48aa15b,0.49795460649325757
n486c4530b64a5d6,0.5030424701073651
n48a095cde74c376,0.4995997403355118
n48a296edb773499,0.4962028919865382
n48b52a8321e7734,0.505335338173056
n48b6a40c4f284e6,0.49747405168023784
n48d72ce3aea1786,0.49747655749218667
n48e5a4f38d8cd2a,0.5047309498196603
n48f3433125bb6a5,0.5074440085924625
n48f53365d57bd75,0.502032420673504
n48fedd25ae133e6,0.5018764563395024
n48ff1b378c9e324,0.5007697156769066
n491408284beb5af,0.4959675818420422
n491ea07ac6a8b3c,0.502426253032562
n49453f698f4c683,0.4978257339628822
n4957f714de3cd73,0.5055595065859455
n495a4ba56db2340,0.49602845971054094
n49721c76c6f356b,0.5023858573794956
n4972ffb09098863,0.5114173495735034
n4978d2f51fb40ca,0.4979426249782392
n497cfc419eacafd,0.5059272082422968
n498116994de33ed,0.5003477649234632
n49856c7968033ff,0.5028142824522972
n498f21275172c68,0.5127806458700924
n499cd24748e445b,0.508329366946777
n49a39d881daf2ec,0.5029491843474498
n49ba857559b8e1c,0.4962234101082994
n49f8657a0eccd1a,0.5065719548590703
n4a060334a9c5374,0.4975921715388034
n4a0bc4c7bc41749,0.501474347153258
n4a0ff82d61165fc,0.5008877054292333
n4a123c6c480454e,0.4919156353902008
n4a253f7efb283ea,0.49732753365332133
n4a27a0dd02316b5,0.5034259631649484
n4a34666646f79fb,0.49600609160975084
n4a413f4a3119a8d,0.5038100219947169
n4a451e6cd9fea4e,0.4921381577619047
n4a664ea79ef5a4c,0.5006797958344522
n4a6c2b9437f7710,0.49884470159850597
n4a7061f3cdaa017,0.5009753720735762
n4a73d518935b250,0.5057743160682597
n4a7a57a929f1e29,0.49768675248878935
n4a9611fdd45c879,0.5077831460400184
n4a9da09c983b861,0.5020177056530676
n4aaef3816dc0f1c,0.5006802866798261
n4ab092b10840948,0.4984138992393365
n4aba9ef03b0660e,0.5038173080179613
n4ac172558fe6c95,0.4979459852936105
n4adda913ba24b63,0.49922765862930935
n4ae22867cf16a11,0.4978210718179648
n4ae8b7c82f354bb,0.508343688423094
n4aef7b71a2e81ac,0.5022388979508396
n4b0481f30d47b40,0.49694054064617016
n4b0781304fd1f4a,0.5004134367047945
n4b1fcfa13fa2d18,0.5005505604322773
n4b33d2f1b224228,0.5055811730525788
n4b389bf87af5eb7,0.4915323386525174
n4b4567366efa06a,0.4996642415544767
n4b48972478e0563,0.5006973557743613
n4b4b630054d6eec,0.5057886811441603
n4b59e731d6a3437,0.4973558466800633
n4b6a3d786eafd33,0.4954457501498811
n4b7006719aaebe5,0.4968362621236704
n4b72891ee81b79f,0.4998944723367604
n4b79d5673a8338d,0.5040788922292931
n4b7f83064e19916,0.49796182219240365
n4b96e03fbef5cd1,0.49996114286620624
n4bac57c5556d95b,0.49916682668963663
n4bb5b7d5ed02d2f,0.5017020601441392
n4bb73f513b129c8,0.49980859373212105
n4bc2aed8eedeb5b,0.4953203249052019
n4bc53f7615adc7a,0.4915965188309938
n4bd9e4a48553165,0.4939875386016657
n4bdb8c8a257e35e,0.4974786894778416
n4be236be5069ddd,0.49640129271878036
n4be579fb6d22a33,0.5064503902783134
n4bfd9059307289a,0.49702886760161796
n4c02a48abab8a3b,0.5028489590773595
n4c251eb6b0573e0,0.5016242230254612
n4c3534686f89be4,0.5092047365953671
n4c395b5c92c3f2d,0.49659316888451965
n4c4430113020743,0.5066086380060986
n4c53ea065fa25e9,0.5012637859776057
n4c5505c62d01432,0.49397368575548245
n4c55258c771e34a,0.5013302632602653
n4c5ba5349dbd6f5,0.4959841699726616
n4c63c377df76a32,0.49388178721757586
n4c9c4b54fa2feb4,0.4996697949004596
n4ca548a069ac648,0.4987955174555638
n4cbc0b0beca9275,0.49852372746013934
n4ccd8b87f33eca6,0.5009639921481321
n4cd4fcc2c028543,0.5063712990928257
n4cdb09e77b03310,0.5030518733067932
n4cdb9650b29508f,0.4958879475837172
n4ce30ee52fa9c8d,0.4957449927782944
n4ce331ec99ea6d5,0.4973191775771312
n4ce70ac05ba44f7,0.4968722886813696
n4cea3104e847257,0.5007482803959933
n4ceeece3e45c8db,0.5090576900807646
n4cfb3462d9f2356,0.4986931270960397
n4d0a554b9753f0f,0.4975213953743436
n4d12a38c5a00c19,0.49853077911591964
n4d165619ec486f8,0.49994112810077657
n4d24ac58bf991ab,0.49695888684870126
n4d2a5ec72cbd6c9,0.49936056355087527
n4d2e831e5f0e020,0.5065208941680932
n4d32927ae15fa37,0.4974197682199139
n4d3b9919f7b7a2e,0.4983249331129076
n4d44c7ff47a14b5,0.49778026699651534
n4d458b14f263219,0.49239422806813304
n4d4ede7477ed4e0,0.4970027318313107
n4d687c35edf910b,0.4982508281867067
n4d8a524aba05a46,0.5000080166598115
n4d8bb84a3f2588d,0.4999001634255736
n4d8c07a3d1064f2,0.501926187449903
n4d966385e31c92f,0.5015932212138241
n4da2e31fdbcf348,0.5022673821427421
n4dc720658d7b0a0,0.5008097030839679
n4dd3054701d6766,0.5050620531730396
n4de22a801fce4b1,0.5062231262242468
n4df577a4db62ded,0.49790124335760494
n4e0210609a017d8,0.5014281891644292
n4e03162a33e790d,0.49732039399448963
n4e050001569055d,0.502526916816021
n4e0931f9de9ba07,0.49641980633392624
n4e15575be9500f3,0.5043117197140823
n4e2069fa14b0819,0.49797792262062635
n4e534aee1e5e0c5,0.5076479526994436
n4e59545d8b2fd2c,0.5065209849837671
n4e5a7f31b3bcd16,0.5024275366242368
n4e5af082a76aa7d,0.4975570389169709
n4e6e68bd9ac192c,0.5001900145468153
n4e714bb2e907c69,0.5010102279909896
n4e73d8ae0bef74f,0.4967313708552935
n4e9677925b1dccb,0.493911677266781
n4e970e51655f074,0.5002629414381486
n4e9796964a5f364,0.5060953436803597
n4ea0e16d067ea66,0.5057114545081719
n4ea93bd884ecc94,0.4944237222661216
n4eaf6b245676931,0.49755593887660177
n4eb469fef61c47e,0.5010975076006395
n4ebd38736c28a19,0.5031212598240178
n4ed88838d90465b,0.49754608351229224
n4edc2f9d2eb7c7c,0.5020637632590158
n4ee882fe622d1c4,0.5064549829549859
n4f2bb693e8ed829,0.502242423325481
n4f3a7d1630dfe71,0.4972211515129376
n4f3bf3b06942036,0.5006808621390503
n4f41abeefb3fa86,0.49895066526091925
n4f72b10f048624b,0.5011966754597673
n4f78e0ccbcc6a99,0.4996177975816329
n4f873576e936070,0.497287643047368
n4f8c3b636448123,0.49949130188303614
n4f9bb9b3a1361bd,0.4960300724367565
n4f9e7c3087e0a5a,0.5005279106914966
n4fb3c4b38c92c30,0.4984764455681831
n4fbb26f764156c2,0.4906903546814672
n4fc28f538d490ff,0.5026140886255902
n4fc7f1232ca3516,0.49613879024480056
n4fd6c0f66822d2c,0.5025701850372771
n4fd743f823e8bb3,0.5027299236214954
n4fdc5e0ba6097e2,0.497487668003323
n4fec31655933837,0.5065389756926287
n4ff0840ef66c50f,0.50888188076824
n4ffdca6cfa19324,0.5027774888087191
n50051daec2d7bf8,0.5071375867197505
n502f7e97c1956d6,0.4999114819042058
n5035215c8fefd41,0.500416764708112
n5039afb3188c86c,0.49484020686909946
n504010755997f6c,0.5032411848251186
n5047bb0944988b7,0.49950480729308355
n504fb3b2fae70b3,0.5057032613472292
n50537e167362bf4,0.5007820805302283
n5058697bf5b2e95,0.5033106910695728
n5059243598f30f0,0.5037450773792493
n505d2fd92ef9d6d,0.5073003877249047
n507d30c2541a014,0.5014582477024606
n5081a89c39ddf29,0.5024770880083861
n5082d3034037684,0.501149748309808
n508610494eadb9a,0.5001520128817375
n5090f4cf5ed03a6,0.4978173618961085
n5092e66aec70bed,0.5010120858180475
n5095b76265cf591,0.5006216158148603
n509e28fd5ba3829,0.4962518570041016
n50bfd7044036fef,0.49558355904742496
n50c1e0b7439dd41,0.49952051216775745
n50c21652aeae0e1,0.4983768375937292
n50c35e6a848b5a6,0.49803948105466356
n50d3fdddcd52c26,0.49945976076318543
n50e3101ad59ca6d,0.4998975520561603
n50ed258621b82e8,0.5046315944066176
n50f47a1844e3787,0.49751301866617853
n50fcec62bd3e771,0.5051069938378695
n51001a83fb3a3da,0.5054970448670045
n510f91f11e7ae04,0.5008813805917585
n51170e278c8c0fb,0.504060883479016
n511eda6e8a4d88e,0.5055811192256777
n51324e99165d0f1,0.5060558008990502
n51332a1af6dc5d4,0.4981440192943592
n5158411b8ff0566,0.5010138422231502
n5162271ec18a596,0.5055670619611556
n51793d92351ecca,0.5055942865609965
n517c0abb3892c14,0.49642945158618185
n517f4954ce4c9b1,0.49907288071777345
n518761ec9e96162,0.49884190642839776
n518d81c075b118a,0.4930441793744894
n518fb302f4c5273,0.4996834789501993
n5190c265d8e75b5,0.5044920188346619
n519270dc2607853,0.505465553842132
n51929f589c2ec19,0.4933131880747027
n519500b3e7b7a90,0.4967255053920993
n519eb13923d97d0,0.5034295715955321
n51a25f7ca2d4449,0.499649942324368
n51ad8a944e7d7b9,0.5023019151057965
n51bca129d303d15,0.5129067456226961
n51cc9cd0b735b98,0.4992020632513637
n51cccadde5f7c6a,0.5028795231328524
n51e7c56608ae7f6,0.5005883315905867
n51ed6b3472adc9d,0.5056459660075044
n51f8b642321ae2f,0.5035042799629392
n5203314f7b9aa9c,0.49765676521882996
n520f7dd8ebb6b8f,0.5050028869878537
n522548f5a269c74,0.5059847254708394
n52283c4f0984122,0.4934840855562435
n522c6036edab06a,0.4954967878873148
n5237b9092d5fe12,0.5049774394411533
n523b5599ab3c191,0.5005824439941282
n524fd4c923807d9,0.4979050458147449
n525faa52b42a57d,0.49393575626827224
n5260963ac02f347,0.49826133701277453
n52781fa156b51ab,0.5101916981270463
n5281a6b7939113b,0.498670794096191
n528f3266179d426,0.501631456243041
n52adf04400d6b90,0.4994004692373201
n52ae19398d27e75,0.4997889224842482
n52bf63814eefd0b,0.5066532064629379
n52c00614114f30c,0.5001777648615513
n52cf5b4435e3fe8,0.4996249031041811
n52d2463cd3d564a,0.501032069261794
n52d73209845674a,0.4955673501131494
n52d81e28e216681,0.5046922744538198
n52e2894e7f86f45,0.4987256537675793
n52e8c70d2060831,0.5000587637530906
n52ef2da26d46a72,0.5019579603234945
n52f8dd9d21cf3b4,0.5010083232336469
n53122785b149e32,0.5020997430624384
n53151e4c9db4510,0.5081306972021992
n5328afab47fd32a,0.5026163764786707
n532b63542cb68c9,0.4949402590226372
n533a4692541707d,0.500700668463716
n533c6cfa523768a,0.49351925531998736
n533f124fff50bf7,0.5067273121568988
n53449ab3b1b6291,0.4977933913737031
n535e8e8c55c8227,0.49933131802312175
n5365cb42fa10d0f,0.5027915227245525
n5366e55a989cb87,0.5001601020781353
n5367c4dc6733b00,0.4997052752532824
n536ac0e32898112,0.5069273525636168
n536d765b32504b0,0.49439145686452435
n536f5a5816b8b17,0.4972167734114805
n537771fc5052c8a,0.501083780258662
n537e04e7e7a8cb4,0.5117564808231516
n53809a60647124c,0.5000618368257711
n5387ca34dfa6185,0.5055480461407232
n538f9c977437030,0.49903121696732644
n539242662c05a4e,0.49846956104640056
n53934523a3a16ee,0.49884685060645023
n539398f035d1ba4,0.5002032352310735
n5393c6d3e4ee134,0.49988069104568594
n53970ed3e2ffa1e,0.4987418410204645
n539730ebf42e146,0.49856658066109116
n539fc0fd32d3ef4,0.4995097312709874
n53a17284e4dc2d6,0.4971255746533131
n53a536242bda936,0.5024415517502202
n53aa43414a1622a,0.4995921463334235
n53b2e2e55fd9782,0.49949301372131805
n53c27326e531c5d,0.5012517801732331
n53ce2da368ddf88,0.5040822567405321
n53d5a238d81e567,0.5007968641132481
n53e80d0786f83c7,0.5021803775912783
n53fb6d36196e594,0.5001469204413383
n5406a6407dad09b,0.5051895142061092
n540f1bd436b0d89,0.49773753109801516
n5420f904d16b46e,0.5018918909608834
n54589efded111d1,0.5053778818800297
n545cf69422f9aea,0.4970849080370325
n545d2257d3debae,0.5016186879089742
n545e2a7c0c7e3c2,0.4989118038420029
n546a07c30b0c6b2,0.501206117489249
n546b1b1c3aed950,0.5008671126531204
n547295b18c73e7b,0.5011320718866272
n5473375cd6f7cca,0.5043657857732015
n5499250df1f0522,0.49726516192469317
n54992ca1753d730,0.49755737105892633
n54b651db1d2a3ae,0.4994843098492025
n54c124dd58b5562,0.5028879140182209
n54c56f1be35acd1,0.5015963484033366
n54dbaf70cdd5f07,0.4969569405015235
n54e3bfc8b97461d,0.49281132220655205
n54eb6601b52fa4d,0.5049681104498838
n54f025a3647f7e1,0.4985644859862239
n54fd3f79998b1fd,0.49797338294664206
n551206d1ab3bb3d,0.5025850415439328
n551254a5182559c,0.49967558027006626
n5529b869ef146c9,0.502382036432523
n552df67dd7d638d,0.49960362944248926
n55360e82946252d,0.49780406958808326
n5542fcc4daeda9c,0.49788927423287077
n5549d241d8c31be,0.5045651210587754
n554c0404248b66e,0.4960576593202234
n55502bd9a3e0921,0.5020170115893388
n5557f1a5f0d3a79,0.5049212988219329
n5575795240a72ee,0.4969183732969475
n557e4dfa19c8799,0.4975225704949827
n5586520c8bfc60d,0.5000269351042241
n5589b9895abcda3,0.5121041735987806
n5590de0bcc7031a,0.5063643851242176
n55931af647ce439,0.5001271669068229
n55ab4a7bd50d6e5,0.49989087783075886
n55b65aacbbf7d69,0.5004993327586987
n55bcd50932d496a,0.5006194148008408
n55bfcf3f2be59d2,0.49642299971406384
n55c1c56eed730ea,0.49829202844791676
n55c7d2e8fd3ed10,0.5062488252192819
n55d3671e8424c3d,0.4959242023982997
n55d91d4fbf1518f,0.49841434816968977
n55e6b0fd2e94cf5,0.4973581640058159
n55efcab9566e7f3,0.49811028993060036
n55f26a0e63bf398,0.49574669691543427
n55fb147acc9c942,0.49861215050630325
n55fe17876a19b6f,0.504658149070476
n560738e8700c015,0.4977421794436372
n560ed9683f3c23a,0.5021797316882957
n5620d2eafa1ec08,0.49695816708606716
n56268e230da8734,0.5030348882752469
n5629ebcf4e05347,0.5027277949435536
n562b1fe7c57b3cb,0.495317811505208
n5636bbf774fb07e,0.4944382314533923
n563fc29e55d4692,0.4930705260608849
n5642bdcdc9e2d72,0.4988232626429724
n56473a213e51133,0.5030829092543649
n565561cf5f28a7e,0.4998772143139346
n565c9cb1e55c41f,0.4971874374186208
n56638faf3d17cfb,0.5071435377311179
n566718417743965,0.5057484834091461
n56961cfcdb75151,0.49323023137226163
n5696fbce56cc4a5,0.4986373527785582
n56a4cd5ccbea48a,0.5005731272516073
n56dc386a87a69c3,0.4987690320000169
n56e1002ba51f3e8,0.5004512610904688
n5701968bd7a6738,0.5002359940092012
n5702fe5415206b8,0.5007322234370687
n570324d1c738187,0.5025461356485244
n5718858641faf1a,0.4990370021216314
n572ebe036df9bd0,0.5009660361187286
n573098b938c02aa,0.49965146059917026
n57311269c5253f6,0.5011663429639203
n57348ba8effd98d,0.5012001188507459
n573774c85978eef,0.5043017912843264
n573aa26cecde0e9,0.4970078830526495
n573bcc400833766,0.4963847693012599
n573cb699bc32cbc,0.5020612598811673
n573dec08bb0ba0b,0.5060915143060276
n574869c12a97273,0.4990935390758127
n574e02c1628cabf,0.5037299331618338
n5758004b954c77e,0.50762630130762
n57647b58288deed,0.500033703558653
n576bd5013fae807,0.4974688807449313
n577222b47185538,0.5033677701647368
n5799f8c59bff487,0.5026874605787722
n579e0ade6df99a1,0.4953364970715776
n579e87807dfec86,0.49427728534594084
n57a50166d167248,0.5054019522982721
n57b7fbbc1003e8f,0.4972140771701169
n57bc8c164899c97,0.49962947488394505
n57cb972e1132b6b,0.494555628717434
n57ce5fc339781aa,0.498839242100529
n57ce6dfde27d4de,0.5028734037369993
n57d063a97a13ea6,0.4987854940499348
n57e0b2bbaaaa10e,0.49618708715627613
n57f23715c6cea9b,0.503958714874048
n57f5b075e5d45f8,0.49859719307080647
n5802b7a1bb5f169,0.49733734137691393
n580855ffedccb77,0.48672743587625356
n5814043860d47c0,0.5013385908389901
n584902b6fe32d0c,0.4994642072983298
n584af54c6445cd8,0.4966651538961154
n58568edc298fbc6,0.5033543072075383
n587d273440db829,0.4979509818735385
n5885c57d5bf5a40,0.49411664607440914
n5887ae06b2de69b,0.5002629853304542
n588b4fa065b5fa8,0.5051682353976275
n58971c78df2c3d9,0.5038835051054091
n58a8fb97296ca80,0.5005146921315535
n58b519f2fedcf12,0.49689500353362254
n58bb8c23ce7eded,0.49883522174906103
n58c3d7ec4854ca7,0.5038970982297506
n58c6bd61bda7f06,0.5021941117376535
n58c72e32797ddd4,0.49639666319833864
n58c83b44737d575,0.4978336210739713
n58c9bfed52a7106,0.4996173721422981
n58d3864c5f93d50,0.4962222401356605
n58dae93371f8fe8,0.500470944385288
n58dfd4f2bc3614c,0.4977026885502899
n58f5e19fab51996,0.5024423696218296
n5918ad90b9907dd,0.49028150635490425
n591c2e346d9ab6a,0.5021390111292644
n591d037bf0be60e,0.5071034815245518
n5927f72071460a2,0.490086421967878
n592be862a596060,0.5005692560168452
n592c3f55009780b,0.49997833092763516
n594b8bc1d909ec6,0.499789040613123
n59504db79066402,0.501740764285761
n596ebc0ba5dde04,0.502770636158588
n597220adf0ac104,0.49914166175543
n597478d0f59aa30,0.5059206050142444
n597c743f0b3e6b6,0.49315661904833985
n597f63aa1262983,0.5009723190153276
n59874fb0fd9692e,0.5016882624029361
n598c6385f069311,0.5011280865889588
n59a58fdbe1fe6ec,0.4975537568034386
n59caec4e339d689,0.49724214826643975
n59cf5834ae261d0,0.5041817616029063
n59d2d1127193a05,0.4980105179572251
n59d6405ad68bca0,0.5031709854253317
n59d8dfeb554624c,0.5012149319862509
n59e65a74b4f5f3e,0.4986494160017068
n59ef503daa85181,0.49940545928717767
n59f317129cc3458,0.5015654302405563
n59fb478b979c5ff,0.5001318374444451
n5a14a6f2a1bb153,0.5045589371416268
n5a1b1ca15b8dafb,0.49763749287245224
n5a1c60aa4b06ad2,0.5039230769903181
n5a20cc495a80df2,0.49251130244862035
n5a24902e4032149,0.5026259159007226
n5a37b202beb6b35,0.5060916662865141
n5a3b5afc78caf6a,0.494419408658068
n5a3f4830cecf3da,0.5003829172514843
n5a3fb1bfce24753,0.49533364866355417
n5a4f0474f660212,0.49934871878677184
n5a57fbe1db7cf83,0.5035229610457865
n5a5c5029ea7e3f3,0.4929059213188088
n5a619961a2f8eb5,0.5018095907664601
n5a63da134cd25e7,0.5005747807041707
n5a781a71d261759,0.5039326846405878
n5a80c9f73024f0c,0.4916800210886776
n5a8a92e9fed3936,0.5013788104517887
n5aa23922e9dcded,0.4977940507164217
n5aa2722838f8b27,0.5019684893937097
n5aa8b51a7a0a7ab,0.5008484906306926
n5ac68c027292702,0.49172577369882453
n5acb7c8b28f67f8,0.49719467729465094
n5ad91ac600cb264,0.49889436443529034
n5adcd904fee32f3,0.4941240131243993
n5ae395c937176d2,0.5021627526284451
n5ae84fd35fc374e,0.504613956464103
n5aeb4743bb9b6ff,0.5020124100039611
n5af374186c200da,0.5087727596307253
n5af38dfc2096ad6,0.5039262781027507
n5af393095bf8412,0.49798506336307524
n5b0d388c0c4ecc2,0.5000821573916705
n5b26cb94240ec1e,0.49752022530050494
n5b2e49624de6502,0.49825119541157703
n5b38f10686f4058,0.502276450075243
n5b39eb7564c9d76,0.4928758692387211
n5b42432b6b47091,0.49397132640318664
n5b44e8266bebd8b,0.502418141822812
n5b458719f44dfae,0.5020627119923327
n5b5ba685ef0ab59,0.5003444613605394
n5b670832f86ed16,0.4982445930188521
n5b718b6de5bf84d,0.4970734543700198
n5b7c9ddfd896da0,0.5012811579334905
n5b7d7f754b1a98a,0.4913691791747049
n5b81a39a1654e4f,0.5000206435594392
n5b93f0c0e9435aa,0.504574041369071
n5ba421585c8f5de,0.5020803302330565
n5bb614154713505,0.5043667552924075
n5bd38a2b1fa426c,0.5000981476485686
n5be87e7a1ac50bc,0.49883164830340476
n5be8d9f71103344,0.5029891975011659
n5c0104e1208766d,0.5025146475232622
n5c093f5d2e6cf64,0.49224498886692136
n5c0b995a4dbafc2,0.49846820800194247
n5c1a1a4595cb0f9,0.49974852765080363
n5c1db275bf91c83,0.5033979554914814
n5c237af3bb1a147,0.49906220966904696
n5c2ea47434c1e6a,0.49456535182899575
n5c368a8592d6108,0.49553427889273977
n5c3c622304db5f6,0.49573058568287387
n5c4cb156462806e,0.505866304504117
n5c57af379194e93,0.5038341584838636
n5c58df557f87e9f,0.5022710669126905
n5c5f666b4d99eed,0.4981510770501238
n5c63effceebc99a,0.49827828401166
n5c71c2ff17e4e37,0.5082856097839984
n5c73c37cea23122,0.49818801306938465
n5c76cc83ac9ce44,0.4965504398195646
n5c78443e6e36013,0.49520116316325585
n5c7d3b036af0c40,0.5009155885523687
n5c876a8cfcc6c64,0.49705253006184097
n5c913e31e5a3962,0.4998708659019228
n5c98288817ebf93,0.5000450914525554
n5c9c8f61b2aca35,0.49773441772221994
n5ca40b78484fc90,0.5081850622803004
n5ca84d3d95ed4d9,0.5037116177922415
n5cab7d4ed30be1c,0.5030729845102242
n5cdbbcf80e5bec3,0.4980327042507993
n5cddadaca5825fa,0.5000928444166317
n5ce2724ef1b442e,0.5021922197398355
n5cea4a71f366f99,0.49807894197138247
n5d015f436ea76a5,0.4957817370591278
n5d197875c4293f0,0.49838054403118964
n5d2ae459fb3113a,0.4983795436271582
n5d2b3d8d22525a2,0.5033395394612041
n5d3117be053e9d6,0.499157133951697
n5d37aabb524de09,0.5071414706367617
n5d3955af172de8a,0.49830707606923136
n5d3a86595f5d464,0.4974898053109843
n5d3b386d6eb570d,0.49800951196485405
n5d4470de3a62039,0.4928299703726128
n5d4864759c8c1f0,0.4971921192923177
n5d4dbc2378d71d0,0.5061373857973336
n5d4f34619b85c69,0.4998937301534969
n5d6ec2131933bae,0.5033795269825884
n5d747ce1a421232,0.5025126162839416
n5d8e5a47661031c,0.5023080305745697
n5d8eb80cbea4523,0.4983359361337098
n5d91934b90e146a,0.5034431505442899
n5d9e40459125321,0.5005552617981134
n5da0273a4a2dd06,0.49540926592873097
n5da6d246bfd7bae,0.5003878349478332
n5dae522758accc7,0.5051305355463065
n5dc58dc12f974ac,0.4988772723743654
n5dcd9bf8352b110,0.4919383935712664
n5e0971b1e0c7552,0.5000618767858895
n5e0b49cf53f5314,0.5009137740607479
n5e0c529f99547bf,0.5012747378999588
n5e1d229f4f3cf5f,0.5026203054239637
n5e250ac31c0d52d,0.49994144567313664
n5e37602d3c0d24a,0.5072257019809934
n5e3b1dfdb3ff3e9,0.5012953808509539
n5e41146989c65c0,0.5020312406024088
n5e4cebe8462ea34,0.5026142015600005
n5e64ad837fff7e0,0.4980099592666046
n5e89ca3d3b9d836,0.4997406598566866
n5e91dd11c8a5bc6,0.4986082272023877
n5e9eb303736dc60,0.49940004461444715
n5e9fecf607002a8,0.5041823979065171
n5ea617a817863b4,0.4991809780116095
n5eaabb78be165ac,0.4980999189893034
n5ebaecc3fefa18f,0.4990313490552209
n5ebbde8b6b5ae82,0.4975296631918672
n5ebdcf87c69eb88,0.4993503362051608
n5ecbc60a48ec047,0.49577182334685244
n5ecc0a1f23164e4,0.4963917626895069
n5ece4562f14c040,0.5023041772800213
n5ecec4de408f8ee,0.49820359573436757
n5edb08bb82ced7e,0.5022511562526585
n5ee50378a83c069,0.5015807888029244
n5ef0967190747a4,0.4956422202431851
n5ef3bad1a224b8b,0.5051595644712118
n5f0649247e79f1b,0.512334674113816
n5f082df2519d1ef,0.5035779442034509
n5f19868865ccc53,0.4986306750007788
n5f1bd355dfda075,0.4978320312786396
n5f21e6b4f4ced04,0.49659972293304816
n5f229e268e5bfa7,0.49646422290330494
n5f35a44b639ee76,0.4944326760076507
n5f35ebdd3aade19,0.5032401870615121
n5f495369e8de645,0.5015936858378698
n5f5c3deb2dbab5a,0.5002443821979905
n5f77cf64bd632f5,0.49476275140151776
n5f9464e57f23a04,0.5054023888389524
n5f97a42a11cc614,0.4997869570928602
n5f9ec7c35d80862,0.5005903293031898
n5fa5f10c2e8f489,0.498856103111339
n5facdc5192feb07,0.49916761782196284
n5fb4528a5cc039e,0.497829309042685
n5fbc95768df9496,0.5013096367350921
n5fbe924be4d86c3,0.5001155267038057
n5fc5d5d226e15a6,0.510125553183626
n5fd687acaad8eab,0.4967432264238757
n5fd80cd030b2299,0.49719631650335266
n5fddcffacd13afe,0.4990222292309907
n5fdfd84b9cab91d,0.49844151346999105
n5fe4a8c24c5c9b4,0.5099022077538247
n5feb63f9e86f1d9,0.499205939173792
n5ffa4140a3528a8,0.5077385786931752
n5ffacd48d49ae06,0.5013932350585499
n5ffc5435ef590bc,0.5031183215597472
n6017b4ffb2eaebd,0.494246875273045
n601cf74ab0bb3ee,0.5009158822770583
n6021c5aaac6f4a9,0.5024583709998859
n6026d5beb76e059,0.49618569266365875
n60276bbdb8a2f38,0.4970862700345752
n603d37f8e274018,0.49482915061367894
n6042197d33b8ab4,0.5014481813507288
n604a6611b40bfe2,0.504716909204486
n604be7c949e9888,0.4974890873095471
n6055aeea49e94de,0.5048599413395253
n6062d7161819100,0.49607247954480876
n606803701e8112f,0.5076593829662982
n606a332d4d74f4a,0.4938412738840162
n606c2e66fb946b6,0.5005725492172491
n607688c6c23522c,0.49133733211362285
n6077273ec993deb,0.49817595919817165
n607e2d26dd43475,0.4919274658015108
n6097d80e0dc3c8a,0.5054814270174259
n609d5d78b0914f2,0.4996668404217772
n60a115e79d3aa29,0.5037076223010358
n60b045277d3e59d,0.5038954718355482
n60b5ba348c76ba1,0.49618466539236716
n60ba6ce03742da9,0.49446736406693004
n60c116ac43c142a,0.49766492677747454
n60c9c83d0590427,0.5034579634747197
n60d54a6b22f5432,0.5025641193927551
n60d5ccafe3a226c,0.4983408916894594
n60e2827c047a9aa,0.5007231913734271
n610e3e9b1c7c780,0.5013000554341679
n612281f2189115d,0.49742288672573975
n612911b9b453fdc,0.5009180580930774
n612a15b592ea2e5,0.5008066772125797
n615147c3487248c,0.5013096323280513
n6152e2288419b95,0.49585934859296205
n615d084c4870757,0.5012568125608262
n6163b75d121229a,0.496592557374232
n61833c00972d504,0.4958246706685779
n618adb6e56b43cb,0.5000137633247522
n61aa6cb38aaaf4b,0.5064898473545737
n61bd611b6d2d6c6,0.4981366271470428
n61d24b0034d1bf6,0.49991755512844377
n61eb09f8e2fcf32,0.4952255338886551
n61f96b1338ddad5,0.4963071341904915
n6216f72bc587dc2,0.49506316422834085
n621b92c270cb202,0.49638268316292355
n622c95d47f28833,0.5013302777111
n62426153427b235,0.5014205653305426
n6255afe3c62cf61,0.4994264518443772
n6255e0712e3cd9e,0.49563381716099475
n6256836699f26be,0.4940261404157798
n6256943011330f9,0.49784180548906887
n6260fafc9ace85c,0.5004016003996073
n62652f789ac9fca,0.49986999303749285
n627d9af3c68fbde,0.49775746010087024
n6280abc8a75d67f,0.4982933953075481
n62887f831cc12b5,0.5019804731214186
n62a35eced51dc95,0.5010982278934218
n62a5bdf1a7bc864,0.5035406843980444
n62ac7a81c075426,0.50141823385983
n62c0c00876a3c72,0.500602730537658
n62c11127654bf71,0.49445793190669557
n62c1881adc3b333,0.4946264057781045
n62cbb67bd03253a,0.5023459433666724
n62cda04666e5f40,0.49658486777714395
n62d17e21482dffe,0.5040733965130706
n62d8854b7845ebe,0.501638484146065
n62da7c0dd424620,0.4966868303728499
n62da8c20c5db67c,0.5003748222924406
n62dd9817da3b2c1,0.4985298026482838
n62e905c3992fd1b,0.5022422574257851
n62ed8d7089a8b54,0.500847360116921
n62f0d0c9a0b9a76,0.501492370069306
n62f29e13ccf4c84,0.49636625907052556
n62fad3917e87f4a,0.49781986534113826
n62fbdd19bf16a81,0.5064614094651707
n63123c7c5d7d290,0.4986363934438874
n6312d7d5284a777,0.49836646749013325
n6316db8c6de7d28,0.5018264819251697
n6321d9a1fd3aa39,0.5014845777781576
n633735ea0362e35,0.4932256184103125
n633bd1c53c95e73,0.499385689664056
n6352b80b0429146,0.5069076659539067
n636558e6f2b6bdf,0.49846649275545774
n636740ff5dfb98d,0.5028057359841744
n636b608aa0f1dcc,0.5081353968514408
n636ff29465b2da4,0.4950221780635654
n6379075fef44dd6,0.4935332233158113
n637a8a2bfeec6e1,0.5022632546033057
n638879da5675941,0.49647329829881354
n638a650b9f52973,0.5037542677721839
n638ddf239fa5f83,0.5050877548959553
n638df6c9e7c5715,0.5008515287996599
n639f44abbbb8be6,0.4991441246408103
n63c41d8ac41a406,0.502814115343642
n63c76ab7c5ef281,0.5029298659612906
n63cca022ebd3357,0.5065228109686072
n63d7cca0cb20b6d,0.4963997580718277
n63e5b5bcb15f1f9,0.5025957281713352
n63eb86b44e91de1,0.5044592554853963
n63f7ddeac674b2a,0.5109242779579718
n63f99641d742a26,0.49495968948986546
n63faa1f26fecd5d,0.4987783224424041
n63faaa996c8c0be,0.49669015257184773
n63fb82effa71c12,0.4976093994208272
n6409e939608aeef,0.5000954390417021
n64179b2e7357da5,0.5081284186196304
n6418e9c39116cab,0.4989939303417847
n64195f41f684817,0.5027155558885015
n641ecca600fcce9,0.5049181915083646
n6425d4db9bbe095,0.5055249195315028
n642700620a2df79,0.49960372447175544
n6433886a8531b86,0.5005213974036602
n64387e225eeca1c,0.5022375742254359
n6454134de1af719,0.5020419001071496
n6467b70e3b9fc6b,0.5014040800103394
n646f63fab5607c3,0.5030480475586925
n64700bcb5f7bcfa,0.49905812620397677
n6478fa9a5609121,0.4990328522965982
n648d776cffbe138,0.5024032876373941
n6496aeb305232a2,0.49523082497142334
n64ab787b4d03179,0.49794689927850966
n64b4e14df38042a,0.5013967005582649
n64b8139ae9779fd,0.49280827845369596
n64ba543e91d82ba,0.5026257250389905
n64c22f91fad0cf1,0.4971663795382961
n64c8f32e6c4091e,0.4961395097321309
n64dfe93bcf77ddb,0.49979321218541184
n64e5d79e0e9b44b,0.5017137330641056
n6509bc71de367e4,0.49783354966741433
n65525d2cc6a101e,0.498081962815095
n656df0c8e64661a,0.5028316861920353
n657a57aff460903,0.5000826056102118
n657e7999c96903f,0.4979747137588035
n65920073f06e096,0.4992912466742932
n659b8b872fe4389,0.4990240776778237
n65a0d3e474fcb96,0.507274292577652
n65a1dcabb2d9792,0.5062503992261713
n65a51805a0f21c3,0.5017441979089355
n65c2093f54ac678,0.5020416418749416
n65ca27ab66dc4b2,0.5052339131566864
n65ceae54099815c,0.49924935177591256
n65e9014b49acfdd,0.5007312999904014
n65fa5c71215e745,0.49405088449777945
n65fcb1e4cf452a6,0.4951263217530909
n66010b9d17e2567,0.49826259792621547
n660157d8dcbb1ef,0.5023991308192902
n66056cd3d4a9102,0.5009078845871522
n66064e6a113295e,0.505006142003441
n6607536e2acc004,0.4980131572223282
n6610bd368d27afb,0.4993229682433868
n662af56cfebd582,0.5017590570735365
n662c29cae24e666,0.5095024624325827
n6634652a3466c61,0.49819559629338594
n6647313bb18a3b2,0.49888767339641193
n6649e2a845da795,0.4995767656326475
n664b22bc236c1c9,0.49385876564213693
n66597b150c7e606,0.49981693524550236
n665c905be60d067,0.49520763873783785
n66693a0a558d829,0.4981869234067001
n6672282b4233363,0.4976020319380533
n66724b99b4ecb01,0.5020793603519698
n668c4868aad7d34,0.49774648790873255
n668c5a6aced1980,0.4999311830933077
n668e3038bb71b39,0.508522645020198
n669823b77b8fc0a,0.503591630204026
n6699c4df1501a86,0.502756201733035
n66b4e257920dc9e,0.4968639617748408
n66bda3a3e3e70bc,0.4970780036405615
n66c38cd21418269,0.5102167766119817
n66c6a3645e53811,0.5046076191470745
n66cd0f0fd8cc18e,0.4983483210167393
n66d6d0762566e2f,0.5042560058763188
n66d70e48749b4d9,0.4859478210306898
n66de1c8b54a71e3,0.5039229408935181
n66dfe6f3a88b8ba,0.5014851113807868
n66ea5b4fb265467,0.49808816532242894
n66f93e0e2381435,0.5078919151358533
n67017f6d6008e26,0.509440083443346
n670e682345ba3cc,0.5030184927093443
n6719bc05b23f9e5,0.5004432184818334
n671b991ff009f0e,0.501419190644798
n67238dc6e1ffed2,0.5001559329203334
n672a8d01a8e8778,0.5047748680558165
n673a057aa683032,0.49853576588100296
n674ae4253fc18e7,0.49578461975431115
n674ce39cc5617cb,0.49916922309708434
n67523b7de9c1a30,0.5032846477820403
n675a1bb9c4aa08c,0.5003697438842142
n676564f12940f9a,0.5011609555314758
n6766efa60618525,0.5006261753787917
n676bee0b0370084,0.49366351714255197
n677fa1a7b665ff8,0.4959655361566842
n67858a64a4bb1f6,0.4971435223985047
n678b2184759cc3c,0.49850790635944114
n67ac68cd296a4da,0.501117032448261
n67b3a204cd3856d,0.5003261918495852
n67b3d4942b2dd3d,0.4990611405281356
n67b45154c55f099,0.49854649446651356
n67b47ea7e1c36b1,0.5018504226692424
n67bf2092ef0b9b2,0.49719281345413197
n67d8412a9e8a7f0,0.49188895393711846
n67ed701cc2db7b2,0.5029309100923695
n680e3153e486f5e,0.5004388977161472
n6814fa56858fd12,0.5041714748222299
n6823ac15e094dd3,0.4967839894404838
n683a2b793446a41,0.5004532733137038
n683c399d1eb790e,0.505145663537833
n684272c870fa060,0.495350793886737
n684714013e42f18,0.50590563331094
n6848d19fe88ea6c,0.5007102153384927
n684e2f8fc8a87b0,0.4995200390450703
n6851b1d95def7e0,0.5016889559171919
n685ec27b558646f,0.49682895454738996
n686139372a33d0a,0.4932996385435794
n6864f2a73b3cb4a,0.5009965352127144
n687e8e51d5e777e,0.49887185008683527
n688208eeca178eb,0.4982470419672617
n688a3ba9f33e7fa,0.500427560388636
n68992e5f05a1812,0.5005444489898733
n68a93cc1025dcb8,0.5013100360546122
n68af35e716b7e48,0.49937664918176894
n68b11b72ae0f52c,0.5043812579054808
n68b79ddaf3d8fd1,0.4979852538461958
n68bcba6aa342329,0.49432930920864554
n68d6ecadc768f9a,0.5031934289107275
n6919c1b23f63ef0,0.5018305367362585
n692f94f0645e2ac,0.4964195434906677
n69354d808639fa1,0.499740918128585
n69466cc580ee709,0.4988193845236896
n69478a08ed74801,0.4970075394923727
n694d8460bd8218f,0.49535983427422126
n69534a624029d05,0.49787403406425174
n696aa843545df1d,0.4950488949020359
n69891eeb44b5958,0.507044423823824
n699ca5db5f5d3a6,0.5047361341736221
n699e8aa95c13702,0.5057897181618612
n69a24ac9752188b,0.5071255975008291
n69c50b212be8837,0.5010829598716067
n69c9573924f5243,0.5020260901810922
n69c9e77b408ed4e,0.49833034989443237
n69ccee179422ddd,0.5096097613609395
n69d1c39801c3ed6,0.49099627329081386
n69e68e05314fc03,0.49799883050486127
n69ebf22210b02c9,0.5022438649933543
n69eefca4b10a4dc,0.4999125177773112
n69f2a27ddd246fd,0.5012813741294582
n69f3348daa7612e,0.4963110949811179
n6a05eca6469c275,0.4989329711697333
n6a08c33d2421415,0.4999448314171147
n6a1fdd32121ab0f,0.4993219689322037
n6a2a12d3bd2062d,0.505299309880568
n6a2b5f38cecd998,0.497128089982568
n6a2ea87ab5b4efc,0.49896501988717296
n6a4648000c3a911,0.5047445714355103
n6a4cc2cebc62e53,0.5026558301232258
n6a4ff82c9d3eafb,0.4990448022710183
n6a55bd8dcd7dd95,0.49900635108278985
n6a56f661d376af5,0.5022223271105913
n6a6648a3298a31b,0.5066141005947941
n6a77461a3648658,0.4996955959814852
n6a815e2f785667f,0.5010974508979485
n6a838ad7138645d,0.5004957450005307
n6a840317eb63c35,0.5022867308605439
n6a8db92ed77ee12,0.4971405821185649
n6a8ffca04136269,0.49999048850351
n6aa14e28b95ebef,0.4949681459483286
n6aaf5e607115c10,0.4935993964398016
n6ab5a2ddba39d04,0.4998088154117322
n6ab6f2c014c0b7c,0.5032854156233221
n6ac7baff8df845f,0.5012492422338573
n6adc24f3dba2fa2,0.500234909339586
n6adf913c9f02be7,0.4927396470549088
n6ae0005249bbe4a,0.49780888557588154
n6ae900a4f4f5c6a,0.49745511633582923
n6aec54922b901ac,0.5028605904838964
n6aef90f9d73bd33,0.5064309476475573
n6af402e5140cffa,0.5026358524392839
n6afcc630f7c8581,0.49692224530239404
n6b0ffc018555d72,0.5043567413945333
n6b103400b153b81,0.503473433099219
n6b15121355dd7c2,0.5061016223632244
n6b2c1d62d42893f,0.4982554959197008
n6b32499bb225d28,0.49794517438505087
n6b41dc817d5761d,0.5029235845270258
n6b4b0d0ba38b97a,0.4964199500458557
n6b62ebd02b1ad10,0.5057550087480065
n6b64a0a22306063,0.5009618464159761
n6b6ea6847bb039c,0.500749435874792
n6b7132f29ebb11c,0.5039806771005749
n6b843e65d7e9eb2,0.49574218993885655
n6b898a612eae2c4,0.4988571604087768
n6b8d95ddc2bd0fa,0.5155636083478725
n6b9423ae5a8e4b1,0.503667666135315
n6b981cf10999a41,0.49844339119149467
n6b9e97fb36aff67,0.4964144511120555
n6ba0822e1dd8271,0.4991018123211526
n6ba357942bd9256,0.49819869686062995
n6bc1b208138d54e,0.49417099313307117
n6bc2bec362fbaf4,0.49687895947235056
n6bc74660a49f97f,0.5031946086022453
n6bc97f1f7f2645d,0.49946458204015776
n6bd40d8b2f7925e,0.5010909881529764
n6bf8969d7e06a2e,0.4967366067574811
n6bfdd0e9f17d086,0.5015637700673863
n6c0589f899da915,0.4941710609781237
n6c0a69cb4382c7e,0.5029750130916021
n6c15406c693ad79,0.5018354546001833
n6c2da73d940a11d,0.4990778825544316
n6c2fa97ecbabe92,0.4960828817960539
n6c44d1485b8e8ce,0.5058089793189107
n6c4957fd985e434,0.49769157195096914
n6c49f4737adcbd8,0.4947443235990713
n6c60f7690ab6bca,0.4964851469988114
n6c650cabfbf5060,0.49729994812003725
n6c7001921cda775,0.4919316551679496
n6c762400f812af3,0.5029519683540724
n6c78dca9102d3c1,0.49834449889402377
n6c7e8b08900a52a,0.5012541079080841
n6c8517a5bd00829,0.5000755583032959
n6c87b9d6a71e12d,0.506112237803056
n6c891218f0bf510,0.4954753060761384
n6ca21daeb039f84,0.49819664277986814
n6cacc73c86c9fb2,0.5011331673732914
n6cb63366805a91e,0.5038038962341953
n6cbe261ddb1b3dd,0.4986956080219321
n6cbf31e90ecb623,0.4953339212134425
n6cc2084b99808da,0.493895472534925
n6cd5d95ee8d226f,0.4997147719714652
n6cd9dde2838eb45,0.49743868570705047
n6cef19dc9334f58,0.5037690435631065
n6cf2bfe4e448030,0.49468049079733023
n6cf47eb3fb0279b,0.49239681554804937
n6d06f0c7f83e81d,0.4996509960874225
n6d08e41d6352abc,0.4986014743228986
n6d14281acf14b9f,0.4995317238210096
n6d2ff12a4aeadfa,0.50562460454754
n6d305d760f8c1ab,0.5000878214702171
n6d4288cdc5eea91,0.5036664599125962
n6d4d80205b65d6b,0.4945118693293043
n6d59344320145b6,0.5032849433447802
n6d5bf83c469d8d9,0.5041419886326932
n6d67df82170a1cc,0.49945061321545187
n6da85cbd413231b,0.4983694281843565
n6da989911e985dc,0.5033025736501086
n6dbaf9c736f561f,0.5075077132010477
n6dc4ca3e7020f86,0.501692839016164
n6e039dd40a11a9b,0.5002390248620511
n6e0506fd6add26a,0.49626398920675097
n6e0b42540d0bab4,0.5044874032398888
n6e157e04d28dba0,0.49760779748841544
n6e1c825cfb509ac,0.5038882894528338
n6e2318979ab88ed,0.5015613562963389
n6e2481c93ea87ed,0.5032576383824269
n6e2cccf64c7185b,0.5017462589643724
n6e2d16f71b18978,0.49678114776510046
n6e361cd23941d0b,0.5029310401630599
n6e3fac0a25f27c6,0.5027564992079646
n6e419466dd015ee,0.5003762452903873
n6e49b50f991c87c,0.5004276077396885
n6e53bb47f2f32b5,0.4975115914821958
n6e6f873054592b2,0.5007827822391041
n6e8cbefc088971e,0.5000703976646725
n6e8ee16b1d7a45c,0.5047921240256121
n6e94397f3379dd6,0.4967050783631233
n6e944a79763e125,0.4978312702659549
n6e959600d2de27f,0.49910885516485587
n6ea9d2c7c12f9ae,0.49987087779308764
n6eae8e25511a050,0.49998905375831504
n6eaf8e3da812ea4,0.49634088313612784
n6eafdb31a0bdfa1,0.506374106115027
n6eb3e89843e1dc0,0.5000065018295093
n6ec956c5b1867dc,0.497554346027066
n6ecbd4e5584cda1,0.507144144076954
n6edf7d0508b324c,0.4917047129593002
n6eea5b35177f36e,0.5004684145037155
n6eeba5d8040552c,0.5021165671708406
n6ef0c948310b17f,0.4929794698503008
n6f0e3189b141030,0.4982636814567348
n6f1bbf8a1891fa9,0.49675339475281266
n6f1bca6eec88a07,0.49904150594622265
n6f24616ed6333c9,0.5012587428045234
n6f260627bbc85cb,0.49971416849545963
n6f37036f777ebdf,0.4984885660618236
n6f3faa7afd6ffcf,0.5013368046539846
n6f407418342102a,0.4978531904576653
n6f5061df4400e2e,0.5085833289661884
n6f629fec8159261,0.5032475999201769
n6f72fe3b835f3d7,0.500638688328049
n6f7d9e8f22ef8f7,0.4954772055993902
n6f808ad622c87b2,0.49640598138320324
n6f8190688c214b0,0.49934295144207524
n6f845c883ed4361,0.49754093744524
n6f8b3e1f7479503,0.49717932941647186
n6f934429c8ed8cf,0.4997467762219456
n6f949c5d0bf1efa,0.49807135835884175
n6f9f10701762e2a,0.5034130095943448
n6f9fc0d26e7a69a,0.5044257622787803
n6fa25132855ad4e,0.5031949306968103
n6fad69ad678db8d,0.5027896204852931
n6faf4b23fa0adcf,0.5017140255195758
n6fd1fb5376f5921,0.49527165277370255
n6fd2e2235d46427,0.5077291950295191
n6fd40f73d371a6f,0.5025170031327914
n6fe50cdeb72d970,0.4988916182056855
n6ff68ed3c04da89,0.4923340386241228
n6ff8187f9ea4909,0.5025314545035956
n6ff87d191327493,0.49834661386725804
n700074ce22cdb6d,0.4962351671132642
n700741e3dddcbc8,0.5017330946029833
n701077346717758,0.4943210838373845
n7025579ec68417c,0.5003825487263023
n7034b2e5b312e95,0.5032007380830804
n703d833ae4a4651,0.49902809379452395
n704c7584cb8cf43,0.49804210337420773
n706fc2fb17febd3,0.5039105865023965
n7074761958928aa,0.5048335684889239
n70747aa2dc08640,0.505948966972516
n708e644f6019c66,0.4967587703422557
n709edf76b560428,0.494098134718487
n70a8eeaf88b3151,0.5056555043388805
n70aac91694f0d94,0.5006163361842866
n70bec41554e4af8,0.5016865726702114
n70e4d41018c6469,0.4990436505019038
n70fc7d326b00ecd,0.501580908146187
n7100c27d67cb0cb,0.5019795131659512
n711189b66977b43,0.5027546696486772
n711594995138026,0.4954330646620216
n711b80cb02ed5b1,0.5075868372341835
n7127b07ea5ba42a,0.4991888999422348
n712ceb569b52a48,0.5001612618584692
n714d00b56776eeb,0.49613703258175945
n71503eb2a008e07,0.494501419126595
n7158d4275e2d6ca,0.49580165743862215
n716f91aafe8efa2,0.4963803553042726
n718476b2ab5b6ec,0.5023557248821873
n7185cc19f943eab,0.50588991137252
n7185dc23ff46e32,0.49601667771403773
n718b5ba10667b05,0.4945226540120525
n718eeea7a167fef,0.4938407502908077
n718f3ea6cfa30a0,0.49842354415486667
n7191373c8d291fb,0.5089062675644421
n71944589d8a6d0f,0.49779027721977637
n71a33a206fe0cf5,0.5059166736146173
n71a544ff8890a1b,0.4967850456301106
n71ad6e51c40ddcf,0.5009158809526825
n71ad9a5e7e63127,0.5040806277262244
n71baef5c93d4cfd,0.5023643033852373
n71c38e0c37f64eb,0.5026262869281691
n71c48d18d1df25c,0.5013201308591381
n71cb1ea48a8103d,0.4963066623473503
n71d0584e0bd821b,0.5001397826656625
n71d3241f5e813f2,0.5054788546311598
n71d87591112fd16,0.4968670089089817
n71f620558efc5c1,0.4972093970576928
n71f6ec90449e498,0.4959075411566234
n71fca2a03b2c343,0.49536425670339546
n720862074c9a46e,0.5049636350360686
n7218ff3eee79871,0.4995614506150988
n721bf1f4094dd69,0.5002733774948767
n72282b27d94bf50,0.4979124804737324
n7228fe3fa54118d,0.5020935047147489
n722b8896450eeb4,0.4971215281234536
n723de8a409ee529,0.4972522997919073
n72445c2807a0dd6,0.4970870050133595
n724e2cabe6bff66,0.496358274454441
n72696b7982d0034,0.5105489760989214
n727899f93e630a7,0.5060778140850598
n7279ec8da7c30e8,0.5003554505269685
n727d23023668883,0.5008593600052605
n728fd237445ea87,0.49913658685039247
n7291f81849006dc,0.49365947863921994
n7293d96b038fe73,0.49857708654618255
n729d831bb3f05da,0.4977087192227093
n729f1825b9875de,0.5007803653289865
n72a4a2c47299212,0.5000182125466923
n72a5a5211d49409,0.498576404029178
n72af9f4c801bdd2,0.49790022577593185
n72b140fd80a0315,0.4965347355338229
n72cd2f1ba83c967,0.4973725307338585
n72db4e05f7d1396,0.4958085888388332
n72dd6df633942a3,0.5000746133120617
n72e666a7207de11,0.5036714201631469
n72ea83a2601478d,0.5025250410810057
n72f1d71065aa2f0,0.49553224466888307
n72f42602ced7bd4,0.5023368728504652
n72faeaa1f2ee37e,0.5056891311015278
n7323a694a7d848d,0.49923754055754305
n732ea8a98428a03,0.5015603881402152
n733ad9a203cd80a,0.49994981601316235
n733ce5cb81cca35,0.4984756040054825
n733d01af6ae6c01,0.502725777240647
n7340ce6deda6626,0.4959019396300254
n7341ef465954c2b,0.49787537282226857
n7347bcc84eb59f8,0.49709871343465284
n7348435ec6c6b9c,0.49869561532412954
n734ad9a38a7fa79,0.5016097772860061
n736ca17879e079c,0.500472437961701
n736ee64ae491ab4,0.5001689444497779
n7374f026155a47b,0.5005930376276253
n7380874e7d6517f,0.5011571136047246
n738f913edc3b237,0.4967578300850089
n7398b7c1690acbe,0.49740920454143056
n73c636f0afdcd2b,0.5039231558283129
n73ca05a6302a16c,0.4981370849300853
n73d62838c596ae8,0.5023888458982896
n73d94cc680aa9ff,0.504939200175535
n73d9f2c2c0e15c4,0.5009834424361637
n73edd59bb950770,0.502279006556726
n73f22b958cbc5fb,0.4982536839762265
n73f64142e4b448d,0.49912987865595093
n7413048d92c125d,0.49687900756153064
n7430e3e7a9fbfc3,0.5035936907073879
n7434f6f30baacd6,0.4969493180197301
n7441a53874ed74f,0.49880131794433535
n746a36e42d865ef,0.49681552558161746
n746f29adadcd582,0.5039177241105495
n7486d47bddd0f7f,0.5047968720864046
n748881b5dd94803,0.5018440112462619
n7498f39dee7f12c,0.49449253451748265
n749af04155950de,0.5038169515627553
n749ca5592a21b8c,0.5005261099439272
n74a106cea096ca8,0.49846281623052785
n74af2526049e7b9,0.502444558620681
n74b3cdaf36c1267,0.49819422255798257
n74d0c2bd4159fc1,0.49959330452704487
n74d92c38bbd98ab,0.5046947084982484
n74e3b5787416532,0.49618090618476945
n74e7c28de7d7b36,0.5014037031039451
n74e81dd0069b42d,0.5019481496184933
n74e95ea499beb1d,0.5054762373529139
n74f91f36f8860ee,0.49953630775291563
n74fc97e435a4098,0.49731708804872077
n750bd2c4f3e9aec,0.4957750044800042
n750c087991af742,0.49760512315002975
n751488ef952a1b7,0.5027063855258351
n75156e70e1c8014,0.5008242076413968
n751afdaa77addb3,0.4983976542562685
n7528fc2154c6898,0.5006023804580165
n75362984a00ef1d,0.4960340113390623
n7538a132cf83633,0.49500836352735106
n753c8349433246c,0.501240551593117
n754cb0cbcce1b20,0.4959538108715672
n7562e7a42f08746,0.498539339067712
n756723b8e25c7bf,0.5044716057068014
n756ed98d13442b8,0.49596961154724983
n75739f017caec5a,0.5055801492907356
n757abdd828b1d2b,0.5039954071773878
n758e81a549801e1,0.5023958732167378
n758ffb34db92eaa,0.5021376614601122
n7593ba0fce29808,0.4943695393466048
n7594e7e9ddcba6d,0.4958014220279634
n7596b75215a7e03,0.5064891684294032
n759b09afa7c7690,0.5020710472078709
n75aea2815ce1189,0.49932966483343116
n75b31375bc0bf82,0.49734047053502833
n75b386cc09bdc44,0.5016154200714913
n75b3e49223555d6,0.4995263451013065
n75b445a7929c07a,0.49940761428954955
n75b67c35c1d1c78,0.4992362940608182
n75bc0fcf218f053,0.5006991794884175
n75c78bad9082b28,0.5000485370818222
n75dd400b80f3385,0.4970333036331049
n75dedfebfeaf141,0.4981556883036776
n75e9b092515e56e,0.49622700315039303
n75f70a4b904247b,0.4991949525997299
n76108a30afb607a,0.5065760508303412
n761b496eb2c5609,0.4942716042838873
n765d5518c958644,0.49405711284432013
n766255d58e148fc,0.4945881864132203
n7669dceb848e55f,0.4963128637933887
n7678b9f5f17d62b,0.5044203447414669
n767c48f204450eb,0.4978273677616948
n769469a1198f61a,0.5001097093974021
n7694ee4d076fbf4,0.49269804610778967
n76995d4e9913fae,0.5032084018132014
n769cecc0f713986,0.5012830008835741
n76b4619f2446065,0.49902873134516
n76b60fad96c4cf9,0.49999990397322036
n76bbc173e57d61c,0.4969729773527003
n76befe57d5e2ed1,0.4993320768532949
n76d0b8711269860,0.4992383276035796
n76dfd9ea70830a3,0.4934949612440798
n76efe4954b1fa7c,0.4969427501584057
n7703c056dc63ce2,0.49653590827959665
n77082a5adbc22a8,0.5022900660218355
n771e70b432ab2e8,0.5094501702715487
n77282d55026d5d9,0.4982203477313374
n7728e35fbd4d473,0.4978725126101713
n772c86cfc0a8f9d,0.49958047358587226
n772db06f6e40eb2,0.5059280602130689
n77355078fd957ef,0.5019514675934232
n7735cc5c7b17926,0.5113909679427439
n7738682b24e631c,0.49909680871967277
n7739e06b9fe9468,0.4975244325563558
n774b34d21cc3112,0.5031518727222722
n775efa082dbbfa5,0.5023989732958651
n776c91cfd3b90aa,0.49361110169828654
n776e973acb1414d,0.49901663654352074
n777325630bfe4ae,0.5010007321609564
n778c7202d287c49,0.4964509210114144
n77950388a1951c6,0.49820432176842844
n7797dfb38fee32c,0.4993702641811717
n7799626d3ed8126,0.4966982876390692
n779a8e581c78752,0.4961444066052191
n779adad0710cb32,0.4966078134844146
n77a9ec210f70ce4,0.49563303294616573
n77b404b040309ae,0.5004403877096512
n77da183f1bc975f,0.5085279404487416
n77daeae19ac48f8,0.4993421147448782
n77e9586f9a0f18f,0.49477690497465154
n77eb13058a2eb6a,0.5037290795545536
n77ee64ed1d0f99c,0.5002625641881306
n77f026ddcb22c1d,0.5006603588590188
n77f196a9598cb01,0.4981687149727744
n77f8de4237a0c89,0.5031146144791563
n77fdbaacd0e32d3,0.5039504690543349
n7817cda0540acb1,0.49761269848332035
n7820374a86a501f,0.5047582459515823
n782a8357ca43bc4,0.49996012333032913
n7833f4560dab886,0.501289172820787
n7843f16b0602d2a,0.49893525207682654
n785193d44c19cd3,0.5039828103272075
n7851ac74dada7da,0.5045720612560053
n7854b1249da3282,0.5060662994133327
n78639a1d82a1157,0.5054726976164695
n78641394062adf3,0.4951376591451906
n786b6ed0077d544,0.5039102711300253
n7875dfc45da1899,0.4990668123651041
n7879ccfaf4eb9ee,0.49963951440097115
n7889974bc100e69,0.4951515504809156
n788b6f70ec30d3a,0.48876693536111476
n789b494e3ac1203,0.4958534816560889
n789d73cf5f8c460,0.5016411334058666
n78a315683cbda90,0.5009932235990747
n78a58cdc8b9b799,0.5007250324347329
n78a8a1c8fc757c5,0.5005766781082833
n78d7653488fb04e,0.5053699202235113
n78e55f78eb1dbc1,0.5018220682820141
n78fca189b9a0dbc,0.4990187891575202
n790776bf9359527,0.5017789033573953
n79172e7652aba49,0.49852701856827214
n7919be83df41804,0.5027027538177653
n792614a993a54dd,0.5045694116499665
n793c74a402e3ccf,0.4972290480231641
n7940297dc533ec8,0.4978053429674295
n79442c5b6005caa,0.5016642564394117
n794693a45614716,0.5068159928979049
n7946db30e8e80d2,0.4982730426530106
n7949c00ad4c8396,0.49569412164339327
n794e30ecbd5afb8,0.5034467636556741
n794e9b9c0dcda56,0.5008339236735094
n795566ea4b13693,0.4960902371166352
n795a150b1b73d33,0.5008172132610762
n795ffbd9a577729,0.5023597500169351
n796367dbe4781ea,0.505919579380138
n7963f692b53c0c8,0.49248318163958865
n796b04d1ac0eda5,0.4951145229643162
n796f45f0bf2befa,0.5027029606145006
n798487cedca96c8,0.4957989111908806
n79acaa0ab1a4308,0.49441403093718733
n79ae12687986de0,0.5026764780925479
n79b765ed8b604df,0.496509895891084
n79b8b5035a76142,0.5024140490459824
n79c6eae8816b3f0,0.49689588386168637
n79ce4c7acaadcc3,0.5017564938374319
n79e08c520c7ab3b,0.49426094550079874
n79e3d028a33477d,0.5003854134691211
n79efc7b56f15264,0.5011797430388484
n7a0d4320ea092df,0.4965882645213679
n7a0e9b492c9f8eb,0.49732207156056557
n7a34ff27fc5d5df,0.5075898359689804
n7a3fec0c6fae9bd,0.49753380706429623
n7a42630898e5761,0.49617043904317
n7a54616e2a7e781,0.4979439410258568
n7a585016436b3da,0.49633309198778786
n7a7b2202c63c345,0.4980240406714305
n7a7b6c4f854f23d,0.5027093681443582
n7a82b94402a39d9,0.49896778356649407
n7a8a8335874e974,0.5017775788695443
n7a903e04b2577ca,0.5011567601977085
n7a98c4d7315bc97,0.499429937315682
n7aa2be1cd18c8d2,0.49845721516841257
n7aa2f7c99158f08,0.5028536471815218
n7aad30b06a0b5c5,0.5003227580351796
n7aaed068f2f28c1,0.49251883394805623
n7ab2cec7bae229a,0.49984969686003095
n7aba48ee0a6c01b,0.49452879240779546
n7abd3e9b57c4ee8,0.5096765002907011
n7ac2036d82da72d,0.49846378029181
n7ac7f3a81df72c9,0.501255133765252
n7ad405556dc4630,0.5023178762739426
n7ad817811ffb63c,0.49816428445703426
n7ae3ed7a82e5e8d,0.4979897165215482
n7ae754e176875d3,0.49547526543396836
n7aef1e60f1a0372,0.5042937018836763
n7af222806edf1dd,0.4997241578300873
n7af81dc6eb65698,0.4994983302038988
n7af9f003549a81a,0.5062873142385836
n7afb60717f27cf6,0.5042584364448207
n7b02d6dedeb4877,0.5062728947132029
n7b08c909fe71a69,0.49970349120064417
n7b1b45f76742974,0.4991838963203885
n7b22454933dba07,0.505065935414432
n7b3101926c12844,0.4987025644076142
n7b3558b80b2ae0e,0.5006285540323759
n7b382efa80a1d8b,0.4991386543771184
n7b3aba260763d92,0.49905074022502377
n7b3f1665e38b36c,0.5031102453348573
n7b47607aa42f5a6,0.5015027323346509
n7b4be7b370875d5,0.4976361782488826
n7b51569e4a6a872,0.4978583946346095
n7b74d3a1267d53d,0.4957759069674106
n7b75c36b91f7c97,0.5027698647669515
n7b7616e44e79865,0.5040395891110809
n7b7b6867f442590,0.5060161856542561
n7b96625e10d6cd4,0.4999682049129582
n7ba17f535d4b40d,0.5004438175898013
n7bc0cbbb8905c73,0.4987924849882614
n7bc3ffa71aaa962,0.4973809959238103
n7bd72f361842137,0.5001466855667709
n7bda5c05d337e54,0.5039128787936106
n7be15b8fd2522cf,0.5010438552970777
n7be6d438d2d05ec,0.4984905019494069
n7be764cf4bd1a42,0.5024998429924847
n7bed4a394cdda09,0.49904087716693274
n7bfd5c73b7da6de,0.4990668811612239
n7c03c90ab8fd0a0,0.49889187114745087
n7c083d9d965959b,0.4990801805661594
n7c19dec43bf64dd,0.5006750773400214
n7c24ec6a958f710,0.49457485777432153
n7c25fd57af047f5,0.5059051350235133
n7c288547d28790f,0.5043455471951888
n7c2eb4676c4ba78,0.5035723248794993
n7c3f58535faaca9,0.49559353822869934
n7c42fed64201d03,0.5031827912059632
n7c542b39d402bca,0.4981194343251411
n7c6695be459c64a,0.5052067499833848
n7c6cf1b7ba6a354,0.4986660361429234
n7c79677e1c74a81,0.5033269758024451
n7c85df91234babe,0.5003822945868499
n7c8ff8931470bbf,0.4995036440723986
n7c95d60df0acee5,0.5021253404548418
n7c98c70cbcbefe3,0.5004520140693416
n7ca070bb80f23d8,0.4981563508428563
n7cb4be87baf3249,0.5025711399513179
n7cc8824b6251d46,0.5057095381560655
n7ccb26b61f0023b,0.4999065489021071
n7cd72afe9b3fbfb,0.5090459084869322
n7ce523f5681ed36,0.5086737401277899
n7cfc39df1eeff61,0.5051649654345648
n7d0d2bcc7f9b123,0.49876259658974675
n7d0d47a0456d3a5,0.5007306478649043
n7d0eaa3a83d1fe5,0.4975592538881504
n7d18b8cec7715ca,0.49209445473152424
n7d2ce72b589f7e0,0.49811875629501967
n7d34381ff9a1d4c,0.5029491209399418
n7d378766a8fe021,0.5019081406943545
n7d3df045d243b97,0.5040845296860914
n7d401c38e38be30,0.5044936493399692
n7d449d0f86b1eb9,0.5008741081798658
n7d4a9e4a24a1587,0.5031086463253263
n7d4b7192dce9581,0.4996881494471188
n7d4e492aba8987d,0.501951437480955
n7d5197d6e1c97fb,0.49854291288060126
n7d53df8557c5085,0.4999260449036542
n7d54d7ee702c973,0.500286737578324
n7d5c7dae73ace82,0.5011165694872037
n7d8bd907eeaaff6,0.4916542706989184
n7d8c215092599ef,0.49797697156036697
n7d9392c8201d69b,0.49423711276089405
n7da4020e17286f7,0.5009241075719536
n7da6f4a51a7773d,0.5115387659707966
n7dacbd6027d8310,0.5045027501972753
n7daec8326ee0b25,0.5014412358014007
n7dc6318fa0a1339,0.49892549043146883
n7ddfc7d684f0dc7,0.49842542933481504
n7de3761d09946f4,0.49952795919868875
n7de38bdfa44a166,0.5010390388215166
n7de42fc47318b12,0.5003030260045621
n7df73d34182ee83,0.49003048250074227
n7e0a1033cc24a64,0.49886656627781595
n7e103d87aad8424,0.4918178858220114
n7e10b3c9b17391a,0.4978899666003428
n7e1e383077f223a,0.5068444740670344
n7e1e8d3a606d2fe,0.5029910858625204
n7e25b53ff21afaa,0.5073504133502561
n7e3e0a93dcc7dca,0.4949981132363702
n7e40c99012ffab9,0.5032450567747389
n7e529f63fd17e75,0.5053276162656916
n7e52c56559bfb9e,0.4984088399659229
n7e577bfd6196e1b,0.501417298833854
n7e5893b434e6afe,0.5028175911312658
n7e7191103aac87b,0.4969142481561073
n7e72ba8f12cd254,0.5006397161921093
n7e742a5f93caf13,0.5021903203505995
n7e7abfbf21a3945,0.5032586961851215
n7e89b9e03d74b81,0.49898018899056773
n7e93da812e19c17,0.49730177973986534
n7e9ec03bbfeb90c,0.5025494777363844
n7eb4b923793d03f,0.5019446539124232
n7eb6c59eeba0eac,0.49812674711115684
n7eb7ddc140c939c,0.5036447974410296
n7ebd7792490ee72,0.4995304315411407
n7ed281a415f8309,0.5004494364199458
n7ed7631918d2ca2,0.49616901831138677
n7ed7a7c743dd53c,0.4966085090185416
n7edb6713a182b37,0.4998061942165306
n7edcbb6f1f3e591,0.49628895306945114
n7ee0e41d561c875,0.5098285262967389
n7f0fd5a3f67dc41,0.49644444199168286
n7f199db624e53f2,0.49923146902998095
n7f2073e695599ff,0.4953244032895732
n7f56994366de047,0.49807695356029336
n7f6ad68bc4b7dee,0.5025669134674694
n7f6cf913050c2c8,0.4997358883958491
n7f7036959f430de,0.5042561501931022
n7f7c53042347cad,0.5003276093681249
n7f7f697069d439b,0.49936386063222094
n7f8327851ff56c3,0.5085052383191909
n7f83be3be62a0d7,0.49772319293093514
n7f8b0a0385247c3,0.49878661112069406
n7f936ed48e85d1b,0.5003990130115697
n7f97ad20672d238,0.49931573293375503
n7f981cd1fd131b7,0.49669387609936116
n7fa0a8394d8acdc,0.5005442994157305
n7fa2c059e417dc4,0.4958638750755382
n7fb49a47138d8f7,0.4982973101363529
n7fde99b3af2f15c,0.4976408519249627
n7fe07b5a313e974,0.49939180468370054
n7fe25303b318010,0.5064970543290555
n7fe8a6fe50ffa4a,0.4957948149827451
n80009e0839a2f3a,0.4964434867421843
n8003b12041d4dca,0.50083177372004
n800de6390622421,0.49904629377450443
n801322fbead980f,0.49789662897524645
n8015b933a6c14b1,0.49840185384651037
n80281d986bba419,0.5023383994750124
n802abf4e6e8598b,0.5051567373284284
n802c706b5086c83,0.4977770281158564
n8035ef6ec3fc983,0.5102227481150015
n80375e09c55324f,0.5054343405820578
n804773afa157319,0.4933940319230378
n804931d242c82c1,0.5045214511934858
n806556314eb8acd,0.49748680257907657
n8090ecc673f24a4,0.4994154318269372
n80935d5b6a39c46,0.5094413463480825
n809e3dd122084e1,0.5011083998231758
n80ae16be42e6225,0.4990625563473296
n80b02360e037362,0.4963598328599473
n80b025b0da29abe,0.5046064856199417
n80b3d0410b84f0c,0.49879376652244894
n80c81d29c980308,0.49781820337086763
n80d0995e48c623c,0.5051305359057563
n80d0e947d3a63df,0.49670871183699616
n80d3c5c78cee980,0.5019393941730504
n80e2ab64484eded,0.49759909627029064
n80e6918229ac120,0.4989975556100619
n80f19bdb6ed18b1,0.5046606853482799
n80f2ed170a55f4e,0.4987682851461932
n80f47e416cc016b,0.5038754214392557
n80ffeb27a540282,0.49417166386873373
n8100204e1048c55,0.49735306577311306
n8111b2cc83c7fc3,0.4961637728531683
n811407cdd7dacb0,0.49941563545946865
n811a25591317fc6,0.49438426305581534
n811b6ae50d53bfc,0.5042786071566893
n81264a6f6a0a552,0.49641438213377975
n81310cec495d359,0.51262449122433
n8131435e574fe78,0.507491448956153
n8133606863aa833,0.4982798164067134
n813dc601c3cbf2f,0.5000311537561142
n8141d8e59adbc1d,0.49576963144928243
n81503afd56e27ff,0.5025915958020558
n816d680a59e5b6e,0.49917463879604634
n8175f54d0656646,0.5080819291111881
n817bbbe592c260e,0.5029809458337903
n8181029567e876d,0.5044289715985703
n818780d4527b9d9,0.5016581830775315
n8188cabe6b5f155,0.5016129380497337
n818a2b8e0c48631,0.4990986401625823
n818e4686bde08c9,0.5009823142793318
n8192dfd7c244994,0.5048216769931743
n819dfd6d5731f87,0.4960568325674495
n81a704a05d5c75d,0.5000864794353675
n81acbdf7097621f,0.5056923276649646
n81af91a645a30e7,0.4929324161251221
n81ecff0e4152988,0.5041233230830072
n81ef893eee9563d,0.49814477786225714
n81fc572b9b26f50,0.5013011129398376
n8207d26d6401eef,0.5042044486632267
n8208222e71b059f,0.5025412365704194
n82174db9f586c7f,0.5088165906572127
n821c949d3050f47,0.5053358338098773
n82241e17f41ee45,0.4984664805790272
n82540c5dab9a3e8,0.4996172549637981
n825954e3edc34d2,0.5004691527267489
n826dad3609c0604,0.500071395278174
n8282d93ce2631c8,0.4951499909622879
n82a65bd9177f062,0.5020790562300388
n82ae93f62a7252b,0.5031181316996878
n82bd1b465e4a9e5,0.4983504947648424
n82beaaec14ad6a4,0.5082320616830168
n82c9bd9e52fb137,0.5021032944221743
n82cebaaa6a35e74,0.49699993747359095
n82e8bb96ec88bcd,0.5008799851177105
n82fd95288eae92e,0.49767354553369547
n8307e5df7823352,0.497344792068522
n8335348f87b77fc,0.5056190312213429
n833b66217a9e6bc,0.49663728337810137
n833fbe0d751cf98,0.49626084459100167
n8342f7ee4ff398c,0.5046239821244922
n8344b6ecb73d702,0.5048098558311435
n836265351ff30bf,0.5007575620334056
n836b17df8ffc640,0.498604836583057
n838200ffba09334,0.49743092095079094
n8388397d74cab1d,0.502584437752773
n838e4e3625a3cc7,0.49807708982503085
n8392a3826d4762d,0.49839182745317245
n83ab33ff306e457,0.5103356702117515
n83b4dec415c273b,0.5013615557634695
n83b6b1ea989bbdd,0.5029247490576741
n83b9c2f028dd4fe,0.4980881369517348
n83baeb6aaa088a7,0.5030481711234929
n83cad4a8180f8f6,0.4978662214471352
n83cd967ada8a085,0.4989294349619566
n83d57639a0fc0fa,0.5007559441267008
n83d6a8de588d37b,0.5032876840687909
n83d9ec016ff667f,0.4991741672873212
n83da1ba609096c8,0.5032349840472251
n83e84be551e1bf7,0.49766520503331246
n83ead7f0be5be50,0.497066459628981
n83efe54363588cf,0.4936902119262009
n83f08481ddb3679,0.4998333290755361
n83ff5c647164788,0.4991078230789822
n8404817d517a34f,0.5051442526386647
n8417014e84ea72a,0.49685189671491903
n841fd887c61a0b3,0.5025640563727041
n8424ef0aa01a16d,0.5027307686802132
n842c3ea70f62f62,0.4968732185600427
n842db6ff7a2f1da,0.5025716995890184
n8430e1a88e2532e,0.49660950007601995
n843880778e00d8d,0.5106545275823435
n843ae062129dded,0.4953778537875863
n843fede04723694,0.49022532121595935
n844a2991dff8128,0.4979883483362105
n844fdabc7780ad2,0.49631348547203324
n846230400d668e9,0.49407559681349195
n8464d055e95d58c,0.5026773552091933
n8467a1e4cf30cb0,0.49643415631110266
n8469de478c9b4f2,0.5019007971349203
n84792e6eabf313b,0.5050904560421069
n847b7717b4afc53,0.5012559986875018
n848e786772b16bc,0.5017123169160156
n84a4929e6c6d1d9,0.49678227959682125
n84a4ec643694148,0.503238603320544
n84ab48332a67784,0.5017846387760185
n84aca053d395fab,0.49839622378348397
n84b6383d82e5902,0.4992256454564392
n84c1338c5843451,0.5021139618203866
n84c5350e2d4b793,0.494252053479378
n84d4f4a5fd9a57e,0.5046855965119482
n84e41e2b7d4f35e,0.5083022539167036
n84f48efc3496a03,0.5010104085749975
n84f867fa5b4f15e,0.49784763826968925
n8519f796fd562c4,0.503101543888147
n851b6231e0fbac0,0.49965156718466075
n851f7be5bd6c148,0.5019413191580889
n852ecf2a02b4d68,0.49323404411745947
n8532a9bcd70a454,0.5011577186585219
n8542e9a4cee7236,0.5037612064227213
n85440396519bd6d,0.5011773991555512
n8554cb3cffebcd6,0.502892098502077
n8564adf2bde8207,0.49958054266679175
n856d36f3224c832,0.4991549240140202
n858c7e0c1d0595e,0.4977110424399161
n859113cff20c93c,0.501000471725983
n859c51f0664aa5b,0.4949955961407165
n85a99da97e75dd8,0.49869237314305237
n85cb4f23b5a6b4d,0.49890863907175576
n85cffde295a479d,0.4941927249514844
n85d3f1e24c3a8ac,0.5021100247342334
n85d7c95d74bf6fb,0.49965785169288607
n85f9b08c1ce2355,0.500632482289974
n861e29b823491ce,0.503119500034225
n862d89fee82b615,0.5011190778855956
n862db7f65cfed70,0.5069268058537905
n862fc7fb2286322,0.5010415335139059
n86400b315d97e91,0.49853138022240073
n864d9d6bdd203aa,0.4986252241635862
n86534c7ccc72e06,0.4979709802674388
n8657ba9b3201bfe,0.504296333183802
n865c16cabd347c9,0.5073309986319049
n865e0bd46fd4c2f,0.4989899378374994
n866180cfe6e615e,0.5012422054573437
n86637a11b897e35,0.5034298638560676
n8665456c44dce98,0.4985892456882416
n86724c5f63ac89a,0.5037013279551573
n86783372cc41206,0.5016957645309985
n867c7140a3130dc,0.4994265805392214
n8682c2304463efa,0.49596732453235404
n86858bd4b9197e0,0.5040020499592989
n86921d23cb9722a,0.49635304528536855
n8693aca754d86ec,0.495215642328198
n86a49f5c47b7077,0.5082613651506286
n86a906aa257ba01,0.5070406549727214
n86b0ca25d28e9fa,0.507195816040536
n86d0988ef6039e0,0.4981925863495416
n86d356e21ac3838,0.5025730919690241
n86d5fab2d830c78,0.49586064915270206
n86da5c82e2a7b5f,0.4996048930548683
n86eafd654ce7ffe,0.5012995301675135
n86f02947a5f91d3,0.5014142645472629
n86f49cc30ba6466,0.5017970949959142
n86f697a151a3c31,0.5056571101143109
n87108c539717172,0.5031743290331514
n8718b616333fee4,0.494055679533801
n872e99637cdb3cb,0.4995886233223755
n8737632524bfe7c,0.49922119872215703
n875213e8e6b85f9,0.5090238689728233
n877106807a7c567,0.5016194806203526
n87781eb0b4bbb47,0.5001703474565514
n8779a5cd7933b3c,0.4967937267673593
n87801cba4c9e8b5,0.5004177038026673
n878282ad5378cab,0.5091076427192867
n8785ed37754ed3c,0.49970620244653985
n879d984d7a54400,0.4982701593471926
n87a3400771dc3f4,0.498230524357255
n87aeef2ea6d885b,0.5094755658675262
n87b21596749cf12,0.4985971873358425
n87b68aa9009760f,0.5030327286339014
n87bae7322d6e235,0.5062844323158918
n87ca0c6c912c0b3,0.50180900558407
n87cc0007fe25836,0.5036882158722046
n87cf9549be7b5c4,0.49857446959192137
n87d545ab4b83d11,0.49560543420427466
n87ead82fe16ed37,0.5005647733589378
n87ec5d3a4787cea,0.5004317923128752
n87fa1849564fb29,0.4938714474266822
n88021bb5ee0fe87,0.5055480680071152
n88099e5eca99956,0.5010388214451607
n88274ae73f9913c,0.5026655035262033
n8829ed6bdeaec46,0.49874585500075946
n883c72ae9149833,0.5023974709335425
n883d3c5c6b81da3,0.49589957650794997
n8841cf09e0590c0,0.4980280470541439
n88420eb8f697503,0.497233837240983
n884f2fc520459b1,0.5009392486322067
n885d25f70feaa77,0.496192173655561
n88616f76a6b6c07,0.5013829368915182
n88677ea5ec4d9c3,0.4982279036955079
n88729c581decb4a,0.49787708155775623
n888856b50869d97,0.49732209353639695
n8888a018a0f7f0d,0.5040331265286147
n8894fc14c2041b0,0.5062288078359685
n88ade232d5493df,0.4998388585825456
n88c31734854dcf5,0.5000260604389366
n88c8a0f7e3f843d,0.4987271311449117
n88d90c88036d05c,0.4951361165368839
n88dce5a009df3c6,0.5003216006093131
n88e94b954632cec,0.4978214268318837
n88ee1efec89e725,0.4983776783159727
n89172bd0ae45f21,0.4991720514925347
n891de70b7af4d8d,0.5041981208076788
n895ce352dc12cfd,0.5022421821060672
n897761a8b88f87f,0.49736001690200266
n8981dc018d0ab5b,0.500011360405902
n89891354554f382,0.4993062778478483
n898aca48d47243c,0.5004349297347898
n8999517c8ec6d77,0.502265405502678
n899fe4083d0d84d,0.49655239816562696
n89a47483c0693cf,0.5001392915870075
n89a5680dd1985f3,0.4969364132291029
n89a8af15a15649a,0.5020751084075825
n89b1479df3924d4,0.5004674998133802
n89bf53501434c3b,0.5031792111951522
n89d6d7200691936,0.5008491901600581
n89eb9ac6a10efcb,0.5021747092477006
n89f8866c992cac0,0.5013953575074597
n89fb8088d7070ec,0.49969182497128706
n89fe630c13abf47,0.5015789906866743
n8a084cfffd5c13a,0.5025285481788612
n8a16cb2e33fb428,0.5012242463863625
n8a18eed26595ae9,0.49913725258479374
n8a19744efa7fb64,0.5016631342225336
n8a1b2937d55f78c,0.49557198240065636
n8a232fb9b8d7aaf,0.4961383176109506
n8a23de3032f1c2c,0.5045450529613928
n8a2d712a3d9e5b9,0.5068719527785408
n8a2e1b479a1fc44,0.49971502950494606
n8a4201b588a6354,0.5092272240261152
n8a523fede8d180c,0.49837999196353355
n8a543afa1d860b3,0.49826686357504457
n8a58e3df7a216b3,0.5006062470965974
n8a9123a624cc88f,0.4988880524429937
n8a9273b09bb4a11,0.4988986320098388
n8a9b9fb91323da9,0.49975968920651465
n8aa0b5a2c1c46da,0.5098110283688573
n8aa4e900bfe0577,0.5010260103113802
n8ab5fd417cad7eb,0.5002956612
n8abd4c0546b77a3,0.5107990771786891
n8aced755b31f031,0.5045065915032503
n8acf30285d31ad0,0.5021599098656685
n8ad487433688f8d,0.4984072065352739
n8adc4e2b6a4ec49,0.4944143445674153
n8ae2e37d3a3d048,0.5046512219459087
n8af3032d9f323fa,0.4992042200461721
n8af3b1f33f3775a,0.5009920716430748
n8af6f51eb1d0f79,0.5098175623670604
n8b0289c1c1c079e,0.49455412441455915
n8b08d697e5643ce,0.5030999288138557
n8b09eb4ff0015e1,0.4978307112123335
n8b0e6caf1e2c9fe,0.49892602581212514
n8b17494d1605e1a,0.5006689216109302
n8b2046a618ca6c0,0.5002702336038771
n8b2bdd593d01387,0.507362918355464
n8b317d07e809687,0.4952917096607038
n8b336e481110974,0.49991773643980386
n8b366d1422aae99,0.4934090745343139
n8b3b9f54e9b2cc2,0.49667318707575664
n8b47cfd6a04d45b,0.49644745746351515
n8b55903f0bbe535,0.5007786537267823
n8b55d8439a13b4c,0.5018958506093497
n8b5df224b62cbdc,0.49805313637608867
n8b716e3c9ed4841,0.49992402059183466
n8b72e81937d48d9,0.49463607790619857
n8b8342c2fee018c,0.49748217636484066
n8b8df2b96352add,0.5019992860443212
n8b9499854c448a6,0.4967480265272961
n8b97d12cdafab7a,0.4994868181567853
n8b99623c297f006,0.5015251603401177
n8b9b50bdd6c3a43,0.4994869595674075
n8ba270539b3a0e0,0.5044810166735884
n8bb60e804e8eda4,0.5081575896187869
n8bb7d9dc6dbc353,0.5033189370781327
n8bbb793861086d0,0.4924635592919593
n8bc685dac93013a,0.5009980316766874
n8bd07f537a92321,0.49624219336702946
n8be7af80ddeeaa7,0.500000824240481
n8bf688ee7bc129d,0.49342385130882765
n8c01540b04e1fe2,0.5030314466866759
n8c0256698415e75,0.5051943585348881
n8c056549f3e7541,0.4966592539854105
n8c117dd2e9fe8c4,0.4959868747450654
n8c182e1cb67f101,0.5005849451122302
n8c199640972a1ef,0.5034606173719526
n8c2471796b4389a,0.49685438414030886
n8c2d1e583ac1843,0.49976140259201424
n8c2f935462582f2,0.4961312819542231
n8c4e6720fa8a27b,0.4983353206087169
n8c54c187d0a13eb,0.49229482552789594
n8c5f6b95b5dff30,0.498964278043905
n8c5f8283ccd7639,0.4986127548319633
n8c651ff2a11f548,0.5007112941198659
n8c68cc5c3d75919,0.49881009094272405
n8c8470643363bb0,0.5037367157857504
n8c87abcfa91ab6d,0.5031734586783686
n8c9be6da2664232,0.5023498232252827
n8cb5ca22751e5d1,0.5042016652840339
n8cb88a1619ff51a,0.4916657099192362
n8cc427cec58a6be,0.49834983647540554
n8cce96e95baf9d8,0.5003883124719402
n8cdd61a0df70097,0.496863572123715
n8ce6377dbac5c75,0.49965328791630564
n8cf339402629683,0.503355149409318
n8cf4e6ca9ee09e7,0.50388820011603
n8cf74c17e0e2c7a,0.5013228437071867
n8d054acc24ba146,0.49823558668823814
n8d0c7989ddcf551,0.5128664310399295
n8d138aa1d5dd54c,0.4988239276841969
n8d2c42c7a11c640,0.5009269326036512
n8d30e87533ddabf,0.5056093757414414
n8d5177e9eb2f661,0.501347704747787
n8d666c2969eb14f,0.5042337858131364
n8d66bccf9271f73,0.5061424300437327
n8d6960031d192b2,0.5019828588085906
n8d6aa0da8f71f95,0.5006552562387421
n8d6e5b599aef584,0.501847320049243
n8d74c04ba204581,0.49952761346544144
n8d74e99c4212372,0.5041190372500083
n8d8180f2b1418b1,0.5001522111701397
n8d950ab25526e2b,0.49588923164554455
n8d9715708e2e704,0.4970729363318848
n8d995e46a0ed675,0.5004125035322698
n8d9dcc919c599bd,0.49860701190969786
n8db218f2e021a02,0.5009206717672656
n8dd99dcd9dba0e6,0.5008153633729734
n8de4140671b8c02,0.5001025014968151
n8dec571f679bdfa,0.5032801471298728
n8e09ced19a2034f,0.4951327446843506
n8e0ad0c962df4eb,0.5005446160288974
n8e0e3f4829e8823,0.5003182375838752
n8e104423ce6f64f,0.4998457001361365
n8e3c97e7f11d454,0.49959491624187724
n8e429f2fa9bf06a,0.5019595602434845
n8e5074a1f8c7e27,0.4989399173202014
n8e535c7eeb83d1d,0.49507208261422564
n8e619a6c222f570,0.5013675868764158
n8e785b24867b07f,0.49940445475242706
n8e7e837ddc49050,0.4981037939701635
n8e925e9d6e932df,0.5017763442357452
n8ea0f860967d25c,0.5024372372524998
n8eafa46fd6e952a,0.5010243968939448
n8eb8b8d4dbb4fbf,0.5047226258492018
n8ec0114d5dee34c,0.5018904985238183
n8eca00a602464bb,0.5022745588553414
n8ecea337106fbf9,0.502597224531287
n8ed780e81f0bb63,0.49917799119774503
n8edeb7aa2273dda,0.49893204441681277
n8edf0f7c479f81d,0.5031677254721885
n8f00d3a638ec5bf,0.5020267381179453
n8f02173879b2729,0.4946471767818824
n8f04e52dc9995f3,0.4972002813890528
n8f06bb9eed08c07,0.4946694900318086
n8f1035e29f2b8a0,0.5108146435107634
n8f10abcf70a261c,0.5071180902753262
n8f125d66b404394,0.4948362376813564
n8f2b88e8144eabb,0.5081470824670022
n8f2bdea2cf0c30a,0.5030397400291334
n8f2c2ae816dcd8d,0.49901622430555725
n8f339f7f811c7c6,0.49432537894469963
n8f3a4df94b5101c,0.5019316956777617
n8f4be8e787f012c,0.5034640743609772
n8f512cd60287673,0.5045458100228067
n8f5197ee6dbf990,0.4955883100656372
n8f53336b367e58c,0.5040952806143131
n8f5aecf892543d7,0.4965157561322272
n8f5dc3ea18a6d5b,0.5059194333102346
n8f69dd8976ccb16,0.5039452154693522
n8f7b55061c6bee0,0.5062020227985922
n8f935257f4beb14,0.5002374299008931
n8f93c89236f5d1c,0.5041441497725546
n8f9f70189ed8e8b,0.49866932606245623
n8fa5f4675b89f39,0.5005977878863659
n8fb18261cdbffce,0.5033641949076765
n8fb1d62b9f60a60,0.5019518467760175
n8fb34b880a5acc4,0.494321462037639
n8fb9b8b29c839bd,0.4939964794316635
n8fbc0cccdfd3757,0.4992007873290913
n8fc64a19b174d19,0.5006353119058105
n8fdb8884fa80423,0.5072464659676427
n8fdc9495e12c523,0.5099744425075218
n8ff620fe29f69d2,0.49896025248003123
n8ffba8032c1dfc0,0.503203145917149
n900cbb568f69bb2,0.49644135654820504
n900e9faea4854fb,0.500839270474229
n90312ae8b5f5049,0.5128545571004279
n903eddbee61f338,0.4997742396965029
n90459e5cad550ba,0.49840645695224667
n904a144326b8e9c,0.4973789218436032
n904fedb5bf3611a,0.5004548600811367
n9062fb65ce8eff5,0.5028425440913494
n907736968ff5641,0.4974965170299132
n9077e06abef5bdd,0.502490783530753
n907d790171e17b0,0.4941498026968069
n90822f03b71da15,0.4994756401120184
n9082fbf43808d51,0.4997898643135073
n909a8ce42048fbe,0.501600705170978
n909f108c7e639c6,0.4982566950924025
n90a1a2827ffec56,0.49804455464050323
n90a29d1ec37a7a2,0.5011958605938214
n90c32a53e03cebe,0.4986457623714261
n90d20882660cf1f,0.50468789386596
n90d5271d714019c,0.5036858823350233
n90d8a2151fb730d,0.5007849540849177
n90d8b9ab548d5c7,0.49426975195948036
n90da80cec70f763,0.49803669341215506
n90dadb56433cd5b,0.5057502047929494
n90e215b48cd8f1e,0.4982243475000933
n90f1b22310b0621,0.5016513059155572
n90f515f86dcc5b7,0.4988517190203714
n90fd7820e5c6581,0.4968006967089202
n90fe24d57c9e663,0.507456274167875
n910eae7366376e2,0.4984110822692983
n910ef9a0d20ffb6,0.49637061925672943
n9115974dfa0e64d,0.497971699870737
n911c2c7074d99f9,0.492146797268835
n9120ebba5a3a53f,0.49342886703516314
n91249214c2d8f5f,0.49850584603515713
n913c18f9961dd48,0.5042362405983738
n9144bceba8d3f05,0.5074700896463138
n9144dd740286a4b,0.5048378465879592
n9145dd9a406704e,0.49491853855963863
n91474f74afc3119,0.5043607516340941
n914941417fbee16,0.49949821485343854
n915924c053c1086,0.4984761457100926
n915d35e431deebd,0.4977680351464454
n917ded9b2779573,0.49692789165697554
n9183cdbf1a5da28,0.4988716884156351
n918f6b7a08a8335,0.4987833472654625
n9194980e85d2e67,0.4979521436264274
n91be52e6bfc2c48,0.5054404071946659
n91c45a41226214e,0.49797033288167275
n91d11dd6d613f2f,0.5021490941651288
n91d9ee0d02c639f,0.5016589791776074
n91de8ee7e91c471,0.5023304218510439
n91e47ebde968e47,0.5011082392746613
n91e4d3a287ccabe,0.5041110918115136
n91e99db2b125d04,0.5014666947847255
n91f291c40f23797,0.5056128440692499
n91f571fa57c994d,0.4968921042814123
n920991b53a7d911,0.4990694651197044
n9211f1d45f954c2,0.5005309422515188
n921851401f43717,0.5031232653581762
n92278dc48d848fd,0.5008195025205947
n9234c382d4505cd,0.4970971812938941
n923b4c1f42838e0,0.5059004766424496
n9248cc8a22a45cb,0.5004842043261476
n924cb2441133cb7,0.49830445179974514
n925079a24c77f68,0.49914856773914856
n92580e9ad92fd19,0.4968444915060158
n925eafd6ec89f17,0.5034387109688239
n925faee1caac2f0,0.49816150776068463
n926e98a796e9090,0.4973110892738308
n92766ca91e756f5,0.4994341665695707
n9276dbe3d448e84,0.5048532576168306
n92775d5a79afa0e,0.5103437889633534
n9278045a9daa4d0,0.49301903597301777
n92785a3cf3c5b2a,0.5011676360648298
n927bd1f5d0d63ef,0.49149650688881624
n9284f3f014de878,0.504630040838688
n929a95fd8d9c1bf,0.5085170956990626
n929e062fc15afce,0.4991431805413278
n92a88d49ae32e62,0.4985185700232899
n92aa76bd4883e23,0.4950435141517992
n92b1ac9d7b99aac,0.5063733104299349
n92b817300991a3d,0.5024503681426097
n92d21fe30d6138c,0.5072689616851452
n92d62b776b840a5,0.5009521924858362
n92da54abea6a57f,0.4967672581293526
n92dba365c18073f,0.500420624818725
n92ec09247f14ddf,0.4942297260686377
n92f6f4199ae7e8b,0.4962553277053428
n92f7623d1b81f27,0.5076860463606931
n92fb90dc2a25e14,0.5030060396650262
n932635f316f2dca,0.505210060274586
n932da94c4cfdc0f,0.4970409425347559
n932fe6fc2d5ca6a,0.49785239376755575
n933fe1dcd8a303b,0.5027401598507982
n93465c798e96a77,0.49772274469399896
n9348532cb40516f,0.5046926551191161
n935002c15824ed3,0.5037411061553276
n935a7f806ee2415,0.5089769253379953
n9388d1071e481f6,0.49960391116287345
n938bc9874d94892,0.5022057252558911
n93913bff8bc1e43,0.49736007848009267
n93c52563726b118,0.4984951063169328
n93cc3658d2121ad,0.5021958862066147
n93e4d1875851fdd,0.5086996160542994
n93f2deba1021b30,0.49846301462665193
n9402433b66aa834,0.4993057299559748
n94078450d3da24f,0.5002815499725654
n94084f42f2a31f5,0.5063430979605134
n941602ac749008a,0.49853420895773753
n9418ddcf5c914c8,0.5017694934120563
n941db6d0b89d519,0.5061753804877603
n943c74311d84f9b,0.5028609373442406
n943f233b570dac1,0.49997155767081747
n94478fba3ece026,0.4912453261936274
n9457b02563d95ad,0.5079278547980857
n9466cfcf5c24b93,0.4993931178515398
n947fc7a840a56ca,0.5022815162890606
n948aeae69f3e7d1,0.49956467265858895
n948beb1c62603d3,0.5089046185697343
n948d8929ed69cb3,0.5000504693047031
n94abefda3a52aea,0.4966435472401361
n94c0a45d050006a,0.49603983452552836
n94d3a5b57365f38,0.49590387448672335
n94eae0bfdc1cb0f,0.49834562368920904
n94f15bae63530a9,0.4946926734220751
n94f169b794ae6ca,0.5017175025385837
n94f74ca6ef6c3b2,0.5064255169662585
n94f9ab2ec8b4689,0.4990634707306437
n950bc2ff3eb2320,0.4962676570749582
n95154d9984c3058,0.5026270295322813
n95296b7fe1d5eb5,0.49697032270331576
n952ce45c285225b,0.49969849738209415
n952dcce2929f755,0.4950263774144904
n9533792bf28bd8c,0.5035081533274464
n953804252b504db,0.5011698312280733
n953ca696e88bad2,0.5014825034165302
n9541c474afa08ab,0.49716202404176557
n954963765e860c0,0.5047528425506238
n954fd94c8e23f0d,0.496109594327084
n957305f997e6f08,0.49647957870739834
n9578f774da80440,0.5007401005089283
n957d941652fe59e,0.49182587577879994
n9582e0a864dfedf,0.4928762548760252
n95a72c161d25477,0.5067857747006843
n95afe7091c2cb60,0.5047680162815104
n95b3c7fccd552ed,0.4975623515008721
n95b9f8a915b7878,0.5026868409398259
n95be89ea289cd31,0.5063276763886145
n95c6939fc997883,0.5048496225840582
n95df229e9bb18b5,0.5018868388643534
n9604d686d6cbce7,0.5017041639020137
n960b32a0b97ca6a,0.5004505257844919
n960c49998e4dda3,0.5013280548573038
n96111753f11f43d,0.49496200327075063
n96256101111eb63,0.49640407588162877
n96276b9c4f7ed38,0.4943447097389191
n962ed20cd3616af,0.49619304353500837
n9642a9fb4ef8c89,0.49645846057665843
n96600dd2fe36baf,0.4959984805747035
n9661ee719e13437,0.5040849053008503
n96631badc70dc13,0.5014566706647962
n9664b1ef8f2756d,0.5034224885357644
n9667525bad4842c,0.4988444793621695
n966afc3482ab0e1,0.49758567950579696
n966b4058739d8ec,0.5056689240903901
n96740217e7006d6,0.5004783692343199
n96ae0bc05ebbf74,0.4986801799821269
n96ae4c93938373f,0.4997844067241372
n96bef7ef7facfff,0.5006080996005019
n96c313e89c4bde5,0.49992823429793026
n96cbb6579c58dbd,0.49731073602052805
n96d0b54e8faae5a,0.4994965028235283
n96d18fcd2d32bbb,0.5012052560420531
n96dab48f8e333a6,0.49560974026676624
n96db741927b724f,0.5028774536082394
n96def3873a0e991,0.5056584406515496
n96dfe3d5be3640d,0.5003273098363293
n96e20287e9728c9,0.5008443085832487
n96edc8912ff40e1,0.5052417077996445
n96f68385f8b0291,0.4986877523575863
n96ff0802bacf6f6,0.4977812661438523
n970fae5a2ff8a95,0.48733795461000556
n97266b1cf30e295,0.5036170911650142
n972c19772c86984,0.49901468885543643
n972fefe91ccce43,0.4995424663530281
n9750925c3171b74,0.49989637575879853
n97511294a865d0b,0.49568633343072205
n975733dbdb77d4b,0.4993889408080611
n9765a434e97b7c0,0.49912610836198107
n9773a7ecffe7537,0.4996107405396662
n9773d4c6bcc4141,0.49691836627615305
n9774ea1f43ef803,0.5054768550293669
n9780b057d1fcde8,0.5063389893039956
n978684f1f76c3b7,0.4986420063630125
n97886eefcd4e685,0.49988203467666414
n978ef6623eb06ff,0.5002980075015061
n9790136bc378093,0.5016943611224663
n97a0600f9706dfd,0.49459339315845463
n97a4512d237ff54,0.504976527443031
n97a4f889e215936,0.5029506222992517
n97aaef40174e785,0.5062071698708154
n97b9260bec37e59,0.4988235108830514
n97bc3fbabbc9601,0.49945835845667663
n97bd5c70f2af4d5,0.4937371390585962
n97c3e806cb6c068,0.49962253149447944
n97d4b2b416c9e17,0.49664120331112227
n97d8f368dd4b7f7,0.5011888378765332
n97ded18dcc3278b,0.5012660092962601
n97e6a92c3efe337,0.5000353206231393
n97f7fe81ea067d9,0.49680902523577686
n97fa7c819cd95c8,0.5002730103821939
n97fb8fa54dcb78f,0.49502067701349656
n9803622fd227c9d,0.49832529850451796
n98038c099d65c96,0.5060959664036909
n981597b10343961,0.4960382486223241
n9818d1bd450f96d,0.49607745514948387
n981b7507577af08,0.5006448007780786
n981c40f26e4236e,0.4991230176921042
n982a77d88347370,0.5033531261263902
n98399b365577e75,0.5013526103090292
n98418dc3e308c17,0.4992366272083803
n98423b0a6c9db03,0.49908492032687474
n9854fef4abcccd5,0.5100404439640973
n98795d223094b64,0.504002940799286
n987abe268f57d87,0.5018457275747228
n988226c2a6d6e13,0.5074597556885598
n9890c9ee6a4fce9,0.49516189318240433
n9891c8eb51eb80c,0.4987063234535042
n989558ac59638ba,0.4974685628825883
n989782b038f56bc,0.5054602343993427
n98a0019f61ef10d,0.4998186734584707
n98b0e26aef79713,0.5012792622526824
n98d079efe80be24,0.5017774283416534
n98df3ac6aa3e9e5,0.5043601360057316
n98e404eebd7229e,0.5078584020610192
n98e96075900dd9d,0.5009058820970582
n98ef17d0bc09317,0.5038028802437545
n98efdcfb7397f79,0.5015852754372524
n98f16c1d3151579,0.4994582855358518
n98fa59dfa7a204b,0.5020641536241911
n98fbb6147ec413e,0.5024067045863801
n98fd8d5b9eb1a8b,0.4958860111689058
n990819e5f41bab3,0.4999259318157052
n99177a7e454399e,0.5075548177768725
n99245a94e3db933,0.5042555542843487
n992fe75f0dc1180,0.5067467078017863
n99326a63a71524b,0.5029598448089286
n9934502388f3da0,0.4984621320578745
n994caea1665eb1d,0.49906332198384684
n994d68f38aada06,0.5010161980841716
n9965c70cfd41167,0.5011631124712462
n9972cc7dc405a91,0.4959879828742207
n99733acac7fb819,0.5062792784163943
n997e11cc6a62fe1,0.49818625424617147
n998aa4dc92c1d8d,0.5027104490041867
n999377ebb7a2146,0.4987711253456429
n9997af9e61fc3cd,0.49849173326599194
n99997ae1c67457e,0.498823368176016
n99a0bf5ef1c4660,0.49848663352854433
n99aa6d9f2faff54,0.4975332324364262
n99ae8faba20e5c9,0.5108050463770613
n99b4702c36a20cf,0.49804550376549983
n99cfcfdaccaf0f4,0.500529479772453
n99df0805cc0367b,0.49909028679351586
n99e8b98d2b7efb3,0.5009337305035334
n99eff9fddc3f3a5,0.4981948182901933
n99f465f2e577e2c,0.49881107238297057
n99f7e1a7ba949a8,0.5025529200460577
n99ffca1004843a6,0.49555896183151665
n9a0636e61849dc0,0.4927204700270651
n9a1bfcfa34de63f,0.5036883168210453
n9a32d0963989518,0.4996061026714613
n9a3e5bce50d62c6,0.4989924973160201
n9a5068db5ed967a,0.5048552146733389
n9a571af93a249a8,0.5006272275562772
n9a5ca7e32ec2db9,0.4948894022990347
n9a6640d825210c0,0.5035192513273891
n9a6985430cdf63c,0.4969579456739783
n9a6ee4d219b7135,0.49874225287368107
n9a8d4719457e99e,0.5030797789450059
n9a8ec95937c235a,0.4995671347305392
n9aa75435e11da61,0.5011970128105231
n9ab9757146d5778,0.49553269109145914
n9acc32013c98ed4,0.5006776602175159
n9adbf069f6d9983,0.4987896311091925
n9aeb8f3d4c190d8,0.49957612857510364
n9af856266029da4,0.4996610784790152
n9b02a3162dc85a8,0.4991622701822201
n9b0d57d5c8abbbf,0.4944022177871442
n9b16a5fe6fa8448,0.501830847438755
n9b19b632b7ddb20,0.5043808990398492
n9b1d0e9f1261e98,0.49290740492743784
n9b1f5abd333f712,0.4958821467462998
n9b23ab0e80f7404,0.5000075227861684
n9b27e18c632268f,0.49829971549227264
n9b3faf2d8893da4,0.49773981412891927
n9b4944feb0c7991,0.4992121309085388
n9b5477e3faba6a2,0.4975082909589659
n9b5ade7682aa320,0.5001426312455892
n9b5e7f63c8f8d99,0.4989123074283695
n9b63f13ae7abec7,0.5016115994210837
n9b6a32955338466,0.49316032694338346
n9b712fa8e2b18e7,0.4976925977126736
n9b925e84409aeae,0.4977005751968186
n9baebcb36465f1c,0.49899767208151996
n9bb7a6aa0952956,0.5058941917233215
n9bc35e713eda351,0.5027451378975591
n9bd0104b101842b,0.503708269471707
n9bd6378a38f5bb5,0.5178266314830947
n9bdb7647ce3d63e,0.5026695887864158
n9bfe641050d6849,0.4950394317200905
n9c10980a17db00b,0.5005982510599658
n9c133b4f3f4929a,0.5013341958059384
n9c25b9301133718,0.5022366496859624
n9c27bc798414de3,0.5023531442921888
n9c3e9bd74072d14,0.4986855037978247
n9c4b1b6a141f810,0.5007934707430651
n9c4b8f8d1262429,0.4967086776878917
n9c509e738f65920,0.5049346723439803
n9c52e26c95a7d3e,0.4973822819896295
n9c5847c93271939,0.4965380920165937
n9c7042e154d7d89,0.4995558074880644
n9c768f96cd93103,0.49898097737621533
n9c901f9f33c5077,0.49886641548954347
n9c905318b21d991,0.4971043110870175
n9ca3ad084c76f4b,0.4993292828047937
n9ca3ee390087c42,0.4987829397646294
n9cb31a8cb706c50,0.501092924757171
n9cb80907e0b1b53,0.4973653916348982
n9cbfe71c9cc6bcd,0.5019493666388003
n9cce9881265922c,0.49894657247013524
n9cd4984aea1b12a,0.5055563866344343
n9cd763e902b1196,0.5017562571315646
n9cd806e5e807050,0.49953924546218603
n9cd9c0f99acd3d7,0.4941966409416747
n9cf3e865973cb1c,0.49882685459355713
n9cf53a227074672,0.49737098242042405
n9d027be2323b9bc,0.4987998464653108
n9d0715f61dd23f3,0.5012338786681363
n9d1478423631052,0.5001774458627913
n9d2f53d85a2e5ff,0.49105719374751616
n9d3ddfbd07239a2,0.5028710936942095
n9d403be31019d6f,0.4991711808130953
n9d51c4d5117cc7e,0.4958501111053999
n9d5734f27b6460a,0.4969630200353698
n9d653dcfc15025a,0.4994698498339867
n9d6cf3e9470e82e,0.4964782883560128
n9d90ebc1a19206a,0.49822959738705974
n9d93724608a9b57,0.5023184065498805
n9da21ee02f9a0cd,0.5049336007808966
n9df45dedbb85d5c,0.4984567456156201
n9dffad89ff3bd3d,0.5033984412391951
n9e023e9ae01611a,0.49687686345414017
n9e138aeda2fd095,0.5002153106641387
n9e189f3f9f323e8,0.5019880662871221
n9e2537f84e3debc,0.495848080770946
n9e2a285f32e4ead,0.50030236899428
n9e2af5743c96653,0.49391845891644454
n9e2f0b4b1d8386a,0.49536914070532095
n9e33c1916d17096,0.5015873922354015
n9e39f4b2cc5a6bb,0.5043317101715978
n9e3c1bf3a01ef02,0.5001224347577842
n9e3f7c02a37b944,0.5005177626304443
n9e4c912387f17e0,0.5019369150368157
n9e54638b5a9ed4f,0.5013648500836364
n9e6d78668084b85,0.5027297559861275
n9e6e2306f8a0c7d,0.5016915960296835
n9e7209b8325b8f3,0.49268199583022854
n9ea15bd712c2457,0.4979339757262601
n9ea6a1da189a8ac,0.49711290877456576
n9eb54082f97a795,0.49622550584430114
n9eb7b97ff8a4265,0.49814774332507467
n9ec88dcb397e41b,0.5006526505198696
n9ecb0cd51c48fa4,0.5056801914091351
n9ecc03d7d6da4c4,0.5033690517148839
n9ed26052b47605f,0.5054671876676036
n9edc1ed13014c99,0.5063956871923584
n9ee1edfec928fd6,0.4990147147333412
n9eeb39a78f7b2cc,0.49710471899271286
n9f050692337071f,0.4961348440396124
n9f2791070bdbe04,0.5048079861510901
n9f338efcac8e724,0.5025675487220773
n9f4025ac65a820a,0.5029783106905951
n9f4e00e10b28581,0.5018337568067986
n9f556a7ff60817b,0.5011845429752607
n9f5ade89630bc55,0.501483516253454
n9f67e356c0eaaf5,0.4961856324591336
n9f6a71f7af466df,0.4930709275313059
n9f6a794adfaca0b,0.49385439634528255
n9f6cea92280ef7e,0.5009893822903934
n9f80038effc3e35,0.5028766246292956
n9f81d8809d34a3d,0.4994566910723325
n9f8235ebe1ec0fa,0.49985041837953526
n9f9ad64f72d2c8e,0.4966244438290642
n9faa3f12e47ddfc,0.5002570671503659
n9fac59dc8ef7d72,0.4965274441650707
n9fadff4d98a01fd,0.501098731563129
n9fb4f55333374ed,0.49987403820821785
n9fb5afe3f7f7547,0.49714613071728475
n9fd9274ae19aff6,0.4988765421184512
n9fee3ab0943a9af,0.4982195557599385
n9ffb3240db2d630,0.5079293962568832
na0015bb76a11898,0.4971698779222188
na00779046bb985d,0.5006678745537272
na018a13a712f6a9,0.4987125924039354
na01f242dad09bf0,0.4969107589879841
na01fbdd3894feed,0.4960122300829952
na037a2c48991f37,0.5047412935133436
na03c647c1cba99b,0.4971698216142917
na0432af1b10ce32,0.5031919211227593
na057f08162d583b,0.5042425916045474
na061c6f654469ff,0.49851912213391825
na061e09260b6d7e,0.4960796047166453
na06735da0aaee61,0.5050832367457
na0676cb7b9a27fc,0.5023402109075112
na06d0fc790b7a96,0.5017207559936565
na07686732ff2824,0.4972616579390344
na07e20c1dc664c5,0.4939484115439007
na094489e306e724,0.501756855024787
na09fabc635ab5e5,0.4997639288073587
na0ad2327f5c9aca,0.4961070745897021
na0af4b76d03091e,0.49980936624849653
na0b360f701f550c,0.496300711859065
na0c7cd738576478,0.5038594872946973
na0e46cd1a203795,0.5049244243439758
na0ef8e0856d1232,0.49939625065897564
na0f5d04eb3e61a5,0.49627960417726297
na10691da7acbc8e,0.5056506819437537
na10bf51e2d8441f,0.5034227159024804
na10f88fd47c4356,0.5008174387475268
na11732090d367dd,0.4993104686020946
na11b119cbe4b767,0.499425719024769
na12957862bf0f84,0.5029781644227749
na13b1b5949857d5,0.5074557582830769
na1476bc9fce60c4,0.49535242705971705
na14bd540d49deb9,0.5029951982442992
na153d717d42efd8,0.5013796943801614
na172d2fa0cd6617,0.5022561293032823
na17a906ab341cc0,0.5017760378802374
na17bc8658d4a4f7,0.502917018972405
na187ed7540ef259,0.5008328802897356
na194ee7b565fbf2,0.5030323850482272
na19808f34dbf1df,0.5012406240106079
na1a2509dc6b6859,0.500171300386051
na1a665c5b69533d,0.5031459376153065
na1a7162291386bd,0.49779898034404546
na1babb51759cbaf,0.511846746041286
na1d7b436f3d271f,0.5075238653459112
na1dacbfaf3b9581,0.5038910262437001
na1df2a64fd9d608,0.49984419498103266
na214561eaef02ef,0.49688980401716315
na21faa2b0950c1d,0.5102825753748021
na222e19eafeef4f,0.4999262797652727
na2239c03c006fba,0.5010170648606105
na228ea2b2eba3e0,0.504965398787196
na2538294d02467d,0.503395009475424
na254df7f36fe932,0.5018042890997821
na2617cc714adafa,0.4993161384610073
na2718dd2c68e022,0.49665142545814134
na271b0ceb06472b,0.49496579249290995
na27ffc55224ef93,0.4974585297898771
na2861ab71bf1f05,0.5028898145035222
na2863761650a9a6,0.5059806954152994
na2864c4c448c2e1,0.49715292447843595
na28a22c57e0c604,0.5031273245506017
na2a5e5cd425b96c,0.5010935652353938
na2a82c8f94e42a5,0.4949374448331221
na2a9c9e5d7ee0eb,0.5070785740585461
na2b51b7ed8c0a59,0.49332184204962837
na2c2cb9836f4322,0.5007079707359671
na2dd47f375e9073,0.49985105171078925
na2ddfe12bcbffb5,0.5102186047943273
na2deb9160ab5a54,0.501624692457725
na2e5a5c999b1986,0.5048566242470577
na2f1c7a1326b309,0.5038995204114599
na2f20adb2b30e55,0.5020262342727617
na2f46a899df305f,0.5010828930878852
na2ffa0e9d91afff,0.4968944575203162
na308dc10714cfeb,0.49669174418986584
na31503dc94d6d5f,0.5017849846287742
na31b1fa2e2a4799,0.4979713469820318
na333bcbf75f6c07,0.49901986035213675
na33cde401a484ad,0.5016398354465846
na3553c320e761f2,0.49671831441837977
na3637a02b92c70c,0.5002798362631807
na36d3c32863074c,0.49722680473539077
na3749de16b18fe5,0.5051115803014443
na37ef7c54d07f94,0.5016028074750013
na383d855c95c3bb,0.5024782691146045
na3846d992fb5bf4,0.49970158202587506
na387ea06400931b,0.4985236979303853
na391320e58e7007,0.5093388544424808
na393409767a1f3e,0.4945039371931714
na39ab1a8a9ea672,0.5019813949961149
na3ae21ccd66c15a,0.49892784408337043
na3b0b7e3d02317c,0.5032337946664333
na3c14c95daf57eb,0.49583094930672683
na3c202bf08e6a5e,0.4949686569992796
na3ed52601ad1a11,0.4944186520883773
na409532ea3410f1,0.5060807230100247
na411baa74fb2004,0.49745675360911396
na42883803f841f6,0.5030759576522889
na42d04f236047e5,0.5075656186097637
na43e4a83040fbb3,0.49578224683619887
na4409f2cc8eb704,0.5078499416138693
na45bab0d4192a43,0.49515803196361297
na460d94bc0ada71,0.4990041820585287
na469cb6a58c5ade,0.49649291183490213
na46b8d298a2a664,0.4967490923252496
na476e67cd41c415,0.5052701535199888
na47a6d06ff68bf7,0.497786890557274
na49d84b4c117cfc,0.5070184809134288
na4a10cf88ea336e,0.5019865940095861
na4a1d155bec02c3,0.5088675108526666
na4b6658efe0e29e,0.5023427517823276
na4b8b709a4eb72c,0.5036264989376396
na4ba0a82a263c4f,0.498958174568583
na4c2b704a4fff9b,0.49959725484995954
na4d03ea99b03318,0.4948458460677326
na4d4a4b650e564f,0.5048689088790581
na4dae43df49d657,0.5017949398591839
na4ddcf81fbf675a,0.5027796470111572
na4e39511e2596af,0.5020744895232654
na4eadff28fdac3e,0.5085108843607417
na4f06c57880240c,0.5045319286244122
na4fb935f2bb6493,0.5038837034512587
na4fba3dd12a4983,0.498405349635296
na512f752ce224f2,0.49558964817157625
na515d3178d21174,0.4949839750262321
na52ec9f5b9ae3ce,0.4992460880123932
na530b924fba9bea,0.49510847238836053
na534d6fc41cb86e,0.5010713006640283
na539828f139a444,0.5054387347929785
na54388b9376a77c,0.49935460747738686
na544bf94c847254,0.49885942627154434
na556d244125f811,0.4991737367010224
na55900d15f8765e,0.49971980094075047
na55a5819da94524,0.5028957409406903
na56ece765e0c500,0.49860417339011937
na57965c36bad5e3,0.506231627090788
na5796ea85a6706e,0.5004609435510426
na5799f35371ea4e,0.5006623795814111
na58004f480dba2b,0.4995314434520363
na58b8a9c6737c7a,0.4962587946839244
na59756e797f613e,0.4991789531882645
na59c6eae39dd1bc,0.49763982405890983
na5a3a3247b13304,0.49587697990592616
na5a70addb99e6b5,0.5000516650449055
na5b4c7e7d161975,0.5020399145871004
na5b6594604e35a1,0.4995524507747328
na5c111c4b213a41,0.5005455963970439
na5c3f05bbf270ba,0.4914032816375826
na5c42e72bb0753e,0.5022707110901733
na5d23dcc84a9aa8,0.49913475654641015
na5d3ec93fe1b63c,0.4932018771944723
na5d91b753e6a183,0.49691802254927436
na5e8049351a3af3,0.49979194244500036
na5ef72dcc497004,0.49806666416865053
na5efec110c458a6,0.5028938531511934
na5fbf68ede1e235,0.5057408409411025
na5fd11c016e6fa7,0.5093071217674803
na605c7602fe59fc,0.4989795943635407
na6207ba5daf42bb,0.4956073453145954
na621234f6a11ea6,0.4947249148616803
na623549884a94d8,0.5012013199461959
na62ef0db42b0652,0.4997092970862846
na62f8eae3d932fe,0.49821581850638746
na63011d70e02417,0.5008339777364479
na63b038c68357e6,0.4959197421568725
na63e37ec2c69d5e,0.5017513595426542
na65c8790d923531,0.4985893355404605
na6661c6147c9571,0.4991117196452792
na66d858df3efc62,0.5024849810210942
na66f8180bcd9f91,0.4980452739347109
na6709e3fb66dc1e,0.4973992702870211
na6758480ecf3ab4,0.5004181803503415
na6799c51449c444,0.5044011609682078
na67bcead4f47c0b,0.5062086354322407
na68b675ccfbe20e,0.5032217653504486
na6a99e9a2cb3c73,0.49842084380802987
na6b78f815bcc861,0.49585572519401866
na6b97dec281f27f,0.4971407035348313
na6bc3fdcfb007ca,0.49609654415813176
na6bcd296aa66ac3,0.49275156060094555
na6c4dab8014651d,0.4944373782859662
na6cc4ca6013149d,0.49891495456839857
na6ceb263d4e01fd,0.5049135560458768
na6e11d0619b1bd8,0.49370519779961747
na6ee1ad81df9117,0.5041568324808784
na6fb675953b243e,0.49638922218927856
na70a98e543db984,0.49649027052148426
na71bf35bb9df695,0.5009364826867473
na71e0fa89b71e66,0.5010057108818659
na7392e75fff2f58,0.49630749473231617
na73b9c9d8ec2024,0.5044842123022764
na73cf837d4664ae,0.5037229265912605
na73ed8af57d8bc9,0.507675816767341
na749cef97b772f7,0.49467663181178195
na7519ee88299b3f,0.4976663934662281
na759950f730311f,0.5023202872750951
na75f04a29491333,0.5000694645070074
na766554813966f8,0.4972092234251613
na77279ac5d3a8ef,0.49530906058994445
na77f6186775c2cb,0.50077390714582
na77fb7d5030e812,0.4990378742387529
na7874b644e4c329,0.5005861984876199
na7909097403831f,0.4950662276650642
na7946c44ea0457e,0.498879273350045
na7963efbba9f5a8,0.5014888862648473
na7a15a145f4c437,0.4966451825690018
na7a49ad9531a5fa,0.4956633210391084
na7ae692732b17da,0.5034568913849673
na7c67a3e5bd16ab,0.4988177577314712
na7e0e02eda851cf,0.498350774303995
na7fe1ee4f21d629,0.49691155022175765
na8083eaf1efdc27,0.5098409898269816
na809506b0ce9449,0.49785997898373
na81d551cb6cae1d,0.498616137293527
na8225f4db9758f1,0.49467066481389577
na824a04eb1484b1,0.5009597712312802
na8266fabe5a9435,0.4992453410266068
na8312712d0867e3,0.4994715700583043
na831679f9e24dea,0.5054627299874093
na83a1f50c22667b,0.5014152622794865
na84156241954cae,0.5035959461619857
na8419a91fc59ff2,0.503218606590302
na84cedb7062d895,0.5064159718284593
na8514ba7681a7f5,0.49354218405686207
na871b0d550b458f,0.4957992595763046
na873d319df2e1b6,0.49626995042097855
na882b98b1a13ccc,0.5011048268710987
na896f5bdb52e44b,0.49816468133026653
na8b9b5f8d11971a,0.5004825262484937
na8de137b7ac65a6,0.4956346295480405
na8e1ccd6760a3d9,0.5060631770281994
na8e71511a42db58,0.5015921143024221
na8e79b3fed72c1d,0.4961754028257904
na8f2552238dc6bd,0.5011735523397579
na8f5e60a7bf3395,0.5086552360538928
na90741127d51f45,0.4971231175910008
na91191117de9783,0.4978751467201204
na9138f168ed76bd,0.4988450806362567
na915b98c9ad70c7,0.5002674202729791
na9169724a32a171,0.5076308894202529
na91a31842308dee,0.5011461314147886
na938f9cc4dbb6c0,0.5009612945503304
na93c06f99cb567c,0.5027267904444088
na93f783cb0c0f90,0.49592015653370597
na9419effb3083d8,0.5035128231173257
na942cbacaf7ffd9,0.49975908570494537
na94646e9e211639,0.5007475647146226
na949374c42c3787,0.5026436637977608
na94eff5adbdf7b9,0.4952786034417312
na955647d9bc83dd,0.5075953855890276
na955a2ba7873812,0.49514480017424284
na96979ba75d5728,0.5074135957448234
na96b2ef1376490a,0.4994216951236058
na9707932c0fd1b8,0.509014315024469
na978d2e2b2fe16b,0.5026371742416633
na981fe3bddf59fa,0.49900767891272535
na985d0bf8b44c5b,0.5035427315014258
na99c1c29c808358,0.49316534108906684
na99e3ea62a99bcd,0.49875606729381916
na9b3903ac26f3f5,0.5004113627293948
na9d395236d75ff2,0.5018232661927956
na9e2bc39b451336,0.4988153362713752
na9ebe5e6332da25,0.4983508328893729
na9f8e89541e4bd4,0.5034802582821576
naa0169c928c9c50,0.4954860369885132
naa027f65fcf8c3d,0.5094857668212132
naa1d3bb39934e14,0.49289112388526385
naa308e81c86e214,0.5048115824618876
naa3f2db1a606654,0.49480189872547314
naa46d7a28602366,0.4954464524711269
naa5230cecd32c25,0.5012570883707868
naa5ef16557693a8,0.49598360786861545
naa6138033d3cd12,0.5065253067847676
naa6b9f255a765cd,0.5048406233640824
naa78084c9c7aa85,0.5030466358085247
naa7dfb9993734fd,0.4999361740727518
naa83f40d0d739d4,0.49545070130523855
naa9463adc25c97f,0.4999413357932267
naa9b3cd0ba82c85,0.4984632089675173
naaa019dbb1194f2,0.4978250496515606
naaa5aa989387630,0.500405179400971
naaaeb6b703747ff,0.4987415927200289
naab20c434636b5a,0.5053377391885593
naaeb638bab343be,0.5071712941738443
naaeb9165a5415eb,0.4989632976391328
naaf2965d3394c42,0.4968047112826869
nab0481fcbc2673f,0.5086385839886196
nab0b64f169da03c,0.5035989663068483
nab1479665f9f658,0.49720019259339826
nab2df6f7f3250c0,0.5021888095123647
nab2fe2f8548294c,0.4933541782211094
nab38194fc9475bf,0.5010585186004193
nab3e9b3d0371bc9,0.5055105144427211
nab54c7df2f37249,0.49129902359862127
nab5d50b32ba322a,0.5066769259273017
nab66bb08bd6f99d,0.5029772338144834
nab6c24ba2418dda,0.5008131588815755
nab6db8eb5e70d07,0.5013032232845738
nab737d0387f6f9f,0.4990592240688191
nab7abc2942ce95f,0.504012799240458
nab7c0c9e7930967,0.5027646710873201
nab839adf9d71f83,0.49907738582592737
nab8acecb75b33fa,0.5043223861553381
nab8ba177f831037,0.49704887997328623
nab8ca9f7a76fc25,0.5012382992430042
nab8d7ae9b52a84c,0.4986620580410044
nab911fdafa34a4d,0.5047857705283741
nab928ddfc8925d7,0.5030122129495848
nab999be8b758d3a,0.498056801897024
naba7a24f0e2436d,0.5035429559380572
nabb5592e9cef9f0,0.5021165496040579
nabc33de69ac4500,0.5096149978726698
nabc884e32ec9bf9,0.49702093793002045
nabc9f34e93fd68f,0.5117212391194648
nabd5e4c0622ce7a,0.4954978024069326
nabde3ecedf1c4c4,0.5006013613379504
nabfa6e4aad1a62c,0.5001550013613455
nabffb2662616685,0.5000635813449911
nac091c2af6a46cb,0.49758345534148163
nac180a15131ee51,0.49684960996507105
nac1e316900b86a9,0.49468545909220635
nac2072be8049571,0.5009289274476061
nac222fe6c1ea4b5,0.5039451839783452
nac2f2478e7f3f92,0.5005442554128314
nac37f70817de7b7,0.5044595974563595
nac3a21c007c01ff,0.5039118041710222
nac43aa44014cbd0,0.5072282147288214
nac6f6ab24430ff6,0.49874975530507953
nac738dcb58a422a,0.5068523948373812
nac7cca1bfacb4ea,0.5046341125047931
nac7ce13451ffc49,0.5016509802966262
nac8cfd4cf4f1602,0.4992226280763462
nac8dec3b3a0c39a,0.5030763411077532
nac9775c52ebd2ce,0.4989884204073427
nac9c42952bfbeb2,0.5050289404802732
nacaeeb5a298c54e,0.4988639177509884
nacb672525b97479,0.5070220700530063
nacbcb8896cb6feb,0.501693735902626
nacbdacb7e6eb9b0,0.502076969693377
naccd1d371c064a4,0.49980202284879477
naccee8123630552,0.5030678466623506
naccf53985bd6ece,0.4961310137066908
nacd716ca6994fd2,0.5050065833932672
nace9734ece43173,0.4972308983956225
naced835cb314448,0.501978190155612
nacf1b54095288e3,0.4961719774926387
nacf33621419a5bd,0.5043969881699156
nacf523c0cf68159,0.5101972250086214
nacf83a2cffe1273,0.500372773337121
nacfcb2bbefa3d6a,0.4994036513873837
nad00e7e37f07d70,0.4979896218885075
nad0d196d3272a87,0.4977822683154945
nad0fe0b83dac4d2,0.5062894327206808
nad160a02bd16957,0.49815011756266925
nad2e55fc9618aa5,0.4982876658759649
nad34750bded1635,0.49561491312871436
nad3daf129dbaf0d,0.5075265189180176
nad7105313df4282,0.5018025592216241
nad7a88730dcfb4a,0.5031541444009054
nad84182c2313bb5,0.49472433529196136
nad88110f436a03b,0.504833781934047
nad95ded1ac21d8e,0.5028184965669837
nada9ab0b1385210,0.501003630771886
nadacc2a57af1a16,0.49998478236301763
nadb1c16da487cba,0.4990976101317136
nadb8118fb7242fc,0.5008699876207261
nadbbc7d2cbdd8a1,0.4990460366632255
nadbdf5aad2530b0,0.49830766367955537
nadc9713f8ea861c,0.5013701474202713
nadcb84c92d741f3,0.5040895849323148
nadcc5ffac24dff5,0.5032782614158047
nadd40a672f3147e,0.49854390757086164
nade0db13d92ff38,0.49813308840290677
nadedc77886ed341,0.5025275794775572
nadf0bf7a9dda812,0.5030542076718596
nadfd06b78250628,0.5019279795444942
nae159c8b1d75b29,0.5063588417095547
nae1bc0ef5a75c00,0.501030280210995
nae1c5312da94baf,0.5074754170775118
nae2975c0bc0a052,0.4957557824033988
nae2a9dd281d5edd,0.49772528369152874
nae2c287ab34d35d,0.49946179397106266
nae50eaa975bae25,0.5006240024198952
nae69f708a7876fc,0.4993658349777348
nae6aab5b9531a88,0.4957653199329417
nae784e9bb50a031,0.5032512599447387
nae7e0db45293c27,0.4968655538574897
nae83aa069fe5c8c,0.5014354357793647
nae993351772666b,0.4991306991522745
naea2c38df544282,0.4989293943839019
naeb0bd2b8cb56f3,0.49561213928079223
naeccb6d93b078d1,0.5044766108971623
naecd41765e2484b,0.49635245621148283
naed25a24e6e0e3b,0.4991199244003711
naed6a1c0ec37d67,0.49626635691493803
naed8113f594ff68,0.5011793361044414
naee5c64f8fe95f8,0.49928899366860585
naee6a5dbcf45485,0.4969570224301495
naee72d638e4e0ff,0.49542070937453
naef081805f61c29,0.49724854992569617
naef2010a24d31c9,0.5003589820983679
naf0fb39290809a2,0.5023322863041478
naf2f99815c719f1,0.4950123415597991
naf3dd9df959b3c4,0.5057185499951881
naf405ff89ff62e7,0.49978652947217495
naf6903f0bcc8828,0.4995173748817382
naf6acf27f4915be,0.5037677293266825
naf6f1a7611eb92b,0.4968123250158636
naf7ac8052990666,0.5001206857436173
naf95f91e486bdb4,0.5008156696636593
nafa06a4355e1fca,0.5006975112730062
nafa169771846d84,0.5030478484888383
nafab59b5a275e2f,0.5065721669301266
nafadb658b971300,0.4985471361544396
nafb1a60c591e079,0.5001622843119944
nafbb3ed8b12001d,0.5040020603478514
nafbd373a4d55601,0.49992514280930284
nafcbe2209f31c65,0.4949756363982276
nafd54e56dc3bfef,0.49877182996343
naff38c207fd994c,0.5082540691530346
nb000c7a0d5bd464,0.4978731776817808
nb00f088ddb0f4ac,0.49971258044340605
nb0224b2987d433d,0.4980379114078422
nb02e451544a9fcc,0.49668639181263774
nb033ae6363b3b33,0.5043795121380312
nb036b743532759c,0.5078028623323607
nb0440a353574060,0.4999481461694045
nb0472121116c7e9,0.5014034164428391
nb04a552ff09d681,0.5052469951962107
nb05d5a8d3432aae,0.49932881197114076
nb05d762a56ac386,0.4956829133153531
nb05db34d2401fa8,0.4969388058062742
nb06237d73ab1dec,0.4978971822615035
nb06d68e5ca1ecdb,0.5061813506890027
nb081cb1d0f1ce24,0.5022427668179934
nb083290d59fa443,0.4934221911163317
nb085e0739c20ce7,0.5023981088498164
nb093e0a27b76275,0.5013186795661863
nb0b25f8163720ea,0.5087201906933281
nb0b4a91bdc8063f,0.4989171602459779
nb0b8bddb15c832e,0.5006511406955171
nb0b92d1c6e95459,0.5011234208895234
nb0cbf56fb5c4780,0.4986125183867059
nb0d094843c59879,0.5040730581250242
nb0d5095a06e88bf,0.4942706373725909
nb0daef72446a7af,0.5008698033755113
nb0dd53f13820d40,0.497488805648421
nb0ef1524c0a1c06,0.491251271190229
nb1061eb1c040ffd,0.49734506420573704
nb10ba173e1213b8,0.5071590797842227
nb130973105eac5e,0.500668949211146
nb162e233f5d2a97,0.49565183875108043
nb1641a7276f8a97,0.4980011993933794
nb1648c2d64b006b,0.5027011323538765
nb16c3fece842758,0.49981400968508527
nb16e53d3c52c095,0.499793810346762
nb17bade2eeeeb31,0.5066737317747941
nb18aaa83ed15734,0.5037782882756763
nb1a06e302ba806c,0.4985807963031427
nb1ab15eccd949d1,0.5014636409789633
nb1b3b4acdb18029,0.5012403425012995
nb1bae739066680f,0.4952375680564255
nb1cccea9a107a14,0.501104947831843
nb1e36ce76ba4e06,0.5056111657486198
nb1e90a44d8d76d6,0.49893064874403076
nb2034f527839c90,0.500685628823629
nb20903ae7ce3f0d,0.5004507435270249
nb20c9f648a79d47,0.49771885626923706
nb21347eed5f195b,0.4994713737843633
nb213555c01a4220,0.4979090461451617
nb234dbbf03403f8,0.50846230673172
nb235048851a8f0a,0.49848941020442045
nb23fb6e3da90607,0.5001052381127777
nb247ccd15e325df,0.5071236295911599
nb249bc649997d52,0.5020728912349073
nb24cb37a4289f5e,0.49776626618785563
nb24faeca71a3786,0.49569385948277234
nb2517797ce41be6,0.4958680151177072
nb253bed35d2d7ba,0.4976375847457325
nb2723ce3166b7f4,0.49730683115620583
nb27d67f0e2a0696,0.5010438077135482
nb2983aedb1df0ae,0.4972617890969865
nb29a955cbc90a95,0.5022982019774905
nb2a3c70eebbecb5,0.5040264210487803
nb2a922fa04e6bfc,0.5119298252335321
nb2aa009bc237273,0.5002276554478228
nb2bb6afe3d2342e,0.4978718247052617
nb2bc3e4fd553eca,0.501922954605984
nb2c2ccc849df4c2,0.4968149151830187
nb2d7fcd7b94bb29,0.49647818499603386
nb2ebf1dfe39a351,0.4985067437443336
nb2edbfdc43e228e,0.5025702244421959
nb2edf948ab838b9,0.5026032562472809
nb2fbd52c2793b4e,0.49658259089489865
nb2fceb93d2a8f82,0.4949693762179115
nb2fd729e11dedf0,0.5007822210759509
nb2ff1bb20e21646,0.500420746287014
nb30cbe849d5701a,0.4976251217503263
nb30cd3bcb693560,0.4980329961401349
nb31159fbb56bd08,0.502635567775556
nb318e61c91c2ebc,0.4944328600259093
nb324e4277ae50ec,0.49723215182363917
nb337b5b57975b6b,0.5019087453854073
nb33e0704a37a7da,0.4968107227808134
nb359ed3f7a36bf7,0.4976693921811658
nb35e3c0786eec60,0.5004141867147364
nb3622b678b5413e,0.49747504800090153
nb36bdd6c6bbaac9,0.5010885753934233
nb36da82cd78c9f2,0.5015259340401876
nb36dafb0c65ceae,0.5020944783136635
nb36eea80db20903,0.5070511273949393
nb37c15a04ba5b1a,0.5017255670383015
nb381cab01e2a53d,0.4959578516380832
nb3aeb911be1b60d,0.5058383098058791
nb3cbde91fbb3990,0.5053279112692881
nb3cdcf3ab021095,0.4957737074382342
nb3d3e8ca55c9fb2,0.5091614374640063
nb3df3fa101dde8c,0.5046133239027633
nb3e0b8a9c77672c,0.49635274647425337
nb3e5f59e11bc484,0.4952320883244531
nb3e9bac08c7a2cd,0.5015593396295587
nb3fc16974a3337b,0.5002965353830762
nb40e5fab70843f2,0.5016381955150634
nb416bf6fbacbf6c,0.501256446318035
nb41c5543b2b67db,0.505280723119339
nb42dd0db4f566d3,0.5008492703942719
nb432123678838a5,0.5064950843943875
nb43349554bc71da,0.502388298765085
nb438166f506c438,0.4943394971869027
nb43c7a497aeb12c,0.49825529718470957
nb443c64842f4423,0.49485214285062834
nb447033d345a42c,0.501518452032416
nb452ef81b4162b6,0.4947081066646505
nb45c4335e0a41f1,0.5000785165149777
nb463be108e68ee6,0.5041711176446985
nb464ae6f3e2730e,0.4955299956780115
nb46657121afab73,0.5028439191967381
nb4701f69809b1a1,0.4967071104915712
nb475f08402eb383,0.5015146529144943
nb47c666118b16ab,0.5033126009763711
nb49a75d6fe6b44d,0.4921589890933801
nb49ad38a22b7164,0.5009064976502572
nb49b57424e1de4f,0.49774224822517216
nb49ba08dd7fbbaa,0.4948731434796173
nb4b09822b58dd80,0.4987324208173899
nb4bedd7ac100660,0.49646243618153063
nb4bf784fb2c4eca,0.4996170245660188
nb4c7b304d697681,0.49920173778490246
nb4cd9611f794fb5,0.49717721972650436
nb4da1b207231631,0.5065444959655104
nb4e93f6c77a9cf6,0.4994397229994088
nb4eebedc76c8520,0.49984184356185485
nb4f116499d245f8,0.5070971906611741
nb4fa02ac10b02f2,0.505058828544776
nb4fd06d43d10ece,0.4974627081065989
nb504e3133af8968,0.5015281574175611
nb51339d95d7d46a,0.5096142980583477
nb516dbec579f026,0.5015244346007464
nb517d0c0a9717c2,0.49956158204636003
nb53755b60fe4508,0.4971302378764927
nb55669137f62e65,0.49604687989597124
nb55d82b19d27a75,0.4964256894460116
nb563339103bbd1e,0.4999304672348123
nb56d990f005e447,0.5014031680912916
nb57271c45cb87c2,0.5013612894798605
nb57279641b356cf,0.49736715665601405
nb59d166c758da3f,0.4962418157102641
nb5d3e6a92e762bf,0.4977574117045833
nb5d556bbb233c23,0.4984520724295197
nb5fb5767725b60e,0.5160098326464189
nb5fb5a6eef80d81,0.49758475079017617
nb61012d3939f4ea,0.5010502774142267
nb6140a33410a975,0.49774528293606063
nb61cfd475c6e3ae,0.5008084077060037
nb624193e64d0f6b,0.498312402066471
nb62e35cb57ad52e,0.5036454897770802
nb62f5199754dc65,0.5005092110746102
nb6319f17059adbb,0.497483975890634
nb63641753178b4b,0.497133977068487
nb63c5f7ce23e5bf,0.49693490965139475
nb63f2e1722f93e0,0.497782519079895
nb63f993d497f9d0,0.49820067739992857
nb6411da617dbe66,0.5039588894185026
nb649933f96d8d74,0.4965938974750095
nb64d914b71bece6,0.5023077413216058
nb658621a55f62c1,0.5006181469046838
nb660da9a1ea78c7,0.5038577757340581
nb6679e37f12fb7c,0.49915614134781866
nb670e3c04b7f1cd,0.49648356859968107
nb674632899dc5bf,0.4938570730619467
nb67b275d34a31c7,0.5051230289468314
nb67d87c1cf492d3,0.4996078218518989
nb67f8faa656f94b,0.4981017350239578
nb683b9a050ecd6c,0.5023928234160491
nb69ca5e3f9f3180,0.5073985621398046
nb6afa3131900056,0.4986811500306307
nb6b5578cd38fa82,0.49834377961025444
nb6db33d7a1861eb,0.503782614383293
nb6e2345a07f949c,0.5095248700694089
nb6ee47fbd913b80,0.4968468953871557
nb7010969741076a,0.505141046693858
nb703b354a8eef31,0.5004426951461513
nb709154895ad84b,0.5015101245974868
nb723e274e1aa981,0.5021302527783209
nb7251d8a246a438,0.5018193149357656
nb7260958c6b52bf,0.49874832260238516
nb728348c33961e9,0.4966404358067801
nb72fdac53ca68c3,0.5024173584522236
nb74b14bde7f9569,0.5025029306529597
nb75ca00ea8d04b6,0.504724788075624
nb760db6fdaa6075,0.49674095568416377
nb775b21a981098c,0.5030475609096932
nb77c589b8121107,0.49731251223416695
nb78a4894cdbdbc7,0.5023436983045138
nb78eb75fe3496df,0.5047744199405177
nb7954afee0225a8,0.49550031351093443
nb79ec36082133fa,0.49914916787703595
nb7a8ac513b8dcdc,0.4944243082840181
nb7ab64b1e6b8526,0.4948658600151166
nb7adbe6ce33d803,0.5034809820767044
nb7b605fa4b0b5d3,0.5003545885119972
nb7c3d243d8adbdb,0.5033331854771119
nb7cf6179c689f6c,0.5000320864997662
nb7d14f409871e94,0.5030657593954816
nb7d3312b8b83fe2,0.49865041193423987
nb7d605bec20cd39,0.5023030775152025
nb7f20e5bf228275,0.503703256014616
nb80aff534cd715f,0.49847754725694926
nb80ce63935ed0e7,0.4967086569697825
nb81248318aa1179,0.500557120890881
nb81edcaea4d7e07,0.4980801534133435
nb82df1fb421fed4,0.4975933621082455
nb84b447fb4e8155,0.49978534594818097
nb84bb7497a81c77,0.5105654923786099
nb857d4df591d309,0.4994446064251325
nb859438d47073d0,0.49903376652723214
nb8686db093ae18e,0.5022468128115537
nb86d56923f68117,0.4982517431746268
nb87f3362cf810ce,0.5016416598113673
nb8890a943c67842,0.4975580659709519
nb89a044927bebd7,0.4973811352922806
nb89e93b7fcf2116,0.5023484332174084
nb8a2c4a27b6b0eb,0.5028526850141359
nb8b4ce5cd00128c,0.5031194250337798
nb8bd19ecf3f8b40,0.49821332073179525
nb8be39464b1582f,0.5007321827628235
nb8c5380cedba7e5,0.4961785728770895
nb8c585a83b3a3a4,0.4992967331329729
nb8c8f55a1f08f2d,0.5002723054117003
nb8cf4328d76bdf8,0.49551836642984054
nb8d2c047732b108,0.5020882365174181
nb8d998946e39acf,0.49750757965955444
nb8dbd196e2be3e5,0.499918911335349
nb8eafb3f9b2b180,0.5007488290368012
nb8f09379ba2400f,0.5035119996265037
nb90a7e0e0a081d1,0.5101558199432391
nb90ff2369989698,0.5073100427655148
nb925b0c65493d81,0.5081446416986659
nb92a18779600573,0.5027303002861371
nb93606bd69afcb2,0.49407724629478605
nb93a376ee2ca997,0.5029798557110298
nb93fd2b503ebd53,0.5046997139648163
nb93ff804c846cbf,0.5006871394958774
nb946c6c4d94a9bd,0.49923168134757445
nb94cb33d0617577,0.5000577480225187
nb94d8f11f059aa6,0.503779084875713
nb95d8986d4bffec,0.5011740679220962
nb989cef1d01022e,0.5001472148657843
nb9a54b633f18a16,0.49678769202342354
nb9aa2580270676c,0.5040771599884417
nb9c008a9a8b49e2,0.4984058344583486
nb9c424e407bf31a,0.4995158374198275
nb9c5290a6d29847,0.5030853830172879
nb9cc6bb511b5516,0.5080334214553779
nb9dca221ff05f63,0.5000240492621552
nb9f854be54626a5,0.4988790795446966
nb9f9238fcc4c0ef,0.4977659175063198
nb9fddfe94612c19,0.49832753219295106
nba023f3ef2c26b7,0.5082494627899942
nba10aa85c18e986,0.4989991348766026
nba10bb049a9944c,0.5014453642164023
nba20bbe95723d68,0.4969284815986355
nba24d45935d774d,0.5068167016417509
nba2e4b80e67388b,0.49927097179477137
nba2fa51dec1e33f,0.5022900690101261
nba32da42d9f214b,0.5026024492448906
nba3b27cc8df97ed,0.49994195749568965
nba414d5db24a9f2,0.5075923226587812
nba4ec975287609d,0.5006682110085876
nba647e4fcdd5f1e,0.49931332738987744
nba65e564dfce56b,0.5086355058832175
nba67ee3bac13f35,0.5010494587101563
nba687b1fa2eeb3d,0.5010059435002467
nba749a7a3179f63,0.49728407166935756
nba75ccffb4915d6,0.4921311733656078
nba7951e4a0c8333,0.498515476633693
nba92029ecd62db0,0.5061367686857103
nba9cae819c8525e,0.5048335934825012
nba9fadb2f88a13e,0.5033938519213078
nbaa09339beb4c9c,0.5005376661326617
nbab5d5409bf19b2,0.5018815776550156
nbab9496293613a6,0.5003318354284301
nbac0c9779ed6644,0.49458571213501606
nbace1877d3aa2e0,0.5034731253003171
nbad30452845a8a9,0.49645404155771466
nbad426d2f4bfd7a,0.49983073758871144
nbad6292e9d4a1d6,0.4985223748048082
nbadffb34654ec93,0.5050316630670738
nbaecda059bdb779,0.5028891526645026
nbaf437a4cdb50f7,0.49940131938109505
nbb0cf5aa712310b,0.5013475166512771
nbb112f479bcf4f8,0.5033397102030085
nbb1fbca83188628,0.49857451330507485
nbb23fb96cd97be3,0.4981287198625969
nbb252a1c124dc0d,0.4988299274203896
nbb26a0e12eb4567,0.5052663908921149
nbb31a4dffff1a92,0.497365703590607
nbb4079330ddb097,0.49938062413376744
nbb44eaa7ec47187,0.4995154601126221
nbb475644a98a1a6,0.4958757505663714
nbb521dfdb52b8b1,0.49968629642073015
nbb5fe0ebb9eddb8,0.49982811012308537
nbb74f3c172358fd,0.5004326617949107
nbb7bea50d6318e0,0.5033392810112042
nbb8421eadf079e6,0.5017204880023793
nbb8dcd0f904460c,0.4973521388470551
nbba729031f50833,0.5019615148343944
nbbacf2e16bfaebf,0.49854436426915927
nbbb57de57c1797a,0.5089249587208862
nbbb626605b64409,0.5016722479957136
nbbcdbd207d26efa,0.5054204260506998
nbbd344e87e95fa5,0.4990806855416574
nbbd792699971b53,0.5065953186037409
nbbdeea799fb19f1,0.4956715335117151
nbbf7c0b7a02627a,0.49950403222301687
nbc01e7d2254015f,0.5043645635558612
nbc09d7467eebeb0,0.5028540423535645
nbc1970cb9ddb6b4,0.49552164126915665
nbc23c046720c009,0.4955717430621365
nbc2c9730e5745f1,0.4958842292598601
nbc388779698962d,0.5031337687993583
nbc3d7b343e7adcb,0.503372373799522
nbc47d6ebfd79d66,0.500345192312552
nbc5564a817bbedc,0.5111216347139578
nbc5e73b588728d7,0.49864159452123774
nbc60c48a4c08b3e,0.5004740662289092
nbc6422f513baa9e,0.4984158151312607
nbc844e6e0d40802,0.4964374524650351
nbc86e0279d24831,0.50512513060207
nbc8997825e963c3,0.5032776079631812
nbc8ca6b36acfb9c,0.4995887495919023
nbc9125384b8104c,0.4982273785979383
nbc91547bf2f59cf,0.5018315902577212
nbc93f883edb5575,0.5025161578235681
nbc95d6e97185f54,0.5007869433816692
nbc9b55a29055243,0.498037721165712
nbc9ef46873ecd03,0.504135416239832
nbca65158d591861,0.5003533433087562
nbcad579865a9897,0.49496405121274784
nbcadd32fbe7b4a0,0.5008375737861862
nbcb966bbabcd73a,0.5069123082712652
nbcbc6db0ad7898b,0.5011668450339578
nbce96c621eca534,0.49355896421963813
nbcf86cfee592852,0.5021138241160384
nbcffa06d86051d9,0.4977608532548528
nbd05d5747d0750d,0.4989731950972459
nbd116b40b920961,0.5048541380177067
nbd18d49435d1e27,0.5020583066836597
nbd1a006c3214354,0.49706052529995126
nbd40056d8820fd4,0.49828429288045184
nbd5d1c53bc02a6a,0.5036464348545344
nbd5d8a3a9eef1eb,0.5165654617943843
nbd6106d435a7b92,0.5089387851719652
nbd6208e57e3dd72,0.499316463924199
nbd630f7125807c0,0.49784680952404575
nbd65f1eadf22670,0.5008391457810363
nbd7141eb8a136ad,0.4965826731313909
nbd7ae627c393981,0.49790664482382985
nbd812a5e12a938e,0.4946889990088799
nbd8177ba8120a0e,0.5013079302355056
nbd8af2304939bf9,0.5000499822178667
nbd8c4341e2a338a,0.4974649929233911
nbd9a48753bb6f4e,0.4980044355670278
nbdb26b2300b8fb2,0.502750429990717
nbdb5efcccbdab0a,0.495826397631805
nbdb6a40cfcb89eb,0.5036950984330255
nbdc089758672494,0.5009912671196036
nbdc890c3acee5d2,0.49498917556597355
nbdd07f242f1ee44,0.49311666522365594
nbdd66d7a1e18c69,0.4987719297228992
nbdd68c3fc5264f0,0.5006549790457124
nbdd868a2d91f1af,0.5028348567315349
nbde3f7620370330,0.49813917498999505
nbdece13cd339ee0,0.4984986961031524
nbdf209e2f9f1657,0.4982904277851674
nbdfa73b2568a449,0.502054699433873
nbdfc95527d71ac4,0.49736416637891456
nbe0107952599ef4,0.5027704596422904
nbe0a97e12bf274d,0.4967213126074534
nbe100698fede2b8,0.4952461455347832
nbe14d7c2f68826c,0.4950857242267662
nbe1816ecc9c704f,0.4983258230441933
nbe30e03cf2a1dde,0.5049864639211796
nbe45dc45a2bade5,0.5026961734744755
nbe45eae793932cb,0.4995165706492137
nbe4829e2640db68,0.5030134606001749
nbe5197d6c73733f,0.5028641022048254
nbe5d2e75da2690b,0.49821213254679314
nbe6322a9fcda7fe,0.5003322874413281
nbe639c089f3202f,0.49854694933708527
nbe65994dce25261,0.4953111098012023
nbe759ac676d80ad,0.4981831480498776
nbe75fb258700439,0.49834176359972393
nbe8f40d1e969a96,0.5019084912997621
nbea049e97d99ea3,0.4929887746427814
nbea2ce9e78fd192,0.49988096371363266
nbeaad873d9b5a3d,0.5004117172920751
nbeb8db3eee0dcb4,0.4957785245316308
nbecef60afdc2c97,0.49958849170663716
nbed2b794c8567c9,0.49365120888701824
nbed825c6896d531,0.4997515845191496
nbee1f24c9da6b4d,0.5007160258251464
nbeedf3ee09591d7,0.4954345579416394
nbef1cd7b3609caa,0.5007031784378272
nbf082a504d4485b,0.4991496675653592
nbf0deb9d6401fee,0.4992807063050456
nbf1374af3c66ba4,0.4995341378414898
nbf27011315f3f7b,0.500074167615651
nbf2ce2308a9be76,0.49712152962111594
nbf486e86696f4ee,0.5027153395815801
nbf4c1a00cef528e,0.5052407682968946
nbf4d273c7895fcc,0.4998990641179909
nbf569c9daeb8c4b,0.4937234396622604
nbf58748c8907271,0.4977820429820566
nbf5a102ab3caf76,0.5013844956433804
nbf5ddc868c5827a,0.5054351493603529
nbf74fb25ab82d5e,0.5056649361071712
nbf86889988711a3,0.49985612301177634
nbf8acefe98bf042,0.502202915171787
nbf8bf52b85f1665,0.49910777338018264
nbf8c39526503822,0.49365859994894606
nbf91d5ee53de84b,0.5032043433035526
nbf923f59d4e27de,0.5045671700545961
nbf9342df23d4c34,0.4989874418595385
nbf9f7831636a954,0.4972888799219941
nbfab36f8393a639,0.492472201992846
nbfac841bb98217e,0.4995432078026223
nbfbd0cc46f870ea,0.49680426706517133
nbfbedf2ff1694cc,0.49884155774406763
nbfcc761292b1a8d,0.5034469278901417
nbfd47caa4ba9f48,0.4955470096865077
nbfe0e9998885419,0.4968871403724915
nc00b7120e889457,0.4980025388760257
nc00e45d67f291e9,0.5013325352936943
nc0102f8f0a4e226,0.5042920450946101
nc0169c451e1d9b8,0.49648781755097876
nc01763d008a4c82,0.5023821910274782
nc01cf654af5f5de,0.49305768551392365
nc04c6ccfa50fa74,0.4952508904155437
nc0530a174fb59b4,0.49956869117720887
nc0593430ae97d44,0.49739681825558735
nc078e1e59d9e534,0.49869199912787454
nc07acc87a46aec7,0.5036926848941242
nc07e1470be2b21d,0.4944962092758648
nc07e91a10961657,0.5033909727115132
nc087e11fc06b4ae,0.5025064641071595
nc0a7a6c9f1a02af,0.5047493787877828
nc0bd06d798242d9,0.5006654607778396
nc0e0151108dd35a,0.49814359110409745
nc0e1b7c477cd8d1,0.4954168987030725
nc0eb59285801276,0.4943640976276204
nc0eeb908c7cf883,0.4990121506047022
nc0fdca8eafc89da,0.49792749267538505
nc1004dba6076021,0.5005514315211474
nc1144dcb4cc9bb9,0.4975106475118593
nc1157f2e7be9b7f,0.5002139428803825
nc11d57c5acb3e4f,0.4960982786481909
nc120373d0846e06,0.497630077493455
nc132d774757bbe7,0.4975469219418068
nc134ccd5f3e9642,0.502524371917632
nc13ba9ecaf883f8,0.4997966744671553
nc1402c36d1aff48,0.49494923885962033
nc14049cd016445d,0.4973195554511877
nc1488c2a2fb9c06,0.4963011887838234
nc149a4de16c8415,0.49717675432547187
nc155a9833c33ab6,0.498741061821703
nc16209b6c50cde0,0.5001661939507471
nc184de3bc732d31,0.4992899718595445
nc18626e2a6262ba,0.5029034575889021
nc18b7aa86e4f607,0.5025166846314247
nc19b59b48042a3d,0.5047470313630749
nc19cdac7408617e,0.4983585742103588
nc1a91beb6fc95e8,0.5004308960672224
nc1acb3a6e92bd84,0.5030425681592167
nc1b2b575519e8d4,0.5058649195769519
nc1cca0589817299,0.49715902022123537
nc1d0062bfbe8ed1,0.4972974180084425
nc1ddb520efdd806,0.5032039458909332
nc1e8736e29bd0dd,0.4959654914179587
nc1e904463eb3177,0.5068270100542157
nc1f334f8cebe838,0.5022810008860747
nc205b95cdf90544,0.5009441990254593
nc20a1dec478673f,0.49854901502415866
nc224239c2966a87,0.5064895463816972
nc22f2a2e083b860,0.5016271068953597
nc23d0561ac19a5e,0.4976212029268445
nc244089ddd9cac6,0.50502237706762
nc253e6abe789837,0.5008577480088132
nc26824395788f95,0.49160546668215094
nc26c080067c2146,0.5061532935431393
nc26c860358e2d95,0.5047641777291855
nc27211633f4a5cf,0.49827896209567885
nc276de2a89cb1ca,0.49823375346142756
nc28031fb6d5ef20,0.5041241508454524
nc28b63f5291a812,0.5006457881613026
nc28f0ca425ae451,0.5003459382281338
nc2a17331588ce8a,0.503187252136725
nc2b082b9d588b6c,0.5000583471474717
nc2b92f80e1bdbb1,0.5075297167883266
nc2c8aa9c43f96f4,0.500740823412856
nc2cab1faf3f69b9,0.5035891503155798
nc2cdae987dccedc,0.5083556242896995
nc2d35b82ef6d56b,0.5017307099158687
nc2d9d0d2481d632,0.4989840103089513
nc2e6efeb252eb1a,0.50505999837254
nc2e93b58005aaba,0.5028225513932173
nc2ea9bdb112e4cd,0.500520768790508
nc2f3da70972aedc,0.5016758979607961
nc2f7772e1fd0470,0.494360826182317
nc2fbe4d1356fe15,0.4997607576027318
nc3061f22828cc43,0.5035647398863844
nc30a9b8145e057e,0.4967327056161303
nc3117b2da154b54,0.49767919412092604
nc3217b968d77405,0.49630287154391795
nc32606331c4c1aa,0.4888807115412656
nc326b3cdeace243,0.49837871690343716
nc3274d83a6c11b0,0.4991630137144798
nc337a2734306fc8,0.49746954805811344
nc33a860847048a5,0.4962337679640442
nc355273918086e0,0.4985737860050911
nc3555324c89085c,0.5027775844469147
nc3597a8a23c218a,0.4978030097600806
nc3606512b52de93,0.5099630830033715
nc36aa7df7adc4fa,0.49459839686044
nc36ab9769193981,0.4997363001744686
nc37cb78b465c531,0.505513609705486
nc38292bd707d9aa,0.49958011589038254
nc39a0e04a06958e,0.4999603054809849
nc39b567a8d1002c,0.5040561121201386
nc3a1480ad4e065a,0.4948403299568871
nc3b14e236da47bd,0.4966032841435306
nc3c94c96c62f0bd,0.4988607378978742
nc3cae939169367c,0.4957660947875763
nc3d6f2556cb87d5,0.4983377829736616
nc3de24c511c0acc,0.5023308999394883
nc3e9bfc6c45a539,0.5016596622481255
nc3ee4d38664f006,0.48952486880101165
nc3f72cfafa339ff,0.4969236130121655
nc3f93cae9fcdebd,0.5001787542978897
nc403f8f05d88d17,0.5005564700078304
nc41a66ce7705723,0.505451527702353
nc41c57f836e3034,0.49769630195165393
nc462396eabbbc55,0.499973840308324
nc4831336dc2cb0c,0.5036797451737767
nc48a310be4a23d3,0.5036800189899561
nc48e5f056e3afa4,0.4994063118832437
nc4905a3b8d66231,0.5034494856599112
nc490fcaee2008ee,0.4980228695683197
nc4956a62c8214f4,0.4991804145389704
nc4abf17333dc27b,0.49933549288435364
nc4bfa786f93bc39,0.49723294557530834
nc4ce1861db9ef29,0.49513018467920067
nc4d5ed3b55720a4,0.4998746663677949
nc4e22c750bef1a9,0.5025076849694713
nc4f7b0a9d987e45,0.5049306539062696
nc500133277bc78d,0.49194440648102256
nc51955cb3ebed07,0.49669115677813164
nc51ffdd436f7e94,0.4995953801686426
nc52b8de5248d11f,0.4924107863584653
nc5389f1ca84d5ea,0.49984596525201225
nc54db424fc633bb,0.4989471118623804
nc5585153fdfce84,0.4933153363521135
nc5637e4a9d94388,0.5065516712179936
nc56935c5c456357,0.5031138837638566
nc57e5451d854849,0.49823439381390056
nc59cccbf8a78408,0.49765992726713487
nc5a9232410c075e,0.4996674369897316
nc5c95fb4118df60,0.4991622410071142
nc5cbc7df0fe6f8a,0.49317242532407674
nc5d6185fe212e94,0.5045775311035691
nc605684380c1acd,0.5083721321942626
nc606b1769225232,0.5013927855702386
nc608c1c66b66ad7,0.5019092409457044
nc609e13bab110dd,0.500517137468145
nc6106630fe76dbd,0.5028257208934889
nc614f7acaae9a37,0.4963937831279337
nc6170ad245758b6,0.5038593329311037
nc61e55d166755ab,0.5042219203545376
nc61ead5fa71f552,0.49609517768950256
nc620fca707e072c,0.5029538661763372
nc621cad1bc4d651,0.5113761932025217
nc6226d5bba88055,0.5040506248957909
nc625d15a042e18c,0.49716808803076096
nc62ad8479a5c9ff,0.5086864578866231
nc63adab07e95ad0,0.5040047514565811
nc63cdbe4b05608d,0.5051937481412087
nc63d2dd392910f7,0.4890670870354892
nc649ddfe7fadd5a,0.49009767176017843
nc64ae38f8df1593,0.5043093545737906
nc64e2777d9163b2,0.5010235537038514
nc65418b6357c9f6,0.49593302264499123
nc656efbadc17c99,0.5031467533280795
nc66eec5e57fc6d2,0.5078937822512359
nc675a230a187c25,0.4986614123845581
nc683fd63fba9ede,0.5027320974900945
nc68661dc956cca4,0.5011235182468898
nc686e1264dc96e7,0.4983029563412918
nc691a282571aab2,0.49470324003772725
nc69d3e0228f74d5,0.5018858669596611
nc6a5c5e4ef18e0c,0.49763711971030233
nc6a89244a53f6ff,0.5039039525240732
nc6bdc83911a2dc8,0.49627088764131966
nc6dd180067b276d,0.49879610118651313
nc6dd498c96f734f,0.4972883340152187
nc6e2a54c4ae843a,0.4964966198355871
nc6e7d37985ec568,0.5056712066783933
nc6f26686a3e6782,0.500491470151484
nc6fb8a3a33db492,0.5008544068379487
nc7083e9eb15bca1,0.49946659802157944
nc7139df807a9363,0.5028636655449896
nc71c8e355f97e94,0.49628307586454873
nc72d42114cf2c80,0.4949347670782867
nc73249131dc2eac,0.4979690697398379
nc743143afde3ec4,0.5047187508221381
nc744fa3d8a6ef17,0.4998155654613816
nc7480047219a318,0.49889532718634655
nc749a5162061309,0.5023229102739418
nc75466e2befb912,0.5035495700101893
nc758232edd6d1b8,0.5007526525074525
nc7587972efba437,0.5043671199084511
nc75f3c21323fcc4,0.5034798102451538
nc765098aa9c683f,0.49759243775318196
nc76b87784edf04e,0.4939782906393483
nc7834575777cefb,0.501694825491416
nc78360fc07b4882,0.5010458084670474
nc7866490244653a,0.5016385343926917
nc78b586af5bd1e5,0.5029296311772454
nc79494f743907f3,0.5066926549454747
nc796ddb68addc08,0.49892755553703216
nc79999909956f87,0.5028082203964238
nc79abbc93487b55,0.5016402510431234
nc79f75252313bee,0.5043262828371129
nc7a11f16b6402f6,0.4967274871444025
nc7a5474dda1c612,0.495851151233729
nc7a71e55a872a9a,0.49716587556525504
nc7a8b054fa881fe,0.5063259928978423
nc7bfd845e4e3adc,0.49592141710476906
nc7c1d42da23b034,0.4947037162854475
nc7c222bed6b271e,0.4957994777627935
nc807c72eb4101a9,0.5031655348348028
nc813e6c32cd56fd,0.4970167679357272
nc8141ed0e81ba5d,0.5045713944903094
nc81ed7643e94168,0.49986400978581985
nc8308fee245dd8e,0.49800913925882245
nc83237bf4b34e14,0.5025947085172368
nc83c4f449fc0d48,0.5018693495750529
nc83e7256f9ce5a7,0.4979817130654347
nc83f535b893d43f,0.511347682567696
nc8417a81dfed643,0.4931743045114622
nc841c177fd34d1a,0.49725742830773406
nc84903bcc78a84b,0.4985473591236342
nc84f65ec944ea43,0.4988029142325233
nc852954dfebbb9d,0.5022208512597971
nc85902e91e59103,0.5088054837364482
nc8599aef73f6744,0.49793745656043376
nc8661d5502a5f02,0.4971754556666403
nc867d9d0fa8f0ea,0.4991737913183887
nc8758ce78039c39,0.4964709964961956
nc875983fea7e4b8,0.5017539067983513
nc881ee654a3b3d6,0.5005751745796247
nc8a03a225afbd4a,0.49139868976093437
nc8d0ff1475396b1,0.4965219002660395
nc8e1c9bd9622c2d,0.5027634580505184
nc8ec3ee5d3a3dc4,0.5012052493534608
nc8ee4366cd3f76c,0.4944558217758978
nc8fe71a093ee738,0.5070262422546883
nc90bc21d10108e0,0.49704264882733035
nc91a8fb25909577,0.4976163686286555
nc92e9ab98721171,0.5024066467187759
nc9334bc7aa9a31b,0.5001435473011322
nc93c9c9e0f7d60d,0.5021907542884718
nc940f06c269aa9e,0.49725448019183965
nc94f37288301f8c,0.5001172950697707
nc95724b5188432f,0.5053888839942928
nc9683f027ad3309,0.5107603440033414
nc9727f4632d7c30,0.5032092634926608
nc97342b504adaa9,0.49903472641113034
nc97826e3e0f8b78,0.5012951048190055
nc97a1753e358b96,0.49689244352943757
nc980a8b9468e399,0.4960099415069197
nc982083996eeb38,0.5010821949863482
nc9832b6275718a9,0.49828195314008333
nc9946528f9c447d,0.5088291423672267
nc996c2a4f8f4f47,0.5004524670602211
nc9a0d6d504c8779,0.501762586846149
nc9a981dfac46af2,0.498536637464882
nc9c6ccdb507b598,0.5035112218676849
nc9d23cfae39a558,0.500069245325709
nc9d4ea67e51c9c8,0.5077022462586732
nc9d8f87de9d4bf8,0.4964777353690665
nc9da9071921910b,0.5004025208433902
nc9dba23ede2bb49,0.5003002205650096
nc9ee2bd28956597,0.5082498011782529
nc9ef797a58c908b,0.5028229378231264
nc9ff0508e833664,0.5023659161052126
nca1d5480136acd5,0.49873544580180046
nca5bbe6b4f77e08,0.49421791158890466
nca736700e6b1bea,0.4989858058404868
nca752502e2c55ef,0.49919884313482626
nca808424616f460,0.4955311369152261
nca855066849f8ec,0.5097131215464707
nca857c87ef9d730,0.4996043254772408
ncaa0b0ab9e36655,0.49978358843828813
ncaaa6313b4cd1ed,0.503927394054303
ncab917fa24bbef0,0.493253627111086
ncac1eb87db118ef,0.4968947542945024
ncad9f6716cbb08e,0.49356810319600875
ncae6ecc03178f89,0.5001002570695896
ncaeb20e1cfad91e,0.49757323366833345
ncb056288ae6d0f9,0.5018394838415604
ncb1503e453919e9,0.49625880788803606
ncb1a0435879b1ab,0.5000971140124548
ncb1dd565d501f31,0.49939997821384813
ncb24948c54e935b,0.4926965976668497
ncb2777f68092787,0.5021874053325656
ncb2d0c8f674d3dc,0.5009697194771926
ncb2f9ec9c2372dd,0.5054966612666882
ncb373fce4efbf77,0.5069503329781023
ncb48f5dda878d86,0.49474492447115065
ncb535b3a125de3a,0.5050094305565899
ncb571cfaeb81b2d,0.4995054771026805
ncb57f0c978be12a,0.49446301517908087
ncb5b8e9d15e4ddb,0.5015155694137626
ncb62c6a4da5efef,0.49428025221579613
ncb6eeae129342e8,0.4933211969669289
ncb73ff06289308f,0.5009667180744432
ncb7c24a5ae83062,0.5026416098992912
ncb7c3082ef83736,0.4979821041603167
ncb7d7543cce0960,0.501701049364793
ncb7e6958b0adf9f,0.5059357093231452
ncba366111c363a2,0.5048476950081325
ncba6f0900a90d9a,0.49832815702223177
ncbbe42e1024e2eb,0.5031579340103932
ncbc7dcd81e7c634,0.4974307449513897
ncbc989fc044adcc,0.4961142320312952
ncbca2e14c70df98,0.5067056434988998
ncbd1229c91fd9e4,0.502225100432113
ncbe98727555025e,0.4984451093649584
ncc02585445f547b,0.4988695205304412
ncc02c8e9870d218,0.4985944160351626
ncc0463343847012,0.4987422360968283
ncc112688d888848,0.5008785145056001
ncc26ecb328c23aa,0.4962748861824393
ncc31a5ef79cac8b,0.4968529551987714
ncc331a96aba7824,0.4991827795670368
ncc348d00dd7ee19,0.5008456760340312
ncc65ee089eac3b8,0.503287975025603
ncc676b0872d5c79,0.4936377947763587
ncc6a7dc6b12bd99,0.4954338225835004
ncc7a94dc02c746e,0.503314813348189
ncc89bbfea2147ba,0.4961685250811475
ncc955867960742d,0.5010056515846196
ncc9df8d16a2faff,0.5000351141940231
nccab7cfeaa1f8de,0.49680499346266976
nccb747bb428abe0,0.5084299739829877
nccbd6a1cfef0fcb,0.49615997717086113
ncccd51f20ccae08,0.5019555813703622
nccd5139f00ff6d7,0.4947787011922484
nccd61c5bab50c9d,0.4939367970118883
ncce306f39bd664d,0.4992901076625571
nccf7ff34cd691b9,0.5009448699822991
ncd068bdab7adbd1,0.5002303222374365
ncd20df6f821a1cc,0.49766126633152225
ncd253b74b5dc6c9,0.5018510690832695
ncd367a39982a5e1,0.5014212028658391
ncd4986e00511090,0.5058440921520683
ncd4d46b53852482,0.499627534071601
ncd65f287d924390,0.5069579513815214
ncd716b687a6a619,0.4998290867727702
ncd8910cf9083af3,0.502459178194766
ncd9b1d34d8ebbaf,0.5066406075996903
ncd9cff6dfebd05d,0.5015292239024843
ncd9d6ad53504260,0.5027754363827005
ncda4e22318c408d,0.49924412354853637
ncdae1ca1b6fdc09,0.5007897023014957
ncdbae38707126cc,0.49827576130669177
ncdc001be91ca60c,0.4959867225699663
ncdcd249dbce1ca4,0.5018479370233238
ncdd69e1daa210b2,0.49986108511415495
ncde2ca71d8115cd,0.5018536430375286
ncdec41558eea3b5,0.5023260045813938
ncded0572229a748,0.5010657492514581
ncdf22c2a6ec583b,0.4928226580910671
ncdf73a096be73ac,0.5056996280671195
ncdfc15f81b571a1,0.5004186090343797
nce078bfcca0c311,0.500985814368252
nce1079247768b9e,0.4976610250721144
nce2e9f2934026ec,0.5022849327296341
nce306266b913369,0.49827200782537767
nce39ae7c683e1e4,0.4982009674334698
nce3ec7891e680d3,0.5003441774249326
nce407f40944f312,0.49785234739786655
nce475335be47106,0.5048506640071623
nce49ee693b7cf15,0.4978950828394363
nce4a571ebb0af48,0.49538042596352755
nce55f4ca805dbde,0.5014016004645848
nce58c4ab0c2a9ea,0.498791608557586
nce5a4bc8cbbebbf,0.49404946736922173
nce60eb7b18aeccc,0.5020522277846167
nce6e00a6a06a55d,0.5007059390305627
nce88a9d35126185,0.4963915699085908
nce89d40388f4fb0,0.4948817167186986
nce964719f89a6c3,0.5038137108405871
nce97f47928bd424,0.4987014359573692
nce994344b814407,0.49585203833891184
nce9dd5e996966bc,0.5027630206460665
ncea1b2470ed5e94,0.5055824850632182
ncea64a5fea45851,0.49959272539630395
ncea7148c7fead4b,0.501664615788364
ncea92b9ec8ff8a2,0.502740934359934
nceae21b2fb988be,0.5044120899961548
ncebe17f7dc7f8e1,0.5000596870952665
ncecaa68a8cc54e1,0.5011315217348747
nceda4ea1d557dfe,0.49597964866802036
ncee6bad499b84e7,0.4942901372802189
ncee7f109541b5ca,0.5048362055545593
ncee85bc2b500620,0.5043269479726463
nceea243f98c4810,0.5027510184832563
nceed6a033a3cfc0,0.5037039388577621
nceeee4c4350a971,0.5028977586010965
ncef44184f9d568b,0.49597738358787474
ncef852c763de1fe,0.5016142227430468
ncef9eade7dc9cec,0.5054288102107685
ncf03159f2916c25,0.49327537241509234
ncf03df00954b688,0.5065031879516863
ncf0a82e78ae2956,0.49555253523784915
ncf154bb0a6c6cdf,0.5022145118197701
ncf18c95e16c79e8,0.4969001698572106
ncf1aab79cc791ef,0.49922713483293313
ncf2715ed13e778d,0.49944380958081813
ncf35aad3156a90e,0.49599726270987315
ncf3b52d0df96d35,0.5060206469543009
ncf478e32491ca8a,0.4950667500102686
ncf52b3074541282,0.49909440253048826
ncf6db19eb688fd3,0.5037452270565976
ncf758f080f005c5,0.5004515450065982
ncf75aa05aca2a9f,0.4982430299740921
ncf766579b992745,0.5022639018191071
ncf7f6399911112a,0.5082196779759456
ncf81c4a04bc1139,0.498071832381494
ncf82698e6495f15,0.5098271482902454
ncf8537b98cbda5b,0.5027303273472626
ncf8571a5f89b748,0.49622296749677364
ncf930ba8f737787,0.5040398740719738
ncfb14c34a927c54,0.5069486946520881
ncfb91b18f25bac9,0.49871422636044754
ncfc5703ba9ec869,0.5019820843049243
ncfc73da26bad987,0.49794813900416596
ncfca346a0946735,0.496678105523731
ncfcbd721c20bb15,0.49895765481296533
ncfdf367b20dd6e4,0.4936368566639436
ncfe7cdd548d40a4,0.49465378620565814
ncff0ab10da0dc08,0.4962629625488567
ncfff8f822d2e318,0.4993169342605042
nd014161414e2aab,0.5048001178772495
nd01b10f0aeedb70,0.49962248230904116
nd01c3ac1ea3ec07,0.50222961356099
nd02bb8db3d98ed2,0.4949699293710508
nd02c09cdad49271,0.4989376738099495
nd032ee0e9bad1a6,0.49883967437314625
nd033738542e3460,0.5035412644651327
nd0365505b3a8c03,0.49742228157163526
nd04248ea33cc8c1,0.5078961465044327
nd043b9745be355c,0.507765434611686
nd044466bb32aa8e,0.4972423323738941
nd047799a02fbd3e,0.4999775213639617
nd0506f1a65dc2d3,0.4938999969153427
nd05a960fc9855a2,0.5031347239987015
nd05c53e6eb40296,0.4998742600357609
nd072bf4df327bf3,0.5011451683809743
nd0742185902271f,0.4937521797954916
nd07541a0270577b,0.5036165264544825
nd07d68cc7c6d741,0.503921754596014
nd089fb19d2cf8fb,0.49430205540311545
nd08df29ca2c0d98,0.5004667319885814
nd097fe1f823e6ba,0.49349483392568916
nd09cdf1c41e8e4b,0.5012183410881991
nd0c9e07f3459c37,0.4992625050054121
nd0cf10002c57778,0.4985596766654075
nd0de5e00f482737,0.5056600879038149
nd0e461603a93886,0.49838527261977034
nd0f02624faf19e0,0.5005654177419786
nd107d9edfae57d2,0.49774632486274617
nd1089077660d334,0.5034704511272314
nd125795c13609fc,0.49699054008744387
nd12e843690c8b22,0.5047681014540473
nd132019607008b9,0.5035688641393591
nd13f26f0774a03c,0.501492009183429
nd14221f63cac044,0.5013044559577241
nd14c73be521bb33,0.49984989671636726
nd1507e6f946d004,0.5012902948082051
nd15b507f424ff29,0.5049946663674934
nd1620a5a11835be,0.49449074488522
nd16db5010b4ed12,0.5001736111091794
nd1749db006b2123,0.4978704476652292
nd17d943191fc9c0,0.5019146825537915
nd18550cf6313970,0.5028336376052002
nd18e91099392ab4,0.4946349223235928
nd1902bc45c28cc0,0.5056266237860962
nd1ab60f723b92f2,0.5034082151991721
nd1acf872d273fb0,0.4974808185688736
nd1ad6b67291dec0,0.49744635324444364
nd1bfa9c23cfbebb,0.5030755982009423
nd1c5be1c51f7abb,0.49961699014622607
nd1cb181dea13370,0.5027943298072688
nd1d0f84569173da,0.49630694123054264
nd1d3c42a6eb8bc1,0.4957758583629838
nd1d5a6154ab184a,0.4986115180889626
nd1eaaa13fdb8450,0.4896899665517942
nd1eb7973fe27e8a,0.5017049167887708
nd1f49211df1c070,0.49585726460254087
nd1f880756b4f200,0.4983181109192946
nd1fcd06a3f31b85,0.49947963722140315
nd21a8f145cec7a4,0.5067264472493901
nd21d87dfe8bf72f,0.5051453614195145
nd2240af116c70a4,0.49784253222725916
nd230e925949b8ea,0.49720893167699726
nd2396f022d10e9f,0.5039044782470833
nd24a2ee2a67d009,0.49625850000650124
nd24e0c5a1dab869,0.5007745616219357
nd24f1ed0f41a5f5,0.49954395134075114
nd25b143d2e2b1be,0.5006982757574086
nd261f3d4b895a2c,0.5013482724021354
nd265979a222f194,0.5037597636062383
nd26a8cd5ff29900,0.4969652704812551
nd2757d756654a61,0.5111947289018868
nd280393d899102d,0.5064114780578354
nd28ea51b8b75241,0.5026595432316038
nd29bc734559e3f1,0.5072151935066916
nd2a178a3fb78735,0.5100417526266486
nd2a491459bec33c,0.4998649077721609
nd2a57c0ce5901db,0.49847252517463886
nd2b37d697279c0a,0.4958620656785571
nd2b53a33a86b729,0.4988262556091673
nd2c740b39177b06,0.49901653832820253
nd2d50a92fc1e520,0.5016013866008749
nd2df8b6c34e52e5,0.4987086079441829
nd2e0f026c1c8190,0.5003075514639769
nd318bd04b91bba1,0.5047188080092357
nd31ad88727c4b20,0.5004074112078174
nd339a2fe3fdd31f,0.4978389511251218
nd33b1f1f626c783,0.4990051563077136
nd341fdc932601a3,0.5025328344700575
nd353684065c70b2,0.49262401331960914
nd35965b1bf9dc26,0.49332730830830857
nd35a24b9ba2c8af,0.4968089756593939
nd3687b50602424f,0.5014471475063943
nd36f416ddc3eb66,0.4996517041952964
nd3702c0f1c04674,0.5013802807908349
nd3712d419c49806,0.5016433860866211
nd376bf77b05507c,0.49980988701811807
nd38810485d05508,0.5016167164274697
nd38a63c9dd0206b,0.5027505680556044
nd3a1b4148403281,0.498988972368154
nd3b5d6a7e1b22e5,0.502965427388975
nd3b686a671a2a18,0.49854633805025494
nd3b7598b15e120a,0.4937259300925683
nd3ba02aae6ba3d1,0.4966106952692571
nd3c188e6ddd11f8,0.4977116992880508
nd3c30669f4c8427,0.5003132583464011
nd3c56ad355ec43d,0.49968428751090355
nd3c9654b352e9e3,0.5037790343220538
nd3ca8026084ea9f,0.4971062884356945
nd3d94cd96a16130,0.4975128213936151
nd3de8f2e66f238a,0.49972915463243767
nd3df90652c004f6,0.5000125747774734
nd3edbf37ca1d5b8,0.4978630839930817
nd3f41b4d743a3bf,0.5014995715530416
nd3f6123c005aa29,0.49857510297101254
nd3fbc87c994c56e,0.5015576562415749
nd3fcedb288a4141,0.5014204204288574
nd3ff6741550c054,0.504601030936103
nd404de2b49a0e6c,0.49912094524343087
nd40575214ea027e,0.5103314899448346
nd405c0f4444c078,0.49679930905128233
nd411897379b66a9,0.49743856699160616
nd4193ab0126088e,0.5050416898956616
nd41cb101eb0943f,0.5060602682263233
nd425757dc2aa58c,0.49713200110383665
nd4273b0751c668f,0.49698935060062793
nd432d8fd590267b,0.4979930100953544
nd44028bc7828bf4,0.49413515673015224
nd448709a933bb19,0.5007384154719202
nd450e05d926844a,0.4968029915310626
nd4555103a4454e9,0.49415281014998
nd456c99aba20c97,0.49952196169577673
nd45893696da6717,0.50173720702134
nd46ab8a5f33392e,0.5023513607067185
nd46acb0e6959ab6,0.49796822797036433
nd46cad80c48c515,0.5004774100975803
nd4772df44380500,0.49786806551419793
nd4865d704128f1d,0.5024691566336806
nd4876cdd06bea01,0.5000969062751285
nd48cdae2def6c8a,0.5036221096888706
nd49e3519fa9801e,0.507416828826221
nd49fb85db32f8bd,0.49668617182847874
nd4b1e28d0ad7055,0.5045530569392663
nd4b7fe727174553,0.4956291768290256
nd4bf59db3c0619e,0.5043407255640018
nd4bfd24c8646ad2,0.49677943700785887
nd4d091daa4a8019,0.49795739943345513
nd4d0bfa088ac215,0.488182488555763
nd4e4e75e3426960,0.5122549937325785
nd4eb18399b35bc3,0.5081064501507985
nd4f549fc0f32419,0.498380917579074
nd4f57e2a8f2d3e4,0.5007680627909548
nd4fbac170a5ac3a,0.5055567494593458
nd4fdb826dadca38,0.5003873640707442
nd4fe61cb91f7105,0.5000543819327556
nd50cfb784247f2c,0.4939987624012995
nd50e48e158faafd,0.49831144304418457
nd525673a32ba217,0.4985746676652067
nd536aaff66b0c52,0.5025166808139606
nd548a8de441d58b,0.4980402215727182
nd566cf66e3808a1,0.502655267233118
nd56d91ad6c08bb8,0.4980388867181534
nd577998762e8819,0.4987769544665025
nd590fdfcf123c40,0.49907940972018344
nd5a4ef149f45cb0,0.49676356522791065
nd5b28ade11ff321,0.5007618391043457
nd5ba248f63d7b87,0.4977790628138959
nd5baf9af9e43753,0.50478566936547
nd5bd97b13dd5cd3,0.49708478646481735
nd5bfd0970c990b9,0.5040610820495274
nd5c381a4406e989,0.4982920019196489
nd5cb0ca92daed6b,0.5026053071997032
nd5d2303bb4b7fd6,0.5025847964393604
nd5d3e3aa5a3ed5a,0.5022893488897605
nd5e2347a6cb15ba,0.49944486408313277
nd5e6756a2e98575,0.4971083644864805
nd5ee41ffefaed60,0.5031402145446001
nd5fcca21952998c,0.4958839068695229
nd60c7bd136fb5a2,0.5009095802787193
nd628aca9238f65a,0.5005486768047436
nd63297abf5a9bf8,0.4962847132500067
nd638a9a512861d2,0.49755819350094466
nd63ce50e0b93f76,0.49562280221738086
nd63dd1f6c95fdbb,0.49781063259078867
nd642a198592909f,0.5020541301815009
nd6462f967bb763c,0.4949841333352589
nd647bab5db14d21,0.49457057179555874
nd65603c5b60c5af,0.5015804489225423
nd65dd4214ec8e9b,0.49331644389984586
nd663cda5c2d27d7,0.49758565482736244
nd666bd768a9a0e1,0.5034535690580222
nd667f00a403e659,0.5059947491190163
nd66a6e270b15a09,0.5005807421513536
nd66ac0a95e5c116,0.49754174254457706
nd66de09509adb78,0.5018786604736075
nd671402bb3303ec,0.5010832900010784
nd682ddb45f8ecda,0.5030943339190831
nd68680595253d48,0.5002031231943378
nd69ea32350f22bf,0.4981777661079934
nd6abb61984fda50,0.5057033745888373
nd6adb1f81187923,0.49145335814823715
nd6b5fa615398cef,0.4933907893844269
nd6b9498666b91e4,0.4996499658484452
nd6bd6b2598f2b97,0.5022470716643848
nd6d3a5b421f5f79,0.4999111515416611
nd6d860d7c83caf7,0.5081637338591516
nd6da0efbfd28c75,0.5006615210741472
nd6e16750abd533e,0.4987164484067574
nd6e3ba472ccc943,0.500184254265904
nd6e6223d36eadbb,0.5068834543731816
nd6eeb105bdf9dcd,0.49912021487281266
nd7006537f8b8fa3,0.5003094904727292
nd702fd31ca8e58d,0.4948154018744939
nd703bd869488bb1,0.5038297245428617
nd70ae5fdb0e28d1,0.4964240048512654
nd70f4c5a0b5f3a7,0.49822511706047395
nd727a19867c4a7f,0.500251422550481
nd7395f42d07258c,0.4992526465105589
nd73b14d8c96e705,0.5062772317076655
nd740be4df598890,0.49612097457405946
nd7414271d21d13b,0.5015632398374837
nd746972cdd10faf,0.506807224843988
nd74e801cc669b9c,0.49906231967721704
nd76e4465f243e78,0.4970464544277849
nd773284b6b4ba07,0.4976813628702249
nd78229aeaeac5c5,0.4976081617326795
nd78ee794cbbafc3,0.5021619579081948
nd7926328b9abdbd,0.5032061533230424
nd79629ce498fad2,0.49973328929687005
nd7bf58049fbd880,0.5042446972256913
nd7cc1bc614f481b,0.49694572117509517
nd7d294350cca3c9,0.49529957060800595
nd7d8eac37980866,0.49751434162271535
nd7dc813c3e83b6b,0.5040424905791993
nd7e63522d04d110,0.49531992146312515
nd7ef2a3b8c1eb6d,0.504094940826872
nd80a69b664f03c2,0.4948677354131218
nd80b43bc67fac64,0.5023726656019539
nd83326af885c453,0.49307362021766915
nd835d5280d0e542,0.5026437739912893
nd8474fc978fb7e3,0.5062419361692281
nd84cdaded5f948a,0.5022388854106182
nd84dc9c4f7568a4,0.50100039241014
nd8611cfa3412171,0.503158799938453
nd86465d2c3103f3,0.5000326227353394
nd86a86fa521cd15,0.5000880531054271
nd87ac70e8550bd8,0.49978497613185685
nd8858d7af65c74e,0.5002192001455895
nd886b2ae3829258,0.509017454890491
nd89d29e7a098ee8,0.4972163797759622
nd8a712ef48146b3,0.49912722444089663
nd8a7a44cb251d95,0.49628481683610737
nd8a8508a0bb236d,0.5104368041600542
nd8baccb243bc29d,0.5000290986571682
nd8bec0ac78ab2d5,0.49862591444729526
nd8c42a8b7d3dfdf,0.49542316235618866
nd8c5c2db5c0a0bd,0.4989284302709173
nd8d94e77c23727d,0.5037312482358652
nd8da3071bff41a8,0.49364331522215743
nd8e6a3f63869a4f,0.49926918764819356
nd8ecbca575de5a7,0.4949182657935007
nd8f1fc339a1b641,0.507306723436922
nd8f298b600e3266,0.4965661319267027
nd8f3ef7af3a4da0,0.49425862582326235
nd8f5030a96b10f1,0.5124654277693879
nd8f7139ad4ea4ea,0.506361984982931
nd8fa07741993a9e,0.5002191290674485
nd8fcd6aaeaf3cff,0.5010641541964315
nd90848c9d2a8aa4,0.49759554382069826
nd91309a4e98ff1c,0.5017277761204001
nd9168eeb890b536,0.5002903968030024
nd92111f1cf39d65,0.4992836607805194
nd924989afc9621f,0.5007441831775393
nd9287b567b447df,0.5025602953515185
nd93299009996d45,0.5000555904268662
nd937794e77009a2,0.49506100872912007
nd94d79cb56ab542,0.5008902644950952
nd9514ce9ae8eda2,0.49619981301131916
nd95f9b12f26ba41,0.5023078437162314
nd96220509721fdf,0.5011290562693858
nd97c3cf3a403c6c,0.49678537857750366
nd989c16f7f36958,0.5028010312358282
nd98d80ec6f7db8b,0.49826656485111104
nd9a72eeb702e992,0.5012366835746116
nd9abe4fcaed9ddc,0.5013271774904853
nd9b0016b526ad29,0.4978252799801983
nd9c4ac6ce5edc81,0.49891209374896184
nd9c66be67e71bf9,0.500175072700505
nd9c8a9857a94709,0.49756022198544464
nd9d03b77da5aa9b,0.5006219581885946
nd9d576f5e99074b,0.49825769583112667
nd9d83cac860ced3,0.5008208031042282
nd9dc6b74f619401,0.49610599811175893
nd9df405387d4175,0.4987355734038606
nd9df57fcef062fc,0.5006760726895408
nd9e347570ef441c,0.495364550588664
nd9ee1ae81ab0055,0.4976234114211918
nd9f198a9cf0d25b,0.49485263987102523
nd9f305879159261,0.5016840162944457
nda1349ff83821cd,0.5067345935814501
nda20cc101626e4c,0.4966851296397083
nda2b1a6733c5ca8,0.5020807275752438
nda3cfa7eeaf8523,0.5051007195211559
nda72c87ec55d151,0.49972960139030387
nda77289fdf85380,0.4991994409911376
nda7c25b8116cb07,0.49855079692809423
nda8a5965e2ca646,0.49803060307771924
ndaaa2fb1dba2e0c,0.5046120849359674
ndaaa9a757c39acf,0.5000116416524377
ndaab4cda9ffd5e4,0.4926228108832914
ndab9144a71e13f8,0.4989564703082994
ndac5205e5de73d7,0.5017307304174681
ndad3a70dedcbdc9,0.4976003675689729
ndada9e677b11ae8,0.49760255264282405
ndae162945adce60,0.5020996628731408
ndae1d4bf6410419,0.5086159142899688
ndaf4f33bf4f7cdc,0.49529648246684005
ndb21c487d3d54ac,0.4977474910679597
ndb2e93c3ac6e953,0.5073322041893831
ndb305c20178773e,0.5063146878100554
ndb3bd99df557598,0.4977877926069189
ndb3dad6a40d3451,0.5017356601777737
ndb42678b370003f,0.5025610007691828
ndb50aa118588cfa,0.5041658251843144
ndb602f705d1d134,0.5061333364777474
ndb67dd3fc69499a,0.499235378853016
ndb8946f53fdd909,0.5031293499693219
ndb9da416f8adf1e,0.5012551662231688
ndb9e25e2f88633d,0.495392134677005
ndba0acc12bd3489,0.4994482198495364
ndba6b1ed338e655,0.5063160039534422
ndba8401ea3c14fc,0.49485306400338197
ndbbafee16a98a83,0.501834296753929
ndbce1132d8532c1,0.5005043640355682
ndbce454a6fba26a,0.49886389948743926
ndbd38afe9a848cb,0.4980618626502936
ndbd3eb300063fbc,0.49961488935856097
ndbd9da26a700e16,0.49965733853067584
ndbdbbcd9a7d0c3f,0.5031328746763869
ndbdc9914883283d,0.49851107218354135
ndbe2097bca0b19a,0.5026649635576443
ndbe4255763cea90,0.4988761146662927
ndbf6f5fd6fdaf4c,0.49917709676293903
ndbf83b796b1326c,0.5015960400261588
ndbffefc71c63c38,0.5074375946973838
ndc043923687cdac,0.49893383946698777
ndc0e36920959dd4,0.49812180244734555
ndc17ca7e4cbf3fc,0.5028070063533119
ndc1852625a50aba,0.496787692501719
ndc1a34ccecfd02d,0.5027776789389845
ndc1a5c6eebb8098,0.5137358817474358
ndc2623f1076814c,0.49854461083525076
ndc2cf70b58d7ccd,0.5005903556783933
ndc2f15c426067d8,0.5041451991871202
ndc377d31f045bd4,0.5041006319549318
ndc389e4082a6a09,0.506120192870397
ndc441cc1eef6d81,0.49697250946289584
ndc449f824c9e9e7,0.4971683843577074
ndc478083297bb03,0.5005525745934224
ndc4c728da08c072,0.5042909115538132
ndc5c164bbb2f490,0.49601847728824866
ndc61178fcce8221,0.4966653513902487
ndc65630aab4a627,0.4991974413842813
ndc696ec0c10c47d,0.5049866703863801
ndc72aad2bd44d48,0.49999221364276314
ndc75206b7918abd,0.499873567139704
ndc770ec9538cf99,0.50038796377988
ndc91d9477d03063,0.49829910536538463
ndc9967337e371c3,0.5058194715212647
ndc99eec4201ec7d,0.5010508105966605
ndca73bb3e935441,0.5030401683788337
ndcb45e8051f1bba,0.5038707327838122
ndccbf677fd1e462,0.49848258309699384
ndcd11d1af22ee33,0.4975192757466627
ndcd294871186fab,0.5009448117605974
ndcd32cb7abba9f6,0.5031018053476938
ndcd69fbc3f5fc02,0.4969357603871643
ndcf1a232a910709,0.5072232909677512
ndcf1c175354920a,0.49876897195222075
ndd03366e1dc587d,0.5007195369687528
ndd0b05c48900e32,0.5019048457037221
ndd1b7e31960da6e,0.49948328676881265
ndd1cea9623057d8,0.4939602322022396
ndd216838a9d41f2,0.5039586601527534
ndd3ea3ce49fc564,0.49383347624321844
ndd42133d0d3fe4e,0.5044539021934791
ndd557bbcd5ba4ce,0.4962408422147611
ndd62607699213f2,0.49785212941575147
ndd652deb6f00155,0.49655195545850783
ndd678e15d2f313b,0.49840939230161674
ndd69da2e35f65f7,0.5010954424065419
ndd6fcc54787c74e,0.5059299948739462
ndd8302ed28046c0,0.5004845387911785
ndd835ebe042348b,0.5041109153266338
ndd93c4346d45138,0.5047714994906521
ndd9ae6e8030ae3f,0.5031825970350349
ndda31d9465e9063,0.5028846247951145
ndda5b8e1c5bc301,0.5041073500294585
nddb365906102894,0.49754598347483175
nddbc118b5bf3616,0.49785061335002156
nddc273bf4c2fa7d,0.5020264700158195
nddc7257e7092eab,0.4945048424118786
nddd92e1c10b33d4,0.5009133221988502
nddeafaab080959e,0.5005634643377163
nddf64ea30abbc1f,0.4974108026587075
nddffd5de8e1a2f4,0.5010002967542032
nde0aa99d263dbd7,0.5001496651842238
nde2a2794f228f1d,0.5021326354529726
nde2ec6338c3d114,0.4968843891456245
nde3979e8f625c1e,0.4928058753692089
nde432875544dd71,0.5024075609533828
nde4e5650c277da7,0.5012247821572693
nde5950f7f963094,0.4991673508429513
nde5ad4f6e92c22c,0.5038728406873602
nde5bcf0198944c0,0.5087417724077602
nde7d2f5a0bd5f0e,0.5076895194498694
nde84d68564ae826,0.4979708369367022
nde96ffad955e7d2,0.5005492659073378
nde9f9cb04a0234e,0.49576441892414547
ndeb06e0efcddf90,0.4938265206373084
ndecc06783801d54,0.5079594953276896
nded1f0a1c781d39,0.4998296934540725
nded33212f06ef3f,0.4994032124215188
ndedfb2226999dbb,0.49794929241954783
ndee363d368ce100,0.5062263571003055
ndf0800bd6beb266,0.500710186190407
ndf0adb841723376,0.49486302076203614
ndf0bf00b67ca969,0.4985627652288896
ndf0fa6adef70c76,0.4989743217657984
ndf1395940572cce,0.4972193308509228
ndf1981fae48b353,0.4961690505904507
ndf1ebb4f0b6bb21,0.5030578961371209
ndf1f9aa17b1a3f3,0.4963625740001051
ndf201785cea860c,0.5002553695256928
ndf3d43069408421,0.5080613215706
ndf3e05c9817dfab,0.5004397749959264
ndf4bb71f0a63a39,0.5008440815478371
ndf611baed542621,0.49840663755779036
ndf681e47f2df0dd,0.4952021082020185
ndf6b4d746b2feaa,0.5078090726747473
ndf708842f650e49,0.5030565548810056
ndf8102c13356e2b,0.4941062147379222
ndf829b8099e75f7,0.50441200703422
ndf8f72a752440fd,0.49572562495838285
ndfb2ae474de64b3,0.4938799905379858
ndfc927ecdd7e985,0.5035306158698809
ndfce8d25ae5daf8,0.49470974064434636
ndfda1c78d6d2bb1,0.4975969510959449
ndfda78417496aad,0.4937011835439111
ndff0d4f8777e499,0.49628216305920414
ndff5ab35389318b,0.499350885094042
ndffe0617f71378d,0.5026175511971147
ne00a0848ed237c0,0.49823024086947143
ne00b6dcfc45795b,0.502363662649723
ne00d25132ccb3bc,0.49854444362568007
ne01f274d64bf0c2,0.49622041833092967
ne02395b34ef3e4e,0.5001194170416908
ne0284d15699a046,0.49707467549901924
ne02aa35f03ede4e,0.4986435540673472
ne04db01674b9b2f,0.501410260469794
ne063966d0876535,0.49538830889301005
ne068889acabff08,0.5048904858215345
ne06ba04a74ae1fb,0.49926031600402127
ne06c138ff14a87e,0.49928982223796337
ne078c72cff69197,0.49845443070443457
ne079537e31627c7,0.505001247801137
ne07ed81e750f7e1,0.5026463286492527
ne085a8053679c2b,0.503184663913353
ne08750dd069a484,0.5004755013041642
ne08e37fc42aa525,0.5043917952037789
ne09e93ac66835ec,0.49994906189235183
ne09ff4a4e9e5522,0.5023273660372525
ne0abf12d665808f,0.5002495244204344
ne0bfa5d8a112b0d,0.5010355286697387
ne0c0ae8a9d4d807,0.5000727886942145
ne0c4535d68f95bb,0.4940965001810237
ne0c4b72aaee71e5,0.5010979398831088
ne0db04bbd6dbaee,0.5016573464227141
ne0df5cc4722de61,0.4963209766337603
ne0e0eb2dd513c79,0.5059302523270068
ne0e1b19e1bfd08e,0.5064895460847971
ne0ed921b71cb9c9,0.5075380925630468
ne0ee8a8d3c358bb,0.499093594855153
ne0f2c65a0c69209,0.49923661938993796
ne0f40f1ff6f524f,0.5032012126235041
ne0ff6725c341a42,0.507678255799493
ne110c5e297bfc5a,0.49991324350660765
ne12cde1d015e087,0.5010804885922183
ne13993609c0819b,0.4993734562999852
ne13a8f9aa341826,0.4986819825603384
ne1514804992cd41,0.4953110719308261
ne15ca397f36ecc8,0.49475767844062724
ne16024cc66fbe40,0.50320800761112
ne161a465d5b8645,0.49998885102601154
ne1669d9f3570136,0.5047571996473277
ne16b7106fee832c,0.500803030442148
ne17725e435b2fc6,0.5044814521021487
ne178c1f360a2916,0.49729272458481794
ne18e8afb00b82e3,0.5040028989860501
ne19f2d28195e451,0.500943635018574
ne1a765bfe2248fb,0.5002855488934143
ne1aca720e57c222,0.49678770835656394
ne1baf5f21aab8dd,0.49761888797720316
ne1e34fac4594a9b,0.5021641507659377
ne1ed57a112016cc,0.5011689667568616
ne1f7ad9132c8077,0.5049968982307979
ne213a2fa11839eb,0.4979964269702943
ne2142605c3b1121,0.5001126094565278
ne224d639ce2da20,0.5018473694359926
ne2349f5411341b7,0.503435769871784
ne248aa1e8c01f6b,0.500593239109324
ne25e802a14f9b06,0.49660021135874377
ne2680ca11b543dd,0.49984651368746075
ne274a0efda48f66,0.4981518072976697
ne281f0282b88963,0.5047107703630187
ne286b987337e163,0.49674356159265104
ne28dd1c4285bbb2,0.5001741462490443
ne296d12c094987d,0.5016679248041257
ne29927a79590e3d,0.5013178479044845
ne2a1e1ba1ea2882,0.501947920792382
ne2a5f81281af31e,0.5015371193524852
ne2aeb5d451f9d54,0.5003127303117528
ne2b4036d053f140,0.5042467728553826
ne2d02f5aeaa638a,0.4977764987189668
ne2d6d3ac1669f39,0.49698230130648646
ne2d7a3abb38616b,0.49914341023624237
ne2ee50ccc4adb8e,0.4996659771266231
ne2f0fdc046c005f,0.4957067052775457
ne303b257e1e8f42,0.4984060515410699
ne314ccbbdf9494b,0.49962030389301737
ne3214ed6f42ebb2,0.5020763141580278
ne328ca43d7a6e4c,0.5079170837573436
ne33079698f07c63,0.5035452525685707
ne33c2614564d6e3,0.4992559282668118
ne3472c4d0efe5c2,0.5060563188054873
ne34da244bd00449,0.5040509410011087
ne3503b9b21423b6,0.4975521744100338
ne351f9e7bf60578,0.5098541088054745
ne358a7816f9c1c4,0.4998899630362821
ne36196b2dfa6728,0.4998881402476055
ne379ad20e6431ef,0.5068622726105352
ne3a4f361c7dfb85,0.503580614467776
ne3a9cc5ac56810f,0.5027469178680628
ne3ac92e1853fdda,0.49714388406021676
ne3ae9ce34692c93,0.49682955454556355
ne3b64fa3185510f,0.5033567595899483
ne3b9d3397aacec4,0.4990835760616107
ne3bb87a015c7ff9,0.5037618610734551
ne3bfea98a295433,0.49881009844144
ne3cd0ae18523dc3,0.5019139821240265
ne3d53d9d31f533a,0.4962582507710307
ne3d988bd3c40ca2,0.4984372696715148
ne3e7aab5c8aa3cb,0.5040909043665815
ne409daa91098b71,0.5004841735971975
ne40bdfd474a1621,0.49825804037734556
ne4166a2d0e6a981,0.4971775563903872
ne416dbd2a2a83e4,0.5025677754699447
ne4175a3eb5bf44f,0.5040295610632918
ne417f6dd5014f2d,0.5028481674867108
ne428af45ec261c5,0.501280061518145
ne441dddec44c0de,0.4975975225882935
ne44fdb75361fdca,0.49626926059489124
ne45b6b598c3a010,0.5010151267118765
ne467c9840001a0f,0.498495633356944
ne4767950fdc2077,0.49977985558193044
ne478402f293771b,0.4967501927149143
ne4864631f5e4d79,0.49900049387057216
ne487e493c13fef8,0.5003686314989484
ne4912f3d4547a9e,0.49304753890389047
ne4920eab1427a4d,0.49941304533221054
ne492ade10d323ce,0.498719544743903
ne49758ba8c6aeab,0.4991670195832313
ne4a29b47690cb68,0.5041682820767344
ne4d85c9ddd65fa2,0.4981815038385594
ne4d8a5510761afc,0.4955503340590613
ne4e5d4fffad6708,0.5047947835283652
ne50be16c5e20cd0,0.49736971986182643
ne51677fab57ad14,0.5018226199216262
ne51ab9c20a85b4b,0.49884328694035
ne526a99b4f4c474,0.5020342157578636
ne5296055a8e1a64,0.496373255680006
ne530e074a9b2ed1,0.4961631415939924
ne54cb888cfab1b2,0.503813803177644
ne555f0aa7c025b7,0.5014831159311683
ne565e7e0fa26d2f,0.5016530258544746
ne574d189dbaabb3,0.5008704366401809
ne57bcfca0a6e02c,0.5025878877042663
ne57e504c7b8edeb,0.4957013980087346
ne59955a6580e663,0.49893264260894954
ne5b4f475754503f,0.4965513914552116
ne5c1360a670d93d,0.49854819771401576
ne5c9252741c5576,0.4966229217160452
ne5ddc068e1b5bd2,0.4982053070238261
ne5e49b82597fc20,0.5003309273332918
ne5ed03fdd6ea873,0.5052853991399879
ne5edabb2dfb98e5,0.5006217009168472
ne5f107eb186b86e,0.49807557082583387
ne5f56b9b9822bbb,0.49716057682284537
ne6095f4b1acabee,0.5049423751954876
ne61474ec80bd290,0.4982717429441714
ne6232e62b7a5a57,0.5002829184737976
ne62cde909cf82d4,0.5002889429713127
ne63bb2738c38fd0,0.5047002032622604
ne644b3ec9f7b6c0,0.4969637202524427
ne649306129b1599,0.5017987258205405
ne658e4db1b63b69,0.4952575106041632
ne6688171224b590,0.5007055475941018
ne6745b725bfa1c1,0.49964439844979147
ne675e3fa82cff56,0.4986184200345996
ne67d5f7199eccd4,0.5069086880141659
ne68327c016f202a,0.5036541674535672
ne6884dcebe96727,0.4944862303346601
ne6885cbc20a610b,0.5021975078277132
ne68c431f34c2527,0.4951557621143612
ne69a51acff66b40,0.4994107203080604
ne6aa2e2b351de20,0.5012636151151368
ne6b273f6549ceb8,0.4977961720689805
ne6ca5a195a6fbf7,0.5020966845894805
ne6e49da526bc2be,0.5019593054918174
ne6f443a484cd3bc,0.5008273514101897
ne6fd29d5d4915b0,0.5026706996955084
ne70b51949d41197,0.4985644351406356
ne726a3bbd3916bb,0.5031242841984014
ne74986ba868edf5,0.5010518789368823
ne74ea1c2c059598,0.49907796489522305
ne750b0e7da511b5,0.4966345274264119
ne755798351efde3,0.5096786343941673
ne758865d4a042cf,0.49629726443723104
ne75917793c9c712,0.4975235628716448
ne76e3cdd54378e7,0.49763364952111916
ne77a9cdba682b49,0.49998219083883266
ne77dc11e63ccc62,0.4963900185562306
ne7bfbed3012a896,0.49821402643181234
ne7cfac54eebaceb,0.5002128110813794
ne7d3e0fd7338bf0,0.5033174679195417
ne7d669a2155a244,0.5080069150565851
ne7dbd3d743535ae,0.5032449121269079
ne7dd7665f756d58,0.4970120846318572
ne7e3760efe46acc,0.4904888991728134
ne7e5f85d9a9d6f2,0.5017812300133119
ne814452d70b7345,0.4971559907594044
ne8264dfb64991a1,0.5047247787296398
ne82d5b17933c23a,0.49574756548400384
ne847df9164083f7,0.504237843711687
ne8571f73d0c0fce,0.5061745819868694
ne85cdd2b4263575,0.5001414879924756
ne85eec1c3838953,0.5100627848194628
ne875f4b68580528,0.5000275882553652
ne878193628815d8,0.502517409921341
ne87928eedfab9ae,0.4941587533479014
ne87fb163bd67741,0.5002920390876268
ne8851ee83c66681,0.4974135910396976
ne894f90f7c6e05e,0.5045134242926574
ne898a5afe0920b9,0.5011068223339602
ne8a6cd2c6e0e19d,0.5001402638977785
ne8c4e39498dd597,0.5005733420739984
ne8c88b75226d253,0.499413425727133
ne8ceb6acd472f9b,0.4947315098617116
ne8d66db9dbf86ad,0.4987003930856404
ne8de4184781998f,0.4988577153367711
ne8e24cd42d76a97,0.4993400473351889
ne8e3e9b36fb698f,0.5059762655807913
ne8fbaec47087703,0.5077388616975352
ne900fa98e1242a6,0.5042065911553809
ne902bd6cb35f776,0.49700489957466726
ne905c536c0e6c2b,0.5055716984524582
ne906a17f020d40e,0.5033534050467225
ne907f72a3cbd9c3,0.5040429807223655
ne90a84cb19a950a,0.49822512803081853
ne90d2bb1a9a0da9,0.4994320521313565
ne912cf4b1fa0299,0.495236149293623
ne923c6601b3ce9f,0.4997469689398208
ne92fecf5508f1e9,0.5040581271032318
ne9347b6c1fc94aa,0.5009237103014258
ne940f771a680593,0.4954840071945621
ne944d26b1f486b3,0.49907380551102315
ne947303ce880c9d,0.5014422385688705
ne94fb9c8a2e1d46,0.49733781497447554
ne955d4b4874295a,0.500258992919437
ne960458edbc7080,0.49476846615476444
ne96a2c09b56cef6,0.4965116947450699
ne96df7d3f4c7ba6,0.5026652126744922
ne98dfe8a69896e8,0.4986090815088981
ne992ec414eebbd3,0.5009156450997274
ne99997ff399f852,0.4980396143149424
ne9a3d5b55846ba8,0.5019274811786121
ne9bf08c277bb9eb,0.49937023888954035
ne9c39dc18cefee0,0.49651200814910235
ne9c452f22867ed2,0.504569019944596
ne9ce5721a7ca54f,0.4998973682596081
ne9d50e99f0c6248,0.49688919402685827
ne9da2b115dd0dd2,0.5011014290124965
ne9dc505d72a940c,0.49978299239046114
ne9ef95f11bd0751,0.5067814027769835
ne9f2c02bbfe3393,0.49932953328907953
ne9fd068bcfee8cd,0.49934404808919064
nea08cb9f3cc932e,0.4965467004577566
nea0c0f182f31685,0.4965852358746746
nea1847cac82b424,0.5034873683538809
nea1cf7c0424a7d9,0.4937206752231256
nea2f6beb7c66e3c,0.493864706552956
nea365fe1f7e6546,0.4999288917714941
nea614d9b6edf96e,0.49960690913028916
nea75004dceee0e6,0.4957192931953972
nea7e16809542596,0.4996660355836473
nea8f62f2b108d7d,0.504183703664346
nea9769ec80b0a4b,0.4977416746417041
neaa1a0d6dccf257,0.5012566519108222
neab1ff667931456,0.4959696395875017
neab5720dd5c1c4a,0.5030812667051726
neac2f7033e251cb,0.48803325086398447
neac4568950e0d64,0.49693876766319056
nead2c0742e18f1b,0.5011228449778676
neadad4230ca3d02,0.4983890318357834
neae0d8fcfeb268b,0.4966635587354727
neafa3d7eb5e6f9c,0.49535380968536175
neafc63fd86d6c9f,0.5052280074288032
neb050ca8534c940,0.5017591682960401
neb14fd46b7e30b0,0.4998255100194061
neb1dc0b3e703822,0.4984617788778124
neb38db1a93f9f11,0.5020248811681786
neb55cbbc293cc2e,0.49910361078371535
neb67800c2cb7309,0.502330151181877
neb67bceb76bce6a,0.49381194876262824
neb7716eeaaa9a94,0.49542118706101895
neb78580150ca52c,0.5028351500193357
neb85534ea40a6a1,0.4987998072688247
neb85bbd034c5c2b,0.4989389530344215
neb873b8598e3543,0.4978449682697146
neb8b70194bc9451,0.5063189409210415
neb8b8afbc1642b7,0.5021173171297107
neba6e38055480b8,0.49250672125277634
nebafe370947fc92,0.5047264251832927
nebcfbd42511258b,0.4999084411326203
nebcfd7b2b7c6e7e,0.5039313382651682
nebd7ea501ffb70d,0.4995155931248508
nebeec19f203201a,0.4986837937904231
nebf05ff24772902,0.4985706325473535
nec023a860f259c1,0.5031381082916458
nec2cabf71903920,0.5001210842710694
nec327687fcc1b46,0.49280224238933623
nec3324fd62a61c9,0.5056396653908591
nec45d40630892cc,0.4954206780839332
nec466d36a018da3,0.5070357731970574
nec4825be03b1691,0.49752531096139024
nec5b5b1d1b74a21,0.4992836551110985
nec5c94f63784646,0.49496709680667567
nec607099b3e9555,0.49852080677099553
nec61cb15bd5529e,0.49985242520110496
nec76c8c7a00fa2c,0.5000987034484242
nec8b775a2cb79c3,0.5041317216442103
nec8bb491630ee3f,0.5000339904189556
nec8eb1c59fe3b53,0.5020784780361283
nec92572ef86ddca,0.5014787464370258
neca477e2315e300,0.5021745006254676
neca88c929526b22,0.49989232429093666
necb170c75735633,0.4984329004767917
necd0f76b368307f,0.49953995810476814
necd3211e4b60e92,0.5022034565982568
necd7dff92b7aa3b,0.5012484060149555
necdb1edee04837a,0.49803130262309986
nece64a9ab4f11b0,0.501937927291088
neced11f448d0dc4,0.49653848238191606
ned09b3fc2f0153a,0.5091260481352385
ned0b4cd10538bc0,0.4969583522666602
ned0cb6726c6cd47,0.4972201174006234
ned163d6bf76ac56,0.5026340272008686
ned17053a12f1453,0.49978288340607446
ned19e133267ee17,0.49649760247541547
ned23161a4571b7f,0.49605496286599154
ned23d02c3aa1d1a,0.5036265082882349
ned25e5a861a931c,0.5014731560110194
ned307363611d43b,0.5023639256808289
ned3860d76100628,0.5012494823821093
ned5155b73dca5a2,0.49226396135714556
ned5e5542a288be5,0.4986847088374626
ned6e9cdcada4c32,0.4959897928059125
ned7dd1dedb87ea8,0.49996366921784946
ned894765bf9d798,0.4956985334886812
ned9962ced148bce,0.49804959776479224
ned9a2c3dc7ef1f1,0.510013256942126
ned9f33a613ee40b,0.5026061770723188
nedd83b7a90068bb,0.49720913998998106
nede0931b2531b41,0.49977235440819057
nede7599410cc8ad,0.5021983569461307
nedf2d1c52efa417,0.5043750155041279
nee006daff03a2b9,0.4950620272478355
nee0216f4d7c8400,0.4983549721157362
nee110d3474fc33b,0.5057874706488782
nee1475e498bebec,0.5021599952531104
nee23e5fe72049bb,0.5031579035777541
nee269c62a522495,0.49293605422484404
nee32ddd29a60e53,0.5045478953392777
nee4d9a8d98759e5,0.4976605964990786
nee5d64d7f6356b5,0.5030800011689955
nee5fc8d7b381bb9,0.498374267518225
nee776d30c455011,0.49932242221209205
nee7e640de241851,0.5047879097887353
nee82731ab5fb1d4,0.5047345365596787
nee82d14218df6fb,0.5030461041842479
nee85d089a0f08b1,0.4967599811685331
nee90ffa2992e716,0.4966505750234039
nee9dd132ac0dfd2,0.49948984923772555
neea8e433e52f54b,0.49704971211247523
neeb1eed3f05ab01,0.49772815104658863
neeb438d55969a24,0.49863766102694257
neebdc1d9c09699c,0.4976314388018064
neec7fbe20e88146,0.5032308209851065
neecb45952d49867,0.5036052918538857
needbf82e4a6a36a,0.49475664835420696
neee1defc41f6400,0.4992496546840177
neeec6d3a036a599,0.497942648248971
neef142d3388eb8e,0.4982599795160558
nef2185d26985032,0.5039278837564483
nef3f59d707e65bf,0.4976556550658199
nef48c4b52195c3f,0.4995498778508522
nef50e33f01da9b1,0.502749465625986
nef62526a39ee1ee,0.5017465791111854
nef7437d4b7a08e3,0.4978372936191513
nef78dbf9b1412cb,0.49174430314596107
nef856e35c812526,0.49908211688483634
nef889340cb5e18e,0.49632049730505107
nef927af1f218a51,0.49633769312912873
nefa797b41ce1311,0.5013594290557996
nefadf1f20a4cd9e,0.5001191069270372
nefc0a0380ada217,0.4924380662802722
nefe8601774d33be,0.4978606241689122
neffda37b673d6ad,0.49727778011998813
nf002c9d724d453d,0.5025186530861908
nf00c9313dceb9e5,0.4954669673436969
nf0103bb06d2cdf5,0.49876213915825607
nf016e9420f500e9,0.5019079921524788
nf040fae7a1fd000,0.49636673248412105
nf04855897a6b8a5,0.49959407386629556
nf04b63c1f7ef723,0.5042261519930896
nf04d116eb72e0eb,0.5011423222585014
nf056e577b317e42,0.5005607205043905
nf06a6635243df15,0.504431443591103
nf089d6a5f9f199e,0.5052725028185379
nf0910ae7e5f6021,0.49737476901073613
nf09449faa8ed5a0,0.499303003249973
nf09f6769a9069cd,0.5016172335444401
nf0a5c7d5da60f92,0.4980414012489423
nf0a880cd02b8480,0.49222342573582173
nf0a983810c16499,0.5003349606030162
nf0b1dc7b7074e0c,0.4941902029603924
nf0b2c4d3948d213,0.503207073234166
nf0c28184e339ef6,0.5000513474622656
nf0cf251837a3138,0.4994234787769772
nf0d38354b05039d,0.5016189828976737
nf0e4f6123f800cb,0.5013925704622589
nf0eb3b2badfa1bb,0.498147175261772
nf0edf0924bec898,0.49869312394796
nf0f4e44b490f4ec,0.49650046761473043
nf0fd60a495151c6,0.5039198526198314
nf0fd837a3120516,0.5027683580793004
nf10442d1d05f8b5,0.5052259407662826
nf105897fbf99069,0.5006443799529331
nf109451ed572344,0.49883627488396587
nf10e36088c85a60,0.49687605889155906
nf1115a923c01425,0.49871404793825874
nf11a0e6e2e4a5f3,0.49925280190249977
nf11ffb26dde3d41,0.4958336202667782
nf1238cf14cb6953,0.5090609255268056
nf1301966b1155ef,0.505945346895326
nf13202631638e1b,0.4984777690596053
nf146b8c3e6e3cbb,0.507795056771399
nf14939584590d56,0.5061198027041564
nf14e94bd617a591,0.5011202972488846
nf1549007b7f6200,0.5101200734261203
nf16676a718336af,0.5005684258481973
nf171f9250862f13,0.49843102529251077
nf185033d7fb5e07,0.4966136843187404
nf18bfe4a2b49448,0.5000382467733233
nf19457c51969f9d,0.5070828444146891
nf19d64639f9a32a,0.5005036308770568
nf1a2df8b079c945,0.5053274113637234
nf1a3cf4f386cdc4,0.5016902309381218
nf1a9db9952b00a4,0.49457784646544256
nf1b296e4d42e9b4,0.49970396618802637
nf1b8700637803e8,0.4955556686903454
nf1bf07cbe4fdf8b,0.49441129847145737
nf1c455c365db1bf,0.50254617009869
nf1d178906c49440,0.5003713867729339
nf1d734669a4d7f1,0.5009714692141444
nf1ddcd5294096e8,0.5076696620020508
nf1f491171cbd37b,0.5001623016583217
nf1fa79b0ef6d10f,0.4992662038923049
nf2051d966f12c7d,0.4976039918936184
nf20983c31ddba2a,0.49857503934358544
nf2171d7d35a37ed,0.5004244743142722
nf21e242c526c6b6,0.510019227276234
nf21fe2c1ca4c9be,0.49479729729082755
nf2266bd0d8afedc,0.5066080303434308
nf22904186b430d0,0.49987607700632863
nf2311a03c4fb20f,0.49653296593692464
nf23452a51acf6fa,0.4987702637174762
nf23a2e37db31122,0.5038602182323842
nf23f369245a6055,0.5035332053363614
nf240dbbb89da30b,0.5016762907891404
nf243bf0cd647b0c,0.5031081987292643
nf252406e88a2217,0.5024308741626335
nf259c60ad489685,0.4998984170147549
nf260d50343ab92f,0.5032018355737945
nf26842595c0ef12,0.5024391064285811
nf26a794b6d9bbfb,0.493453382591625
nf283a525fac54ad,0.4947816874825698
nf2a08cd3c9fa8f2,0.4973164270973845
nf2a501e2585cda5,0.4981212992641605
nf2ae2548f72f438,0.49851857583496256
nf2b3a9fd61f1f2e,0.4955686135247034
nf2bfacfe8b02e27,0.5013737460153526
nf2cdcdb88ab61e3,0.5026513395714655
nf2ceef537b6af02,0.49795096550029944
nf2d09c3f354f2ae,0.4957184431716702
nf2dced787e242f5,0.503627255737696
nf2e0bda24e0e42a,0.5042383557763918
nf2f0588ff28369d,0.4975390056791516
nf2fa5cdf8fd765d,0.5000896232012156
nf3080026b353f41,0.4977081660302613
nf30e8894bbbfb03,0.5008715102824489
nf3242eaaee096ce,0.502157106680936
nf32ba48d2527cc1,0.5030412942479234
nf348c4840f7be60,0.5023824342012745
nf36976e17895108,0.5042467306947279
nf37b0ab61b70dd6,0.49937695035688345
nf38fc968d89a028,0.4970903015123009
nf3964a93de96812,0.500566048645495
nf3b546c70225787,0.4925991298403955
nf3bf8d3412e1a7a,0.48938057999281553
nf3ca571615f730d,0.5026443778361056
nf3d6f74e1815dfc,0.504954064387543
nf3dd79cfefb9466,0.5006619562597863
nf3ebce67d41e8fe,0.5006583274503755
nf40aeb5bb14c326,0.5101665588432323
nf40c98df264660b,0.5004077504127074
nf4361abddd2de27,0.4970798589975608
nf4391f27c7bd2aa,0.4993265824922224
nf441f0a256bf86e,0.49822440103575905
nf44628b7e5fef16,0.4995798760254695
nf44e7007f76dc52,0.5002662736416174
nf451ce81401807c,0.5050516093912839
nf452411dec3f952,0.5044058106598465
nf453624d2176bf6,0.49808091848088504
nf45f0834e0627c8,0.49814370117811185
nf4657048bf5e411,0.5049291880336368
nf4742b319fe701a,0.4984323725940267
nf48576b9fbcb3ce,0.5012718941991878
nf496124dda3cca8,0.5019154496331854
nf4abe919be6a60c,0.5032469279719375
nf4ae00405072207,0.5023331506189478
nf4b409563b01f9a,0.4956950890744269
nf4b770b5a249091,0.5005255353671335
nf4b8546f3f3dee8,0.49589609334045986
nf4b9f2cd0e81923,0.5027969951317535
nf4d2356a14465d2,0.5048057429662325
nf4e4209111d1f42,0.5053821697746897
nf4ed144011edce3,0.4936170832803406
nf4ef20986850c8a,0.500120997399822
nf4f414b2e5b01d7,0.5001810830348938
nf506adef701b91a,0.49786933269948896
nf50ae8ccfebe3f4,0.4994617636668313
nf51446d2fa36524,0.4947698915729353
nf51eacbdb227f97,0.5064046637649423
nf51fe05e6227633,0.5021521751560712
nf5238223a9a6689,0.5051650553400968
nf5380d172093b30,0.49843581981649465
nf541da99f5dbc4b,0.5001330863179015
nf5522ac936a73fc,0.5037024799182801
nf560e56d4d788b6,0.5019099800175518
nf56f459eb80817f,0.5010362482531373
nf574dd4e5ac02d7,0.495646890241604
nf5a13b110e7735a,0.5069742072511448
nf5a3d3088c24b08,0.500838318094678
nf5b41297e30708a,0.5025929532895579
nf5b45c07e6561f2,0.4888356203438694
nf5bff49da8f6299,0.5023175638128549
nf5cc22e7ec9dea6,0.4943583563938424
nf5cf1f3ae6871db,0.5082200296415234
nf5e66ec2a2ce36b,0.494252075076127
nf5e6ecea873d2f6,0.5017059107479931
nf5ecbfd97ead9c7,0.4972568356348097
nf5f01a8d0f4f8ae,0.49859425007344266
nf5f13160ec8b7ad,0.5022909004072329
nf600d150d1d4319,0.4992323487188147
nf610e0580da851e,0.4957074492410796
nf624b33634cd807,0.49505279278592745
nf63782e20239168,0.504273088199554
nf63ed2712e58d1c,0.495812135080077
nf64a2340490e994,0.4981618675434453
nf668270b32b5ff2,0.5005817574050567
nf674d771fc79928,0.4966948356761638
nf68789dd716e295,0.49898233316889773
nf68cf0e18ff2f67,0.5020170696332578
nf6914cd906abf3d,0.502633164037214
nf691ac309aeeebd,0.5039332591646696
nf691b0eae7ae6fd,0.49851682351768534
nf692c817c258d3f,0.5061559151279738
nf69e89fb51ea2a8,0.49868399709063044
nf6a2b9d5251ffc7,0.4928474206841064
nf6c78300176aac4,0.5025820720568664
nf6d2e8cd40d7c7e,0.5029756495010819
nf6e6a117fd9a4f4,0.49931317043249834
nf6eecb2b281d1dc,0.48886484677140707
nf705f980ee96fa7,0.5004537742432237
nf707f554b4474d5,0.4897914972201052
nf72d2bf0883e13d,0.4991568237332765
nf72f960bdbf64b9,0.49932202041493917
nf74210d81b3bcd4,0.49639871777813016
nf7457127f117a70,0.5083564647789254
nf746cd77cbab0ae,0.500446277468795
nf747e9a9dde3e22,0.5008668296667226
nf74b62788ff684e,0.49685874123449736
nf75328206e45c26,0.500245533528885
nf75422eaebf4452,0.49913556194771663
nf75570ef1ca848a,0.4973699406955794
nf75780555aad729,0.49875103431347056
nf75f52a58c80a41,0.5013411196634568
nf76c5014e4f900a,0.495984752074962
nf788b67ff6cefa4,0.49256666901869073
nf789aeacae32b4d,0.5020799332383687
nf78ed030a9b6d14,0.5014664591698477
nf7982637c3ba58b,0.497818552932053
nf7b6836363eedf5,0.4973173829255244
nf7d02e7b9eb0451,0.5043016475017912
nf7d3829ef1b4bef,0.4983646031045676
nf7d451fa516411a,0.503343197897725
nf7e0ae73ab195bd,0.49830969116053025
nf7e87cc1618f818,0.5005569773774697
nf7f879de7384dff,0.49455128096958184
nf80f2216e47c1b7,0.4958825228064989
nf8103a0fb362bb1,0.5015423426523754
nf822c5035f144f5,0.4984041305386714
nf823160fb8e5302,0.49596040897897653
nf82e842e8dad8a6,0.5041393054925418
nf82ebfa27fab5b9,0.5007035087276267
nf83a8dbc9f15921,0.5104673751321029
nf8427c39ae5d865,0.4997600581478265
nf85c6dc3c04b0ad,0.5011588801172845
nf85d255e79822ca,0.5125563030437909
nf86086268371ca9,0.5006186259746832
nf862e5b27429cfb,0.5069612852330071
nf8653f89592add2,0.500813922792476
nf88e4643e0783a0,0.4974032606107473
nf897aa795c63b10,0.5046837050420186
nf8a0e607db8ad4c,0.5048805520032783
nf8a44d228a83f2a,0.4995577769488798
nf8ab815582a96e1,0.49768532547232364
nf8aeaabae45813b,0.5062430557944216
nf8b8844bd4c7538,0.49529182819117634
nf8b891037d5be08,0.5040074026403336
nf8b8f8d4afa1460,0.5008577765281675
nf8c4b20cdec5223,0.4971018864457362
nf8c603ba998c2a2,0.49325069746885525
nf8d0ddc17b5fce2,0.49885823665702345
nf8d2ae883fab022,0.5046659836994241
nf8dc6cd17a1ac77,0.5024201874534008
nf8e9b95310d0bf7,0.4991110574395653
nf8ed696a98292bc,0.4987848691028102
nf8f631b48d45118,0.498582939994067
nf9014ed15d2ccfe,0.5047009963848959
nf90368dea775aa5,0.4952528360848733
nf90415de1d1a992,0.4979594205563561
nf927b12682a49d5,0.49755799760458147
nf92d7a342d5186d,0.5012903446923334
nf92dfa28ffed900,0.4955136647407666
nf9451d9ed8b05d4,0.497317677746642
nf94c4930ac8cae2,0.49929316359647374
nf9627731c292772,0.5033716342562746
nf962c11ae2a9239,0.5018647200913303
nf967729ab540772,0.4981559244133206
nf96b8c1d9d31e20,0.5064215802460511
nf96f140ffc91573,0.5060723022914511
nf972d74be3cdbf3,0.5035374829974311
nf988dfb7553f426,0.5070820494754825
nf99c1c871951034,0.5003531470298351
nf9a6135e3680101,0.4977227963476066
nf9b70ba27c4435f,0.4993682246033507
nf9cf3eff1f35e8b,0.5015012283311772
nf9e35194a96f3b5,0.49325120542172385
nf9f20b7a16f37da,0.5006504859316465
nfa0b53422a11234,0.49191899761320207
nfa109ee1b543fa5,0.5042327344270757
nfa1ac910839c24c,0.5072776223922599
nfa20a225d7a5744,0.49984575392882796
nfa2845643bbc209,0.5003864827370264
nfa2c5f88e4dd8ac,0.49612707668075745
nfa2f9bd22c8676d,0.5010194133550726
nfa30127bb7b81f8,0.5023569812423341
nfa3017294833841,0.49910227327158047
nfa341585bf3df20,0.49644391474158356
nfa35ac78a700785,0.5075910108999863
nfa45ae48918b9aa,0.5005991498634412
nfa48e38fcf9eaa8,0.5115207888216247
nfa615e5a04bf5c3,0.49849293253448534
nfa622215a72865e,0.5023819463052508
nfa64380776261d2,0.49865141836914006
nfa7a0348c4a6732,0.5009969886423594
nfa7b01cfaca55c7,0.5023482152387545
nfa800bcd614df44,0.5024362397525034
nfa8a23b899ba667,0.4982475597905202
nfa9f35bb86498f4,0.4975141007983283
nfab795421f34a6d,0.4942527786071796
nfab880757a6b1a9,0.4981669520704461
nfac3eaf6bb4217b,0.4963924370895685
nfacb962e3b23194,0.4997795198073355
nfacee2692847eeb,0.4999834785216975
nfad76a932296465,0.4983074972610561
nfae8a4994356239,0.49956049491668764
nfae9fe9fc2c213d,0.5002347737753017
nfaf08d97953974f,0.4900894291304676
nfaf822c9269ef63,0.5003863913013509
nfafddcbef5cb3d3,0.5011051066803337
nfb015c542efdd04,0.5018825047512238
nfb2c6e6e2cc62bb,0.4946063080004635
nfb3b92a7d0b8356,0.504127323200273
nfb3d2ae428793f3,0.49771233485442
nfb45153adea6f84,0.5048953794057899
nfb4e73230416622,0.5015794319838532
nfb81da61935420e,0.5016330895053723
nfb8d015558f47c2,0.4984853300251795
nfb962779f5b1647,0.49603557439583695
nfb988f894ffa738,0.5129290222339644
nfb9cd447c789edb,0.497069088344837
nfbad914d91dc07e,0.49918269409908106
nfbae0d373768485,0.4972326937589436
nfbc2d915f05fcc2,0.4953918648168244
nfbca47cf426401d,0.4968010132472888
nfbd489c04fffb7a,0.49567102573741795
nfbd6bac7e36d194,0.49819551642641585
nfbf88c8a83e1eb9,0.49933880632239924
nfbfa069019ebdf6,0.5034366279141839
nfc14349d6e7737d,0.5060947928751396
nfc18caf8b2a5b85,0.5011974172312623
nfc20e274ddd792b,0.5013308987796542
nfc25a3b32fd9437,0.4948929162988633
nfc494be95132cf7,0.49647130817779345
nfc5131ad7c0a713,0.5027244967548282
nfc53f87a9ed8d6c,0.4968762331603579
nfc589f9381d6bb1,0.49805099563549404
nfc6293aa8bd4b3e,0.5040724142335129
nfc7236e51bad0e7,0.5088434313869626
nfc773fbe877560d,0.49805938821611734
nfc7a1e5bf043dd6,0.49512821792476747
nfc7dc2c4ef281b5,0.5011673466283487
nfc7f117bc85989b,0.5046928753842895
nfc8ee51bdc20d51,0.49513233553684605
nfc8f375b1c5db6a,0.49689734188114515
nfc970b69fae6ee1,0.5028745993320359
nfc9ecb071f5a568,0.5041652225393881
nfc9f3d4e90e75cf,0.49961542181555346
nfca3d7dca2c1b6f,0.5004713864907053
nfcb9c809a75aecb,0.5012082028906393
nfcbb361b3335093,0.495684950583837
nfcbd7f2166bb842,0.5005632058627647
nfcbf8c13efe6068,0.49803928934025365
nfcc16349adeb671,0.49740421967765225
nfcc65d88109785f,0.5041074857976924
nfcc8c7864013110,0.49752439491727335
nfcca0c94cecbfe0,0.4981645683076538
nfccaa5e2a0cc882,0.5041053703825319
nfcd30419fcd64d9,0.5047833918092031
nfcdff86008f787e,0.4996068562334894
nfcea848597e7c8e,0.4941055867289792
nfcfd1071f5f49f8,0.5003042650116546
nfd12bdbe02ce9d5,0.503357218064604
nfd1bf2306835bf8,0.5084483841554512
nfd2163d11afee5e,0.5015898281895079
nfd2b4acef66b7b8,0.5010592706345821
nfd4a830bb75bb86,0.49523745481364034
nfd5a9ab1229b69c,0.5055796579617233
nfd5e7a95e810364,0.5084733433153293
nfd5f3108d0a4598,0.4985882007916248
nfd6bfa901aeac55,0.49493137895336
nfd6c570df31c2dd,0.5031080625613341
nfd75e548f666d81,0.5002459679001857
nfd773a22b46cefc,0.4946089649596091
nfd7fa944647b2ec,0.5023008076118238
nfd92f422d1558e6,0.5042472117149105
nfd977aa46912de2,0.4986035214367139
nfda2b4d13c00eda,0.4955514119534436
nfdb0c7828a57840,0.5050487820485567
nfdb37ccc98ab87c,0.4995425512074613
nfdb4ef0ab2b5027,0.4992546486395479
nfdbdea6fe667341,0.5005243550557325
nfdcab5e98335f23,0.5011069567467432
nfdce1c130c1a07a,0.5014529287421332
nfdd31938e57e5bd,0.5005971908047145
nfddda5890b9f499,0.5027276692647654
nfde01998c481fde,0.49459855546829495
nfde3d38e26bf0e6,0.5002288380739124
nfdedbaf27bb0fac,0.5020586785782974
nfdf4741c8855f0b,0.49237100296729674
nfdfda95a120b06a,0.49786047966975
nfe02fa36cad1f85,0.5010086446141674
nfe07635de11c49f,0.4990639570176065
nfe14d79af1b11d4,0.5001202998281105
nfe1c8b2e96a3e19,0.4955623796507815
nfe1fc6adfa76cd2,0.5008299748720556
nfe24b02ccc819b2,0.5016384619531847
nfe43dc4f1fc3a66,0.4962897392377835
nfe480b3e80cd699,0.5072809592787343
nfe489792d6b2caf,0.4998789034428354
nfe5d857bbdf1c78,0.49810757720126014
nfe5ef811c17bcb5,0.4966086833926582
nfe6bbb7d11aff7a,0.49725641272661725
nfe70bb7a472b767,0.5039768989591679
nfe8410ee61b5128,0.4968266093304589
nfe9231fd7dbde48,0.5038941659266257
nfe9f15dd3f2bfd8,0.49463250395035396
nfe9f4f099aa997c,0.5000676082811544
nfea4b8cc735b3b9,0.49675054228888954
nfea69608ef75cfa,0.4999212457918091
nfeaa888eeff35b3,0.49996614798619743
nfeb0f94c89cdd1c,0.5046894777083686
nfeb7bc8aa4d7df0,0.5023853768187396
nfec2d154bd0133c,0.5048976745830482
nfec7a3ec27ec068,0.49635766407748966
nfecbbab18e44c6c,0.5000145309206555
nfecf890a2c4ed61,0.5045262111283874
nfed068e88a4bc3d,0.5044804431665105
nfed315cce035b94,0.503741842743354
nfed4413c495b9d9,0.4976405158460532
nfede78c8e3d0244,0.5039371653928857
nfedfaca071f454c,0.500909766572044
nfee6272e7a166d9,0.5003766031040039
nfee7585cfc43035,0.5006297886616426
nfeebcc2f099391c,0.5014196889149369
nfeecaae21056a1f,0.4982222705621193
nfeefc2a8dfbe9cc,0.5019525081954311
nfefb3ddfb6c6922,0.5023338375865452
nff1abe7ae78f058,0.49411252168605196
nff2b1de3728a885,0.49781077707630805
nff2e691bfd17e1d,0.501952684214738
nff436bb693f22a7,0.5002536393309591
nff4d4c57c41a0e3,0.4971926899536018
nff5ebf763ed190d,0.503821184038215
nff6d6df55cfff0f,0.49406373094908396
nff6f470ee251b4f,0.4960646032010312
nff72319b7025c91,0.5085334949711412
nff7abeaacca25af,0.5050177003877732
nff8468d98a4e2ee,0.5026984658112583
nff8a48af8daced1,0.4935672944737825
nff8fe99ef7141cd,0.505146671425682
nffbb21ff3cfba4f,0.5053057226964228
nffcc79603dc65a2,0.50957838145635
nffd364396180b2e,0.5000668404651125
nffe1327dd1123cc,0.49796230485579335
nffe4304c80b464b,0.4912688663256205
nffedec69ca141af,0.5005101381515353
nffef8a1c984845e,0.5027248153796469
