id,prediction
n000c7538e3f2862,0.49881096532126096
n000daf3aab0522b,0.5028014534756896
n000f379aca1490a,0.5020196140882284
n00126829dde6931,0.4953242126014066
n001e8393cb352ac,0.4989891886413892
n0033b6a9697a353,0.4921586453033838
n0034c279159b7f6,0.498116625694051
n003984f90d1bd69,0.5070542686303402
n0042bfff3371fc6,0.49601437067151644
n0042fb5fb209931,0.5098121124199287
n0054f3a01a09348,0.49777540783962587
n0055b3ef2eaa6e8,0.5159877475408864
n006dacfbe03ad7c,0.4931383680661002
n007543ed6b97a5b,0.49329976913680057
n007e782e79c5a95,0.5028826456086806
n009ed6182bd3a39,0.5052525571098615
n00a88cc5be4eadd,0.4978344802174169
n00b4487f9e5f709,0.5055489779330893
n00b676e670c1c6a,0.49847187384241887
n00b8076ff69b6f4,0.5060541717913606
n00c052587ecebf5,0.49854922764887216
n00c23fb54c23f2a,0.49717579834026043
n00c5a9811f5686d,0.4965913300459851
n00c6d9ec92b43f3,0.4925212045067948
n00cf1d8230cdc9f,0.49832457229939847
n00d208afaacab30,0.5005086520358027
n010d0387ef60fe1,0.4917906138163448
n010f0d4e009fa5f,0.4967349779343452
n0116a1fc92bb8e5,0.4999958509648978
n011cf7bc8d8a440,0.497037847595707
n0123bde7ef8daec,0.5090171180757639
n0129181589d9cd7,0.4943972712772512
n012ebc74106d2d3,0.5014067460803161
n013cf246a5a6e60,0.49880518885933717
n014092e2abffead,0.500332966626285
n01542f6d417f5b6,0.499107463108183
n0160cde156e8c28,0.4937861612733449
n016a76f8b5be967,0.5025377480602929
n016c1d330659d55,0.49477265569605244
n01786fc663d6f0d,0.5059008015096458
n017cba33af716e9,0.5018407123938509
n019719803f61b09,0.4936551833320696
n019e77d28bee1bd,0.5036132366500425
n01b837627f41a80,0.4973249461767526
n01ba1ad5289778a,0.504414917907906
n01c8121b74d58a2,0.49692958073320026
n01d7d8ce0e85a63,0.4963652781080034
n01e622478ac5878,0.4967272525031879
n01ee8e1c0b304f4,0.49813210154632614
n020e5234e59c555,0.49641159606402213
n0221d422db36b47,0.4960439590380381
n022c7a516ed8877,0.5022009345844707
n02351be38f0c94b,0.5035293826495051
n023950027ecd375,0.4978404965151132
n024a80d1f6d2168,0.500855478481171
n024bc9d9398b6a3,0.5022644821388461
n025228c296db7fd,0.4989019465342219
n0258315da1a6d42,0.5029649025862849
n025864e23834a94,0.5062006021501528
n025a2e3c7db1981,0.4976362512492946
n0286cb7258ebafa,0.5002877504847345
n028c7e1fb386060,0.5030800650784891
n029b86e10004532,0.49416102267789364
n029ec1993551ab6,0.496161819621676
n029ef5c07c35ee9,0.5005563959146678
n02aaa3129e39a21,0.497739214696942
n02d1ab153d63af0,0.49899067045896406
n02da98446f58dfe,0.49882130071805647
n02e116437f90b07,0.502545448385574
n02e9cde226bba83,0.5013071326256475
n02ee680488ffb9a,0.49456490338188286
n02f0e5949989434,0.5084759652750245
n02f2ec97cddd947,0.5041584788758745
n02f890d978565ae,0.4990299650619597
n0322bbde6c9115e,0.4961881712777907
n03273fd118f7597,0.5034357501954756
n0327c2ba1ab59e9,0.5038864787065074
n033211e42911148,0.5071431720203984
n0338f1d14b8d500,0.4999592026441659
n034c15f88202e71,0.4983890156226654
n034f5505a618d65,0.49991054159657744
n035fedb8e82e9ce,0.4995588787187903
n037cb9b666cfaa0,0.5055956931588227
n0387fffc03f1e5f,0.5084547672910605
n03a0c371a6cac1d,0.49702422873890467
n03a11000ba00256,0.5030541462835515
n03ab5e374d7af5b,0.5023151983629661
n03c73d26fe42aa5,0.4992084271127129
n03c88ca2e4bf3d3,0.4933506808109588
n03d8b39d652d66b,0.4963749995761661
n03e4e0f2f8468d4,0.4998339462170418
n03e8a132d66010f,0.49195128625398027
n03f4a8fb0bb0c04,0.5026469200571592
n041397ba61ff8f6,0.4909976654532059
n04144a4fdbfe8bf,0.5065160030873092
n0432f4ecc0921e8,0.501000046550918
n0437b26dcc7fde5,0.4985359131998186
n04450f457798466,0.49727982944336135
n0445bf546e53078,0.5011561765965739
n0451e432abd688e,0.5004728696068657
n046f586a41c469f,0.4997249115488491
n04703d25b90e687,0.5007607447739618
n04831d5e719f55a,0.5126684830384998
n048e4c3bcc200cf,0.5003215348877883
n0494981897c5f94,0.49877260500496196
n049b360eb959791,0.49781889698367077
n04add602e76eb70,0.5049687615677619
n04b14a56c4328df,0.4994712081541063
n04b24448c644e0f,0.4967133806382141
n04b4cfe81b7d622,0.502877741084929
n04b4fd0112acedc,0.4983691847274752
n04bb5932e4f1ed0,0.499153665343698
n04d7f46cc28ba98,0.4965734587774459
n04f455e2c494158,0.5015479056921963
n04f9f180798f7c4,0.49946132334812404
n0503a98bf4edcd3,0.5006945308777581
n050980ff38405fa,0.5019190268344199
n050dae62bde2629,0.49684058521212016
n0512e1ff3525266,0.5016761969281898
n0514c687226d1ce,0.49724865868232715
n0517cfa35c6a2ce,0.5031165221358864
n051b34eccd266f4,0.4994184455622053
n05223f2cb16bf07,0.5017175025063266
n053783b326a8e36,0.49875826731302114
n053cdb546e2b416,0.49846532748426836
n054fe44994b805b,0.49452816145372636
n05603753edfca2a,0.5051334043117859
n05615d65b385845,0.495644734300775
n0570cc1c7c8b600,0.5005785912632889
n057513329eb093d,0.5035507062319338
n058b38fddac6ae2,0.4990586821033292
n05913297dc3cdb1,0.4972549311264943
n059558cf1faa5dd,0.4985067059687446
n059f4808845c74d,0.5031966351364898
n05a699993f36fc9,0.5012279191827946
n05bae3a22bcbe47,0.4971376277423612
n05c113b7d480c54,0.49696657497916846
n05c284fa7b7edbc,0.5068234646052466
n05d198bc01dec6b,0.502740104440669
n05eac53cdb79b4a,0.49874465657690276
n05f70d30c2ce5e1,0.5041978247443532
n05fac31cc53b199,0.5004780179121843
n060e047e5458be6,0.5035803416333464
n0619b569ece7655,0.4996899487473793
n061b2905cd456f3,0.5000471327275772
n0622c684fafac42,0.5021010042645442
n062c8e670ba7d87,0.5031361158029449
n063a9ff00bca7af,0.503509728434994
n064823dce610504,0.4971312011084953
n064b5d8d60a4cf5,0.50341783399135
n065c43229f6dfb1,0.503697248842515
n0669514a204bd3d,0.4945299632954776
n0679cca8274dc83,0.5002233622010708
n067f249b1ecd6a5,0.49439339959714007
n0691837b8a10851,0.4961344966311752
n06955a973155503,0.49382770595811404
n06a5f6efb12946a,0.49379089665138803
n06abad42e88846f,0.496050854820698
n06b09b9e73d8781,0.5025913071017291
n06b63d345e311a0,0.4949696485634318
n06c0d7b27ce61c1,0.4959749999585264
n06c50ab3cfd89ad,0.5038057182411281
n06cb52d8b73f436,0.5027860623234325
n06ded84b6bd7542,0.5006129951933455
n06df10914bea8d4,0.49724076329537026
n06f9367b1db8755,0.5003321722451891
n06fba879550770a,0.5028484781357183
n0708622b766db38,0.5008568115409947
n07097b83a5ebee7,0.4972511380473672
n070e21f6c19db39,0.4960804237416682
n07167aa629ccd96,0.4986108010418291
n0718e5aadb08db3,0.49828620218735153
n07208e343d3a9be,0.4953947187029801
n073a017e1e90298,0.49864476177033257
n074ce623027528c,0.49527396395461704
n07508e1a954007d,0.5098438256607302
n0750c560db11052,0.5061087647745945
n07530e69f75af59,0.49929744847964164
n075936db4948a63,0.5029147837915854
n07604eaeddf8f96,0.4966488636715052
n076242f76fa6601,0.4972334506550705
n07647f27f08fa31,0.5028356257482676
n076816965c41621,0.4993921820185657
n076a9386ee6bed9,0.49411358928237115
n0788f69cdc4e26c,0.5004365353620123
n0790b4ac58592a6,0.4963216405119146
n07970520da25130,0.49715569610870153
n079d81d9e896244,0.498399481634352
n07ab4649ae0ca08,0.49999024281266913
n07b995c3985ded4,0.5010676916362998
n07c770873a96951,0.4987343112718781
n07cefa621d6d535,0.49769766537056426
n07d33f2c74dbb59,0.5067561932877372
n07da10b023f1bd4,0.49483146932873084
n07da84950f23091,0.517705906701708
n07e585a17011e61,0.49375045588769234
n07f59dfcebe89bb,0.49860786568772525
n0800c41d2468062,0.5028539687703741
n08024aff539a727,0.5006339343778237
n0803ccf06195dc1,0.5059155547402289
n080906ce419a7e8,0.512831058461335
n0813375172b17fa,0.4977936307091612
n0820aa56a9584f0,0.4951094293392262
n0828f6dcd366174,0.5028991978775414
n083f8f89e8b0858,0.5020176445942649
n08443b84410f7ad,0.4968578880265132
n08512ebd72c6e0f,0.5105906443138793
n0855fe24bb02fdf,0.501749070877878
n085ee32f18de013,0.49824338312407096
n085fe594739a295,0.5022485900870859
n08642d8eb547d75,0.5026319495295078
n086c72956491516,0.5042690730667708
n086ffdc6673ce4d,0.49842505918035984
n0878106fcd23672,0.498864212061822
n088156bb7018432,0.5015707327300573
n088ee5871fc3400,0.49778723767148053
n088f277a7f8c42f,0.5020426998494054
n089528c1c682083,0.5078669888640397
n08a8aa1bd45d274,0.5026111227192273
n08b94b83d7b6fc5,0.4984665099834827
n08cbf6193d3ec5c,0.4961341673908777
n08d59652a016220,0.49646347101180355
n08d61abe6870531,0.5004398068210337
n08d625ce4271c62,0.4923993543965225
n08dab347c8cdfd6,0.49260881911902926
n08dc112abf0eab4,0.4980140132832676
n08dccf045c882c5,0.49956726063336415
n08e5fb293b324d6,0.4970486112184265
n08e9f522f065869,0.4960383171952119
n08f3d9b9d1fed5c,0.504269669007921
n08f7a0f2bbae0b0,0.49946422865696033
n090afd392119d8d,0.5039102630548032
n090ebe6103707d6,0.49236097893830816
n0922cf87d72f96c,0.49522630972281656
n093a78842783abd,0.499958796662749
n09683bb900bdbef,0.4990582683736876
n096e2cf4e51ebef,0.49625571708632366
n097b6e282816175,0.4954070468678011
n098ba66d9401b2b,0.501360273184093
n099021af3b1d6ca,0.49703793499097804
n09922d0a79e082b,0.4998156976993402
n09ac62ae3a8cfc2,0.497462488848051
n09b01c56ec51a8f,0.49966440942285417
n09b223e13842e9c,0.5024885527498106
n09b23f96d86258b,0.4994780702963807
n09c9e8d3efa89a1,0.490929812727661
n09d66d3847fe6e9,0.5034600130152763
n09de64e107c882d,0.5042288057978697
n0a0e77aaa0a3f49,0.4990817605172644
n0a163fa21da3220,0.500255321408381
n0a180b3d6094843,0.5025712210559748
n0a1dd7781849930,0.500564319058463
n0a3071f74132dad,0.49746374131067617
n0a34a1862be7d1a,0.506380030193928
n0a427e6731194ec,0.4970913938035804
n0a496f7964eb146,0.49985853315146184
n0a53f93d5589457,0.4980929060870583
n0a562bf5e6c4317,0.49507914582795076
n0a607e81277df6c,0.49975788824727035
n0a66d85c91fd477,0.5020731547360467
n0a8744de996fb81,0.50600282824334
n0a8c470bec1c6cc,0.4990091950399901
n0a90ecdf56e9ed7,0.4965631938205211
n0ab7fcc116fcd7d,0.5033281119222766
n0ab8a8b39c42992,0.5076970452227949
n0ad19e768425a19,0.5024028562726996
n0ad3ce7f64a556a,0.5009536805130554
n0ad41f9b2c8f951,0.5001230862682912
n0adbc59488c281b,0.4969984982366616
n0ae0237171ae69a,0.5095721097072862
n0af0a20a3cc7eaf,0.49853759409179765
n0afb6e4d6182de7,0.5037553207128269
n0affc575f50d393,0.5077324398425433
n0b0be27bb146f32,0.5055595674396797
n0b15c564dce436c,0.5086188398856157
n0b1d2df30aed6c8,0.4988434642552139
n0b298b4033ce36a,0.5002722587859566
n0b35898d18898bf,0.49187122033860287
n0b3ed800aca78ce,0.4982983930796084
n0b59f3ef108eb39,0.5039692038457249
n0b84290cd665dd6,0.5050514328258068
n0b896162ccfc0e2,0.5081660082764538
n0b8e59e279304d9,0.5038823121290216
n0b95dfbc97cd7f4,0.4983343044866652
n0b97665b33d7e36,0.4986773783559531
n0b9951c2f0ed02f,0.5017673436733624
n0bbe2c313fb4ae7,0.4958709414306302
n0bbf1d29c34fe58,0.5112907312490006
n0bc78e2ae4e7347,0.4870532976716012
n0bc9c98e08d043f,0.4951428540314314
n0bd303b5bda3e86,0.5015924039542659
n0bd54c62f934b19,0.49852680658526954
n0bd853c19064399,0.498325839359226
n0bd9ca2972797e5,0.5036435758571673
n0bdd4e7a9eb57a4,0.5093076736313955
n0bf1e443561c19c,0.506091603409762
n0bfb6b26985fa6d,0.49669780594063095
n0bff5504cdfc402,0.5013736592401662
n0c07e3a083f7854,0.5012994232452046
n0c3d8c7d4cb69dd,0.4970775830102422
n0c59c011e37aec4,0.49487563164374787
n0c63ea94b87d5f2,0.49755839925481515
n0c6659a8aa41ce1,0.49766502373076077
n0c683a19dce0a65,0.4996264933742864
n0c722ce398638ea,0.4937589782604848
n0c768642944ca68,0.5009184987139157
n0c7840202a6a138,0.497438081372059
n0c85e30e5665208,0.4984796796029156
n0c8b861f96fd13f,0.49219938845631406
n0c8e1c083a592e3,0.503451421320954
n0ca0d3d2503af40,0.5025102812195499
n0ca1fc55309ef81,0.500093209331274
n0ca3e127e4f01fa,0.5047243031924918
n0cab21e8e190f15,0.5013222078445747
n0cb4b4e7f0b21dc,0.4988392998237208
n0cb86b75a0a2b9c,0.5048342930314715
n0cc2b06100f9b24,0.4980582556719902
n0cc4529e51573c7,0.49606598150735604
n0cc456d73b7cc1c,0.5002166135116795
n0ce6fe2b44ee4f4,0.5043755725449699
n0cee5900dea2fc7,0.495204381372131
n0cf8d56df502c67,0.505883022857636
n0d12ef5b583b203,0.5005236415904472
n0d215620d277683,0.5022038498483196
n0d3acdc159a269d,0.5068940699267489
n0d3c2f575655e88,0.5017215856292507
n0d408930dd667fa,0.5066763253668597
n0d484d17603b5aa,0.49765648632733434
n0d48d56ac0964b1,0.49798167837064433
n0d7e39c69108a87,0.49562179475887264
n0d81781e914e07c,0.4972184839103784
n0d81ec1301d7d7a,0.49871803521499775
n0d87449332f2e00,0.49592581766581584
n0d89d5309344765,0.49509063268967274
n0d8ee2bb976fdd8,0.4987696097201387
n0d8f676c0279aa1,0.5004548037298238
n0d9e7063891496d,0.5031400217055189
n0dac35073308687,0.5059556474554041
n0db33e3d1eb1aeb,0.5099699440193831
n0db6d890c12e82c,0.49597920199712303
n0dbcf1bd292d3c5,0.4982976570253756
n0dc4e6100121324,0.49459612086746896
n0dc77f9ee448cdd,0.5020747627608545
n0dc844ab1be4eec,0.5023354873131677
n0dcaba47a40fa07,0.5021121243663653
n0dcef70b35b701f,0.5035223830633269
n0de4166cc94a7d6,0.5011078722103248
n0de4f0451dee0f2,0.5011679323952154
n0df44b91a8b8474,0.5074443341985033
n0df517b0c9b4cd5,0.49555445742322896
n0e001d492953dc6,0.5046836760808169
n0e1247ba7164d06,0.499962805023278
n0e20dfb8ca5f1b4,0.49716450298066317
n0e252d3bee900f5,0.5028220111153474
n0e2aabbdbf4b96d,0.49989456936385696
n0e3ec8240f81748,0.4910890573329478
n0e3f84827c2306f,0.49904084645601304
n0e5813bb7765eaf,0.5011481213097628
n0e5a8ac884f6d8f,0.5006000267363894
n0e620bd8fff0a04,0.5018523517048127
n0e662f24f923bc5,0.5046253510527204
n0e6863b8fb44684,0.49760881159146214
n0e6dda77b83b37b,0.4940524697234347
n0e71ffa9c863947,0.4984345702852563
n0e77c6c0ce41a01,0.49909884824151196
n0e7e50b2623007a,0.5016959256383495
n0e827d1c00b7a99,0.5036154011743821
n0e8b0faccc61bcb,0.4989914649778396
n0e8b3ef4ab4af24,0.49855982246482344
n0e8fe205cc87baf,0.49706546379222305
n0ea01e5b08dd9a6,0.49562270553935417
n0ea0b214cd29fd7,0.505114939537259
n0ea109974fb3f7f,0.4978981574559121
n0ea53d1d7d33af2,0.5046515303636714
n0eaa52d255b4b66,0.4975965392170994
n0eac2be70044deb,0.49667382176132385
n0eb721d489b32c7,0.502107129477655
n0ebe05c880942ac,0.49840612422753383
n0ecb069f391afde,0.5002225918224877
n0ecd5a278a14762,0.5007667755115129
n0ed55e935bbf3f8,0.4990460814282346
n0ee495d1fc27fd7,0.503744774582145
n0ee8f7d807377b9,0.49845676648287446
n0ef00dd96a3a1ae,0.5053072363559674
n0efdac76ba60dbb,0.4996814499552114
n0f08805c9648578,0.5026126340465947
n0f0c370d1614d8e,0.4953744377810723
n0f154ef289a853e,0.4983103623092195
n0f15dd6c791ae3e,0.49679181229050534
n0f203518b0e5684,0.5079830585816385
n0f2b474a1b720cb,0.5011952562834405
n0f2ccc6f3feee5b,0.5117867963132436
n0f2d8bd36fefb50,0.5064208375915437
n0f3039b47202aff,0.5057479949267958
n0f486caae1a0dc7,0.5089601291159327
n0f50103c9fc6cc6,0.5033936520942619
n0f6cf3ff09a3396,0.5003249451425698
n0f702a92e9a01f5,0.5011804065408859
n0f7338d11d6f0de,0.4989094925116589
n0f8056898396c55,0.49925710171505716
n0f8786f84a6e053,0.5010135144022458
n0f8b83e83f15653,0.4978728215353246
n0f8cc7d986453b0,0.5030762742402499
n0f902ca673ccb88,0.5029430908509724
n0fa88be09d156b5,0.5092598356385578
n0faf026b9de2354,0.5001067165029158
n0fbc50a9f6d5ca0,0.4961160340068498
n0fc34d2600161f6,0.5005160909111354
n0fc803749e328dd,0.4980587421487525
n0fddcea9c75515a,0.5037784243245198
n0fe1b990c14b56f,0.50028181982651
n0feaa40d0269c18,0.5101014358372613
n0febb814e21aacd,0.5042261481652106
n0fed906106655d7,0.49984163838910467
n0ff5d29121a34a1,0.4992661388820102
n1005da31c849f4d,0.5030507120666111
n1010f81af0d739e,0.49886052754746374
n1012af1e5cf8fe0,0.49911000122370947
n102a2f253189b25,0.5002496959884368
n102f6c7b3757c58,0.5010142384350584
n1035d26a02444f7,0.5044497101386696
n10381a431579f7a,0.4928798625914539
n103f30e417b0d8f,0.5057017568452281
n10416940efedb82,0.5008849496330419
n10466b6c97add1c,0.4988705969968554
n10489cfa6342ff1,0.5059777761360086
n1048d96f3d05955,0.49841449985784736
n106cd9ebff4ae8d,0.5007669298481474
n106ce17c3a85feb,0.4958169403039467
n106fdd0ab510ba1,0.49309149652616363
n1079ba48dc7dcfb,0.49611585833350785
n109b9d4bb53803b,0.502433985700488
n10abeb8e0bd8970,0.4999626459732785
n10ad273c2f0020c,0.5002133148931484
n10aff1228a3fe4c,0.49639732765881567
n10b09b0602bd3d6,0.4996423707151448
n10b4d51349fc04c,0.5003352581422592
n10b8b18762c1cfb,0.4990242624102256
n10bb7bb1e409d09,0.5008709398336624
n10c43b7f17a322e,0.49290033324907373
n10e61ad3a963f18,0.5028565057823806
n10eb37c120ac3c7,0.5000367495296522
n10eb71d79f46cff,0.5060339531801669
n10efcebd62dbe5e,0.5007220898309966
n110e553ada378dd,0.5018114440998187
n111751fb20547a7,0.4933843968516698
n1132f7ad4098fef,0.4952423868115394
n113c22fe991a348,0.49385335507650846
n1147574179cbbc0,0.5034748370228478
n1148429edda9715,0.4999311758118193
n114c1144720a50c,0.5077882609823243
n115f80eeffa7ec3,0.4989596118698248
n1160642075e4d50,0.501022068320173
n116def1b1fc070a,0.498607283147911
n1170c003ca1828c,0.5044896600204135
n117ee42f45d261f,0.5044439784099586
n117fb36fd4c92ee,0.4998146594156748
n118930bc89b57bb,0.497368836796365
n11896cc55a755af,0.49977409268778666
n119154de4d940b7,0.5069963925825927
n1196db1806dae59,0.4988098823085046
n11c4cca3c99047e,0.5023758179447951
n11c9577efad437a,0.5004307161420768
n11de4a3a0b6623b,0.5027208551553551
n11f3a7f3185064a,0.5015493806995377
n11fb2c80596a680,0.49291768945435965
n11fddada358e96c,0.5016491342268898
n1206fc4b8e204c4,0.5064932601719233
n121de6c802bfc3f,0.4992176886251868
n1223cb1a6935f9c,0.5018402069837721
n12278ae3bb9815c,0.4967331609275928
n122a03cb6fb03cd,0.5006715469169802
n122eb1fa2ef1d90,0.4955807164658207
n1248ee16ce76a02,0.4985877822643292
n1257c88005862e9,0.4968567148430727
n12616021d3f2d7d,0.49567853639607645
n1266732d8a52a52,0.5013667427095712
n1272c598ebdf2db,0.5013640824783837
n1277215bfbe3eb4,0.49301677749746536
n127fe2a97c4f72d,0.49860241364300245
n1282170fd216cef,0.4974105394272726
n128e9014927024c,0.4963649103504501
n128fac2c9825497,0.5062382258499389
n1293febac8f8425,0.505596184052612
n1294c050c64f6d9,0.4999932032944348
n1296ce4bf15a25e,0.5050811454352302
n12a3a7345f29992,0.5020480542153894
n12b2de215d175d8,0.4962286415716191
n12b36af9041f096,0.5013428709761808
n12bb9191fb591b3,0.5056058938913075
n12c13d90b9d1fbb,0.5058659746302233
n12d351a1b91b4bb,0.4986392281102233
n12d6c1a13e73b38,0.5003545100183862
n12dfef35fb653a1,0.4996732748538
n12efd5109eda75e,0.4923546590896488
n12f7da5649616c4,0.5043737171377616
n12f9013d60cd919,0.5017860869808646
n12fa55556fbc600,0.49915925627000707
n1303936e7ebdb49,0.5011803526820144
n13056bf3f48e8ee,0.5068270401554755
n130a5eeeb2f9d07,0.49603329677953134
n130bd4e2d1231ab,0.5046152379025444
n130c0be85762968,0.49970826315468847
n130ddf30da82c18,0.5001836148987174
n130e6fb09a1821e,0.5004096486760377
n131e21bc82785c6,0.494943843033077
n1326ae89592a4e7,0.5015903558831833
n132843243c13574,0.4995192180726329
n13316022f384d3a,0.5028462711921307
n133777b54a54b1f,0.49837257617686903
n1342b5891a507d8,0.49724464773482097
n134934460b79f48,0.496238165880498
n1349723032ddc79,0.5020821124824593
n136e8a2ada0dbb9,0.49778863592927336
n136efec88513846,0.5074217007207795
n137d0a468ee1b67,0.5029695313203432
n13810f59d59c180,0.4997924938051508
n138a28156287d15,0.5013867413072146
n138ab5c3bfc1c4c,0.501937221267936
n1390c97a4b34c58,0.5023903673798665
n139f8c3bb574527,0.5055888684040777
n13a189699b226ee,0.4994396165171275
n13a3b4b32e1d3d4,0.49974506342910086
n13bd415fe404f8e,0.5015908990416725
n13be74cb458c685,0.5015423032652447
n13d9bdc96b2478f,0.4943143595010641
n13dc2738036a5e7,0.5007658034649395
n13e574ef3cf2669,0.5016037372611009
n13e6d1b14a645c8,0.5052127828440055
n13e887e5fed12db,0.5009374919428228
n13f37ae9d7d6331,0.5050777350110142
n13f55c8f9e0bf01,0.4946671929620524
n13fe3ad5a024f2b,0.49807907886199215
n14024c6580a2e9b,0.4949074690133747
n1406f188fdf0d78,0.5009416699375958
n140e66c90bf5906,0.4971158588663266
n141cbf839553f7f,0.5020040002696614
n14261284c340573,0.5053613032003836
n143b0539638fee4,0.4985277457772372
n14407b993a32ea7,0.49858543596623706
n14494100e32a7e5,0.49987643073413734
n1450315ddabd871,0.5015399805395965
n1454198dad4b774,0.5000410809051247
n145c2136f40ea4a,0.5018498286183704
n146e367f4148b4f,0.49840842368885646
n148d64b4fdc6c61,0.49774582051852034
n148f3c7db676638,0.5034900889356744
n14bdd6a2c0d91f9,0.504108652949185
n14c8470783b1771,0.5039386635998496
n14cda51e43b8db4,0.5028959232172578
n14d564aeaaf8b22,0.4926709267635274
n14f28caa8233c96,0.5026890390763661
n150087891a24731,0.5031417355511539
n150536111a6071e,0.49655953721339346
n15054619ca2313c,0.5059328877554318
n1509ac02d2a0646,0.5059815570466498
n151188f49cb1ae8,0.5016072719099166
n151563f85fda5c7,0.501701947007184
n152154d33882ea6,0.49098746332541876
n1524516f3cc77dd,0.49623973810503746
n152a89a060a416b,0.5004435769823137
n15342d7c46b4f9b,0.5050310233964175
n153bf1fa651be16,0.49900905683465807
n1545a7e61020eba,0.4984023892094431
n1547b281481db2f,0.49802358856666407
n154b846798f20a7,0.4941955351523709
n155a6b02e2a3bb5,0.5055783892318244
n156e3b557616aa2,0.49910782465328934
n1578e1e45a7031d,0.5046497138453326
n157a9f52da8bb46,0.5017065832127826
n1599d37d53d80da,0.49320220221500977
n15a6b0dc46b6aeb,0.4944939577188466
n15b1d6bc8d79079,0.49782634641727436
n15c75593c414bfa,0.49476540919984235
n15c8a828e57221e,0.5024845420673539
n15cb4087450ea5d,0.4962094861266342
n15d1b88a5c08f39,0.5015553993738682
n15dffe433d75936,0.4991628075726327
n15e3ca5f1dad77e,0.4975912505218697
n15e78f70c302171,0.49744845262783777
n15f5cdbbffd5c0f,0.5017123565011893
n15fffbc6e5145f6,0.49556920059166193
n160d2ef16a739ed,0.4959089769418911
n1615d7b3236a929,0.5016502411385977
n16181c1440a8d79,0.49657701254384196
n161d479bf6ab304,0.49999642011283824
n162001bef5044fc,0.5096282491314935
n16243e35433b026,0.4969523094766825
n1629681ea5b41cb,0.5003433963358646
n1630649398d15e7,0.5025243655153335
n164269be94a9111,0.4982405758559207
n164dfa0f60199cf,0.49596984774303526
n166762c426d9c61,0.5015986566117643
n1670e91b13becaf,0.504854027157525
n16771109cb87efa,0.4960378115039122
n1683e8413efc34f,0.502589346235007
n16857a699d798f5,0.5022719358031043
n169d01aedcf2f80,0.5013671928233264
n16a778988c6eaef,0.49826180214364146
n16b8e3d118ae64c,0.49309250436415475
n16c2197abf06f86,0.4997981457761627
n16cee41d60e7d9b,0.5033099368792677
n16ee27ab8c90336,0.4983638761306279
n1708c0eb6a32340,0.505495837291343
n170d807bf55f4e8,0.49620742406853974
n171364deeb50b87,0.49848477041450356
n171566d57f99144,0.5029279169845675
n172a1997138fcea,0.4973497816871679
n172a598db0c898d,0.5024995789895969
n173a3a209bfbdce,0.5027299562308372
n175ceb31e774a72,0.5005195917246561
n1769c8471fc95a5,0.5023671909568128
n176ad41aa0965e8,0.4982630896581309
n176ed5f00ecc043,0.500246303728356
n1774dda33ae1a7e,0.496934604321365
n177f52e8e6a5048,0.5016497614530186
n178539ac2fe9055,0.5054296187953357
n17a578b192e5661,0.49796963271492256
n17ae1c1384e7ab9,0.4999310425166115
n17beb0ebe1f4a9d,0.4932536389904474
n17c26162ec43a9d,0.5041083547963248
n17cb2880be5731c,0.49396284899237775
n17d49fefe3971e7,0.494838363627961
n17e53a863e5dde7,0.5029084655271198
n17e58e22fa927df,0.49590673378143924
n17ec49a937dbe53,0.5001495874812387
n17ef485e5889f77,0.49842754501788306
n17f28fb627d69ce,0.502146363855382
n17f8752970524aa,0.4977518790517382
n1810b25407d7dba,0.507377762692355
n1819cace19202aa,0.5077579004026529
n181ddb1c7e2d712,0.49859059251261084
n183595b399db3f3,0.5029781865380049
n183602e34f422b9,0.5035149164792332
n184f61d3ca36119,0.5030512974335226
n18610be45d53d54,0.49921285736713006
n186e7d2dbc44c9b,0.5009504458494779
n18725b14add7abf,0.506683448170847
n188b3641c52f52f,0.5023983554958145
n189bba2acf79e1b,0.49786632025622884
n189cedf420ceaf8,0.5055323644517312
n18a2696b4ebd321,0.5025572006614677
n18c09d04633dfbf,0.5012375904755881
n18d53f2562eed6b,0.49195727692734936
n18d8c31199c8166,0.4975791790817612
n18deadfd48b8a33,0.5058995543112152
n18e67a1d53fc5fa,0.49396734865228037
n18ea5eef2cf3532,0.5012517794338393
n18f1837062ab04a,0.5010840266984243
n18fdb846426aefa,0.49707691661775133
n1900ee255347931,0.4956224568669881
n1901e499763dc12,0.5060767034853051
n1903e9e1433cc41,0.49607169968357134
n190b53e12cae96e,0.5013919990585591
n190ff6359ab4091,0.5046037836742687
n191811b835fedd7,0.5041493454476815
n191f4c9193882f8,0.5095744958723656
n192823d25c5a71f,0.5076153167522904
n192ca7ca05d651e,0.5016137811236517
n193486f5ef93b60,0.5024433905916865
n1944eb9c842afec,0.5023858318857551
n1947e4aec87354b,0.5028017320528267
n19495e639ceceb8,0.5050441326654619
n194cc485def0e1f,0.4928678545059148
n1958a4ee6211c02,0.4981246638290685
n195cc2a779178ed,0.4981377142476328
n197454ca0ad37fb,0.5048314174199618
n1989d47762171d2,0.4984505853811879
n198fa4f8e66adda,0.5064829659249477
n1992671ea029bca,0.4997527761614483
n1993741a8df672e,0.49168447564927187
n19b18327e8de0fc,0.4914902973577366
n19b1e0a285601e5,0.5037463626232268
n19b8bc511ab11bd,0.49596538356285336
n19bf08def06476f,0.49903736391963144
n19ce519c6118768,0.4973300172474489
n19e278ee12bac46,0.49878481299889926
n19e7338de721495,0.5112266160552211
n19ec653dce9be64,0.4966591844206601
n19fa4e5592249ca,0.5053264136464581
n1a18004da08d5a9,0.4989061563080661
n1a1b3f7f8052145,0.49774054644600524
n1a1b872a5ca2842,0.4924831488785854
n1a285957f2975b1,0.5041927424112242
n1a2cf68489ec864,0.5033233738913495
n1a404b8e7d48770,0.4993314405887907
n1a425ff0b525081,0.5035899470793541
n1a4b14cc922a2df,0.49508869497365066
n1a4e37c8209a88c,0.4996943111703944
n1a566bea81038bd,0.5013578724140594
n1a569ff7b7ace2c,0.4943476471887924
n1a6e23be0e51652,0.49629857275247286
n1a781140753542d,0.5016805962565128
n1a8029331c7b1b8,0.4963807042457121
n1a87ee4077ca0e1,0.5116823516857596
n1a928ec4d487cf1,0.4987139398656393
n1a951a28f75ee26,0.5015721951419738
n1a9b432315420ec,0.49788982519039976
n1aa0b10c63dea50,0.4961623618225949
n1aa39245c2755b1,0.499144436193077
n1aa77f0327df3fd,0.4965967750633674
n1ab094392f85f28,0.4973514837399142
n1ab226e8946ac52,0.4967935913801607
n1ab53645c28c286,0.49817774501908957
n1abd2c4103d36e4,0.4995464888550225
n1abe573913881a6,0.49771554882391306
n1ac10d2091e606a,0.49532810626849
n1adcd44086614ec,0.5057519918552313
n1ae2d74c20b8806,0.5027846201184001
n1af02693c925a95,0.504323973689284
n1afc960ace00e54,0.5036696163479643
n1b10ea6ff5a68a0,0.5108742446490963
n1b1ab19491327e4,0.5013659787302781
n1b201b49eedbf3f,0.5027978011427349
n1b33820928d233c,0.5027581590769091
n1b360bedd135ef5,0.5033878759432486
n1b389066f39ae66,0.498133572437847
n1b3b6ab3713721d,0.4998329086190282
n1b4033a5b2d68ff,0.5039593933313197
n1b4744b45cbed7f,0.4985228771418354
n1b497d5037a5f70,0.49423939286185664
n1b4b3d37d88d5c5,0.4986283535086619
n1b4f9aa312b092e,0.504690024970899
n1b4fbe572f54b53,0.5022818453525684
n1b5703b808fb625,0.5040289716108699
n1b593c7881264d8,0.5042951003485657
n1b5ad6d6574ce9f,0.49931204150549946
n1b6d27c6e170472,0.5023698742174978
n1b6e899af8667a1,0.49398705953072236
n1b7437ac003d1ed,0.5001893191994763
n1b8661ef3175dc3,0.5025542386934897
n1b9c37d5b20a7b4,0.4921403903852336
n1bab9bd57b7f395,0.49876307505706513
n1bac778500427df,0.5028116655284289
n1baed930e635c4e,0.5130325094641522
n1bb67f172f2244a,0.5016758610436579
n1bbfd3783079729,0.4994140689339008
n1bc163daa9607c4,0.49814138448919926
n1bfea9d22cfbbf0,0.49332259151577246
n1c04965a70f4246,0.5029529582543042
n1c07ada948a9e82,0.503640330627725
n1c2f22aa9575334,0.5014926902355273
n1c30b145f3163b8,0.4973780331129163
n1c320ac28abfda9,0.4974411608714194
n1c3bc3793c273c4,0.5087363738286764
n1c3de236101b440,0.500057755514772
n1c4a8406be5c00a,0.50018543875355
n1ca39085406e324,0.4908640928952648
n1ca515c1fbcc583,0.501221955228552
n1ca9eb2e41945c9,0.4990825912000676
n1cad21c74d0b19b,0.49539176061154294
n1caf86915becc84,0.502104459795877
n1cb1841e44810eb,0.5018904262808199
n1cb3feea1a079f2,0.4945855388003922
n1cb9b994c6609fe,0.4946944145006159
n1cbca45f52aa274,0.5005846320125061
n1cc27a65e7ec61e,0.4965568715822057
n1cc8d5266374358,0.5009959635312402
n1cd26f9fb8f250c,0.4963106734122748
n1cd72caec040176,0.4978664194664016
n1cd7dfb75fc5fa3,0.5008699893462062
n1cdd64a61474563,0.500059460670487
n1ce93448fe0fcc8,0.49609381503435596
n1cebbe56b1f3a0c,0.5053118475119043
n1cf4573de57a3e6,0.4973302885531229
n1cfa899c068c6b9,0.4967697150002332
n1cfd2c5ff1c6f96,0.5009614302960497
n1d0509f8f6d67d4,0.49712741339134997
n1d0e949d2bcfd7c,0.5032207181457378
n1d16c5581e10dce,0.504180707598405
n1d1dd6f6142e638,0.5003483189878805
n1d263de9725594d,0.5073925769299843
n1d2eade4560162b,0.502316150641617
n1d32db9a01ffb6d,0.4984047651623659
n1d4fd2f781ec532,0.4991805086713591
n1d548a863407f19,0.5065941190247509
n1d57065bfad2c2c,0.5055642681000534
n1d7960a5a56e895,0.4987033359429271
n1d7c64994455025,0.49971760854905506
n1d921946a4eca3d,0.4994151035400366
n1d96e6187fb923d,0.49740345102959144
n1da19ba7af5ab5f,0.4992747671699472
n1da1fe23743f2dd,0.5108251671227589
n1da25fda16f95b4,0.4982750533228221
n1da8656dfc12d1f,0.5034027415962238
n1db1fc6248531a5,0.4940016798121124
n1db3550b548f918,0.4964372187363735
n1db7a59cbc112f0,0.5014342156920609
n1db9178f325928b,0.5036525526882017
n1dc58a4b23e0c85,0.49610469601917884
n1dc868c650cedad,0.5074308192401935
n1ddcb52f42564f1,0.5024638186634104
n1ddf55367c672e8,0.4957191799299209
n1de0f6136f8529b,0.49817114237651683
n1df4273d5351bd7,0.5037827521892835
n1dfbd686e90e29a,0.4998361585306024
n1e0be40a7e67b47,0.49532757952189793
n1e229ef36f4ff5a,0.5022038413457712
n1e3b3e82d00e2eb,0.49957299228955493
n1e403e73aa469b7,0.49627466010819077
n1e430804989c430,0.5033664468269572
n1e4f4c7612443cf,0.5074530463778734
n1e52b0e51df78d9,0.49917961287865403
n1e56d7f40b3876d,0.49660787461834843
n1e5ea40bd5f3d2a,0.4930687508319599
n1e791a6f34c6a7b,0.5002920760739695
n1e8a0c1d8efd0c2,0.5002037863357595
n1e90168582173b1,0.49414210745799847
n1e936e6ef4eacda,0.49788726548114487
n1e95e9afb3412ed,0.5103079418435144
n1e991c924cfa062,0.5072978822883856
n1e9b6b4da967494,0.4976964626705861
n1ea581c36f440a2,0.49719118806254137
n1ea8bb25593acc7,0.5076147551726921
n1eb0f6ee7fa93f8,0.49780591759290077
n1ebc06da3ed608d,0.5039687676953034
n1ec4c71e8d676eb,0.5054261919748118
n1eca4cd73e6168e,0.5025115997323037
n1ecc88060b449ee,0.5010041934459705
n1ecc95df613d1cf,0.4982582455999185
n1ed65688052da05,0.49807385309202307
n1ee966e1030a9d1,0.5053182949154166
n1eeb513c38aafd1,0.5044980062210043
n1ef4b54d893c829,0.5016573101253766
n1f035425d39fa08,0.4995080623132134
n1f0442d255ca715,0.5016203416611525
n1f077768fde5394,0.49679898014648366
n1f087437f9c2426,0.4944359612283369
n1f0aa43e3fd94d3,0.49500067689894756
n1f10299fa3be8e9,0.49696042185567824
n1f1b92ec6a3600d,0.5073852507057766
n1f1cf0401061a5b,0.5075212731101432
n1f22a42eae69ab0,0.502623199179193
n1f2558cb90bc6be,0.4977930154059376
n1f2748d53497a6d,0.5004014109524073
n1f2bf6b2bfe48be,0.4902736848337771
n1f333d05c310c84,0.49723009991764755
n1f47d089a06bbc6,0.4984603609685972
n1f48dc3b23fdc7f,0.5044965456730115
n1f4a49b263bd90b,0.49676484410301736
n1f53bec0981d89d,0.5055210285650956
n1f600ca87d8dbf4,0.4941804358827218
n1f739a8ebe0ca90,0.49369042350095416
n1f88d6e90b0d802,0.509966441127524
n1f96ecd7fd8005b,0.5029048472796327
n1fb1b1fde6797b9,0.49277845059552033
n1fb3a540a9e399c,0.5049658089159308
n1fb4663f06325e6,0.48923075487864204
n1fbe1f450da068b,0.5062289658278771
n1fc8273a178ba54,0.49909603333093494
n1fca07f88263d1c,0.504969329581868
n1fd3354ab6a52c2,0.4996921094798044
n1fdf7c20a11fb7a,0.49994308346739763
n1fe8d73445d81c4,0.4988967461244964
n1ff1d1c279641f2,0.4967642378095348
n1ff271e6a419c0a,0.505628447502683
n1ff573c03118fca,0.5003365053793022
n1ff7cc1d6762cba,0.4977749189205259
n203369cf31ac248,0.499196025990729
n2046aa4373c6980,0.500767457873064
n205a994b63b964e,0.5004745441010543
n205f2d99fab322b,0.5040277146198712
n2063ce1916c80fa,0.5055861667639565
n206485f15269de8,0.4959333714883037
n2067a97b43b131b,0.5022942387953266
n206c835049e72db,0.49928155778469496
n208c15b5b94ef3f,0.49607389264744994
n20932c48b6562f6,0.4978803029291973
n209c0eff3e6e522,0.49093970760289957
n20aa06cac98bd8d,0.5028685138877925
n20abad3d8a8cb97,0.49979980246986283
n20b282e983616d5,0.4948837262993756
n20b680fae8991ee,0.5003101850384789
n20bbf06dec1273e,0.5052483281921214
n20bf65bf50ac61a,0.49866902503613436
n20ced6d5bd265ce,0.502602824789086
n20d16ad299dbfb3,0.4916038219956019
n20e97bd470d0e89,0.5024184211292076
n2108c923bbe999f,0.49942251411534777
n211261b162d6b5c,0.497714050882938
n211c335b08de61b,0.49161774748815135
n211f9cbe8607e1f,0.5004002886294433
n21373127b580b21,0.5086571821784559
n213d172e9bb8dd5,0.5034411259239844
n2141087a27ad40d,0.4979370018626627
n215057fd2704244,0.4939069931411279
n215a55996cbaa47,0.5041099746838653
n21650bdeec65ccb,0.4951263422205415
n2190f60af7b76bd,0.5005577151623967
n219247565cef3d7,0.5031446338851858
n219a4bbd0d27efd,0.5006030549823661
n219d9718ef06d05,0.5042690370214906
n21a2701edbc3d7e,0.4987625016204937
n21b579bf874ff78,0.4973292348438111
n21bf3573bd9990b,0.4943576782711033
n21c1eb8236984cc,0.49695718852122917
n21c5b3db92c4c59,0.5046188255138347
n21c5d317c6faaf1,0.4979935925296444
n21d09d12c37c54e,0.5064625711828211
n21d0ad91cabe1e2,0.4986181572705613
n21e37fd0f280d0f,0.4957533453416452
n21f06e0ef49149c,0.5039600378366873
n21fb689b16d599d,0.49863392604056483
n22052073c98aa5a,0.5025443558567249
n222266767eb2dde,0.5020466204592353
n222336821804f8b,0.4958511825861005
n22273cb0efebd32,0.5028934382180149
n2230c73a9efebeb,0.5016597203803136
n2247c1c4481c9ef,0.5009395965184175
n22516f8e0bca3e4,0.49791630328549447
n2254789163e7696,0.501375531782859
n2259838a228f24a,0.504130588677389
n227434938fdc22c,0.5009978231731563
n2286a0ddab586a4,0.49535070764612427
n2286a8dff11eb17,0.4988358151360747
n22944fa62de0401,0.49817007451579376
n22b1629e84247ed,0.49915377334226674
n22d6dfe07ed4232,0.5007608372081072
n22db160c80787d1,0.5001289465556271
n22de3ee85ed5052,0.5038216893697224
n22eea3ff806268d,0.5022874819998269
n22f8e1033ae6224,0.5094544166182273
n230146cb32e8660,0.4996834866807907
n2305cf4c38a58ff,0.5003725306173272
n230a8231ee344cf,0.49819735086558165
n230c47d2e607840,0.5013595109407837
n230c4cd467f1f96,0.5035338543683686
n230ecfe609ed29a,0.5024288273068498
n2315bb24d12b6ca,0.5034445666114603
n2318846d4dbf206,0.5041318755148213
n231d9e85add63da,0.5015558713396958
n23236ae6718b93f,0.5048420868380998
n2344df2c4c15e8a,0.4952752673997098
n234eebd8d762b52,0.5051327416446892
n235679f0ab46b29,0.5000479164000602
n235b4f06c2f14d6,0.5052858439325064
n235ec4758600360,0.4955524892497819
n2361122cc50ece2,0.4995056980124297
n2364517bdcbb187,0.4990086766189182
n237cfdfb232782b,0.5001085895266287
n23810b4d1b79349,0.5109162890591289
n2389ec7a13183a5,0.49888362914393986
n238e2b577ffce68,0.5002371401015901
n2398e7c6a6b986f,0.5005016828936047
n23a21f5a5653e4a,0.5003376484116364
n23a888ec066f45b,0.5010123647865901
n23a8b099b19c647,0.49814036904995557
n23b332360685752,0.4985649459919195
n23bb96a9422d083,0.5052337875378763
n23be0217c5e5fa6,0.5032215081038536
n23bf4effe2a3027,0.5051865683656944
n23c11a1bd3fa42c,0.500157461110621
n23c4dfb8ca3cdc0,0.5014509347830955
n23c4f38c930f238,0.4982807391280339
n23ca4ce5f7c07d8,0.49987655404001713
n23d3bdf0a5f2fdb,0.4987754613567285
n23d98b28ff2e962,0.504772677830762
n23ebd47cca2437b,0.5012413659000564
n23ed66aa512f2aa,0.5004117257608475
n23fd17bd0836db1,0.4978173672026771
n24096ef7e08a20e,0.500315520146951
n240ac1b451837af,0.5019303523857898
n2412f08635827b0,0.4971209578817825
n2418b2ccf99c909,0.4976172393136056
n2419429f27df96b,0.5019224533218424
n2446edf853252ae,0.5115331339490662
n2452384ff238b44,0.5040547929225453
n246478ce8db6f70,0.5010933834533368
n246a4df0a3ef226,0.49498328942219866
n24777335d55ff01,0.49900909726450093
n247e733ff27c13d,0.4969778521841937
n247ef8f5365a6ee,0.49952877848815
n248230c19ea75ae,0.4952574941738273
n24854f55713a03a,0.4990256747715236
n2487d9587515b67,0.49392630708888474
n24b9f51213cced0,0.5041333971868841
n24cac6e51feade7,0.4981477032833721
n24cfa217e7a6955,0.5034045563641679
n24ef4d6d71b9966,0.5042171234748004
n24f76cc03f2e0e1,0.5023612223755721
n25024aa4bb85ed6,0.4951966406244295
n250ecc0a4348b10,0.4971637137436966
n2527d5a8b519847,0.4964122919479764
n252c668387996a2,0.5055253623599951
n252caf2d16631b4,0.4968203376074661
n25648c4687cc58a,0.5004711851107078
n2571c1d02d38c31,0.49445993146958683
n257a691b7f38ce3,0.5001009229993256
n25879ff455d071a,0.5078636121589497
n258a6bff8a0ae7e,0.5009542392702644
n25c27d9fa4b00f7,0.5072153748186579
n25d4a5f03a3fa1e,0.5007575514720894
n25f136c5b0d232d,0.5045096040823185
n25f86c960c9c555,0.4975495670819563
n25f8fbfc60ec2b1,0.49529799258810203
n2605b0806c192ce,0.5078009791844307
n2618f6bc63a79e9,0.5002513222565145
n261b1d4b205f70f,0.4997492448563712
n262164f5e8b87b9,0.4943253900410918
n263668c4f971a93,0.5054902110816656
n2640fcfdcdac9ab,0.5020694940894305
n264f67100a0a912,0.49641946414609395
n265d23938ce5e40,0.5007905075052249
n2669293170569f4,0.49727687249886254
n2677ee98f340f7e,0.49068045370695484
n267d6c0c88abe87,0.4984432803915584
n2694c3abf5f4aaf,0.4978809152120019
n269c0ea78b254f4,0.5042969861785396
n269ef4b41ca36c2,0.49829529451789356
n26a265d2a7e516e,0.5004968542369801
n26a75f052bd1f8e,0.4989882574796482
n26a764e013b63f1,0.5022115976509316
n26b767691db0ef1,0.5007601725833686
n26be4eacc694aa0,0.5078858458971822
n26cdfdc57908961,0.49548712454410915
n26e53421f7ed6d5,0.5039354614807801
n26ecbd1df754cae,0.4983762947313429
n26ee832d2039a3a,0.49255444370015894
n26fb271bd0647bb,0.5094205494435322
n270387f70d6d5b2,0.5060593845555905
n270bc754de8e933,0.4980662440750352
n270ccf46c67746e,0.5064381689200003
n271b32fd2f81f1c,0.49799343202344315
n27249e4e4be4885,0.4932825779821743
n27273fbeacdebe8,0.49300612803111366
n272a77f7d0e397b,0.5100446701183551
n272a8450af34d17,0.5028910407847043
n272b7acda5179e1,0.507314894168572
n272e35a6b694c03,0.5008981964756923
n27323a494f6ecc3,0.4957973234080909
n273f76fa8bc2a7c,0.5026252351771715
n2746bcd726e3bac,0.49810544875066337
n27502a8d7fdf250,0.4989212607608909
n2750c78274f8635,0.5082675418678424
n27646fb6ae94991,0.5001990666493371
n276eaec758cd5a7,0.4974994368776136
n27769c2eed00c5b,0.5082572702948456
n2784cd0878e642d,0.5046066245813842
n27a5db84822aa18,0.5056520596727833
n27aa8cb90304175,0.5015690577188043
n27abafa97034142,0.500615625747803
n27ae3a85d7231c1,0.5060828955174513
n27b49d4b43053fc,0.5025007586893777
n27c55b546ce490f,0.49818918217883795
n27de824ae68bebc,0.5010244777067316
n27e21cf8c6cca69,0.5014928258607095
n280638fbe5555e4,0.5024117241646473
n2806f7de7581d95,0.49955070372987315
n280ad62adcbd494,0.5048333076353337
n280c60827e6b71a,0.4979721472695768
n280f040cd8f7413,0.5004238900276617
n281b78401d044f3,0.49636137187702745
n281d94ef443eed2,0.4983600959401342
n282285bc6b2e166,0.5012262310241967
n282fdfd9c0597b5,0.4999469620122924
n28306c056bc2738,0.5046870366027063
n283f3ec66cfe8eb,0.5039052689848263
n284537ca8bde99d,0.5007689263541192
n2852847af010633,0.5019699613114634
n28787235399d2a0,0.497513551369201
n288ca8539b0e62c,0.49885622830094123
n289ecc707ed9432,0.5033297792420718
n28a10a2e6ba0de1,0.5033241645519908
n28b481338c229c9,0.5036745871045484
n28bdc9f1cd9ae4e,0.502560096507945
n28c63f6d5198e5a,0.4963382961849701
n28c6a5748e714e6,0.4860633115635732
n28cfd092b376ec0,0.49739120885734506
n28d270cc357d6eb,0.49845840697765925
n28d47da95eaf10e,0.4991774679496526
n28d6f1e4ca21068,0.5004835111295162
n28e2d1ae3cf6c2c,0.5071129545772942
n28e9f542cc129f9,0.49854169918151037
n28ec9f605aa4283,0.5025580988413627
n28f2b7f3e4f4640,0.4972467555033863
n28f4a752acaa0c3,0.5002748273154993
n28f8e3dce0f31f7,0.4968250726533383
n2909ffc1504d967,0.5024693406315979
n291cf82db9a0108,0.5014258439431458
n291daeda0e92e7a,0.4990028769245934
n292e457e1264ac6,0.4977984556850083
n2940719949cab68,0.4995200330142673
n294fabd3aef37a4,0.49753897567891536
n2955411af08b435,0.5021444940729171
n2957652d9875db8,0.5015675866762085
n2959cf347cb7af9,0.5043149390657585
n295b0ef6b8d4bef,0.4970386529747392
n295b9d7a91953de,0.49810776055926226
n29641764db708d0,0.5052113033782586
n29664b2a5485230,0.5021329270328506
n296fd2a509ada4c,0.496451320553984
n2970a9226b35964,0.49901949443428767
n297cdf600fc1997,0.5037104533080475
n297fea6b040e6a0,0.5057840289449379
n2985ba30eeaf647,0.49864555737959426
n29860b05f02cd02,0.5002435421364295
n299895355ba37d0,0.5073688927410027
n29a0f1e1361a86c,0.5008670388411399
n29b4984c83ff0f0,0.5024455015533281
n29ba90cc78af179,0.49828233704814223
n29c0456d90438e1,0.5048742392237667
n29ca985732b0149,0.5018010185384821
n29d1e7445c99d28,0.49633189727717886
n29d68feb2499a37,0.5002798614401852
n29e0b2d614ead7f,0.5015269043633944
n29e7b11f86464ee,0.5070983681486902
n29e97ce5226fbf1,0.5017459624699347
n29ecff750d88800,0.503922254151838
n29eee391bc8f244,0.49408098833837355
n29fbb6005f69755,0.49665069187181826
n2a12b92533c0306,0.49417837625870803
n2a137602f2d6278,0.4971401836701985
n2a26408267602b0,0.5045940990681984
n2a408052df045b7,0.5069321819421998
n2a52a0772c199e9,0.5075687276802212
n2a57493c70e16a3,0.4982583097651323
n2a6278d2579f92a,0.5063274129742426
n2a703c6e8ef47ab,0.500452743603918
n2a73476d93a8ae7,0.5041358006770305
n2a7a113b9bd0195,0.5002035912949963
n2aa18e7fc294a2d,0.49539423284491224
n2aaa1e53435e615,0.5021674079982866
n2ac3b669800dc06,0.5120370955994374
n2ad9d271f8acdf2,0.5047251492068414
n2ae7d705abb6c87,0.4970953606645353
n2af393cc4ec4cb3,0.49919548518431145
n2afb3fbf92c8d18,0.4995619444739014
n2affd55b4b52d7f,0.4962730190788362
n2b0d2e81f687c2b,0.49535605357648915
n2b1b41526f3e525,0.49966167490594826
n2b28fd7ed68cbe2,0.49959818155096386
n2b2c98e978cb731,0.502384845843524
n2b4ca83cedce7d6,0.4973435998016445
n2b50b0e27e7076c,0.5072015160911083
n2b58defa59c32a2,0.4967684468815748
n2b59475df7d8574,0.5005785701568216
n2b749d0f754f2d9,0.49870978739222016
n2b807d770082a1c,0.4995722171660532
n2b834728e31e264,0.5013638910380503
n2b838706025ff8c,0.5035367400321076
n2b8fdd7b220bcf5,0.503743960297414
n2b90a000e835ea9,0.5038810977765358
n2bb02df34b5fec8,0.5022884846568658
n2bc3d1412820bd0,0.4986709955674968
n2bc80b4b25be598,0.5059719560717689
n2bdaf0e44a730c2,0.49628367167956
n2bdbbf1b2fd532b,0.4999327734931295
n2bdfea73415b8f1,0.49500698299329976
n2be792845d3cc45,0.4963897699576839
n2bf1d7dca644a1a,0.5059606950119984
n2bfa2cebca4e4de,0.5009534888932642
n2bfef524040fa20,0.4968809851889668
n2c0616335ed2407,0.49774800752291243
n2c0b22cd6a9e2a3,0.4950114204520201
n2c0fcc878bde679,0.4984310938346329
n2c11356440ae2c5,0.49626115334615967
n2c1233a3e646d88,0.497164525769726
n2c205004833d622,0.49943701228850834
n2c2d14178ea210a,0.4979945670159809
n2c347460cdda6b1,0.502856155679711
n2c49e5e8caf2ef4,0.49751399821118614
n2c59dc28461f6b6,0.4944919077741172
n2c9298f2ce8a2a3,0.5017095964999353
n2cd3208b146b092,0.5043690623283598
n2cd7102e946227e,0.5023820788360802
n2cdd2b0edd059e8,0.5039891207471355
n2ce4c094445615e,0.5027988571430594
n2ce6045f22c8b1d,0.4983376064870296
n2cefbef92f222a3,0.4998810041511478
n2cfa0a5f2a24e0c,0.5036651300817887
n2cfa49e6b6e1681,0.5039338529302525
n2d0491b1b75ed9b,0.49767238922982926
n2d07ca304131592,0.5005655978486634
n2d13e6ad971a79c,0.5023557669034452
n2d1dfc9362f8e5d,0.49994766353579445
n2d257575e73c0e9,0.5033320572722564
n2d25dbf7218b147,0.4959620002106036
n2d2a9ee6d3cac57,0.5024192663456685
n2d368ba0297455c,0.4917093388398932
n2d41c49f6fcdeb4,0.5025537853655883
n2d5a2c2493a666a,0.5014095705336926
n2d5d01abc49f6d0,0.49503902103392355
n2d60fcf012db21d,0.49257212452689486
n2d622b2fe2e6c0a,0.49692514758567435
n2d68ddcfdd43dcf,0.5078915775659751
n2d73727d2afe497,0.5002667440181978
n2d7ebde5a528d3c,0.5001859285988743
n2d8d443c49e2b08,0.4975963852483945
n2d91eb325f1f3c8,0.49827533289616477
n2d9be35db24bbac,0.49783236405559966
n2daf406a138e392,0.5069563134356588
n2db82cedd976346,0.49397198202267795
n2dc0124521a4866,0.4993536364487931
n2dd7c9158fa54e3,0.5061132725588166
n2df8a5f449da9c4,0.5016614569497745
n2dfc52490155c3b,0.5027447215128975
n2e04cfd5beae94a,0.49839633370384084
n2e086e43f6cdd9e,0.49633315389531935
n2e0b5fea9dc0567,0.5033190605032634
n2e1a31c0f0ed573,0.5050977837915198
n2e1e78837e2b75f,0.5034333729496283
n2e1fbce2bda52ed,0.501015433764196
n2e26fc7ceb40991,0.5055491549743822
n2e2a79e135f3a19,0.49423386523277923
n2e34b2d721c8fba,0.49720020207621923
n2e3fe361da686c8,0.5016211247673799
n2e4f5a63eba5c8f,0.5007015272478454
n2e50d5af56602f6,0.5002824104722923
n2e6052644f7e663,0.49585962294079894
n2e67b210c7bc43c,0.5002582735587977
n2e727001d4e223c,0.49821486597888126
n2e872d5e64d7276,0.5038232785651172
n2e9600d72792111,0.4949831800297875
n2e985dee3cf5dcd,0.5040097106240432
n2eafb9ebdba0d87,0.4925784797440438
n2eb9d97c88f8cda,0.5024553609987255
n2ebb21ec135b272,0.5028480777849575
n2ec7d899220b060,0.5041405552144461
n2ecaed9d349c5e8,0.5028824523069896
n2ecc83869d4547e,0.5044930897124137
n2ee4933cd34fbc2,0.49528426583259705
n2ef7769cab2447d,0.4996912084854191
n2efa129ed8bb6df,0.4964423589434966
n2f0c39740a4d2c2,0.5054639049494819
n2f0f0b92be121a4,0.49627930615078497
n2f2e7f7c8285aaa,0.4962724264417235
n2f3a131e639e97b,0.49869803705774984
n2f3b4973dd13fa2,0.4994473708671024
n2f509b1330a41df,0.4978872151489462
n2f53b7caf6dab80,0.5002798899899559
n2f61b429a3a3068,0.5000415422692494
n2f61da34543681c,0.5025466398573605
n2f7ab652c31b962,0.5034831298438528
n2f8e16c16071aec,0.49940926176719375
n2f8f0af292cacf1,0.49524243186294264
n2f9d14b9c6a88bb,0.4986218256771113
n2fa4be3edb1e991,0.5033280513733701
n2fa827ab8a687e8,0.5001546587785453
n2fae7565ceef4a4,0.4940238270365004
n2fb3370a6617b2e,0.5005899324868663
n2fbb589a8dd44c4,0.5043987308369016
n2fbdc95e053eda1,0.5004692882480323
n2fc068706a40bd9,0.4986052866945378
n2fc1c9e1551113c,0.502665262610332
n2fcb22095400659,0.4993195220898521
n2fcd79bdab6af48,0.5002184553288072
n2fcecb69c557745,0.5021270146490944
n2fe2a4e88087f67,0.498713422513588
n2fe9c69eedf4447,0.5035350448648481
n2ff8b0b9aca14d2,0.5009293497333875
n300f10bab28b1c0,0.49929046653275333
n3010e6bd1e9c222,0.5010789154539862
n3011e141698c47a,0.4936861822563029
n30259c78985928a,0.5092178167390461
n30280a1857d826e,0.496691479160342
n30294eebd2567e8,0.49667862118025713
n303f1982426a4b2,0.500357379258572
n3042e4b61ac2219,0.4992413195964889
n3044e87c3c76774,0.4971442488994166
n3044f493abb4369,0.4990972489372513
n304ecec14bee3bc,0.4963743717551046
n306f422b590be30,0.5046193379246916
n3074e00ffe915a4,0.49512037990149727
n308f748dd839f8e,0.4994910472781851
n3097023f205ac0e,0.5014619698639452
n30a0b65e4e4f359,0.5091576854110391
n30a617c994f075e,0.5036129910133906
n30aab0c81c8b2d1,0.500424895045039
n30b0c2e27660558,0.49969092110847213
n30b8f5014705624,0.49899074362110457
n30cb32eaf3bed16,0.4988148982527426
n30cb4afbced827f,0.49844324724099864
n30d290518d1839a,0.5022631600013977
n30d9b7266724742,0.4957697993897608
n30eb00f0de54359,0.5001939260502514
n3105d3cfa5348e2,0.5007445404717952
n310f33863700c14,0.4987054837020658
n311858472898194,0.4981776158429764
n3123a89550d634f,0.5002265566015971
n3125e02318c377e,0.5094517654446162
n3127825e6da87ab,0.5049853889983531
n3130eadbcfdec98,0.5012998933188751
n313b1e8eba06fb4,0.4975518631855165
n315602dfa49c5bd,0.5014993403657635
n315c827ccb09e10,0.49703084141062637
n3160b5a620ae888,0.4947096386169005
n3165849dcc32189,0.49727478695740496
n316ac009eabea67,0.4981943095805454
n3184dc334d91280,0.5011585662947515
n31859c9d529b31f,0.4987614968272531
n3194c09d4a23e0f,0.4998125201283481
n319be6999be82cf,0.5015429287713019
n31a78a9e716fd23,0.5027975739590768
n31c33b2b4f13b0c,0.5036317139173365
n31d0f6aa3ac1b17,0.49704336777837116
n31d3ab9a24d7da4,0.5027865439107341
n31d41e6055c8153,0.5017282486321694
n31d7951acee095d,0.4998985588456805
n31e2c10299e55ed,0.5043031943346771
n31e4573459918f5,0.4994013583597548
n31e812d4a079bd0,0.494399451790467
n31fd451269c9490,0.5000581611817368
n320ea82695d0b7b,0.49941100394391813
n32258d79369e60f,0.5003123818032105
n323befdb34a2342,0.4975112308628111
n3244abb629e9055,0.49616314688242025
n3254ad611ac975a,0.4948465504380983
n3255cd1eeae4793,0.49701543779081886
n325c1dd3f90afc7,0.5003625459398937
n326bab8d44f1f62,0.4994610240975296
n3286ca0e4d4b700,0.4968402678857056
n32b35cfa48dc4ad,0.5073513602959864
n32c800bf5c2c3b9,0.5033305765403637
n32cd920ad657100,0.5067249697809015
n32d487dec10f5e0,0.4978079090570032
n32ef7e5d1a5a497,0.49811283384429494
n32f73b785c5c842,0.49707719647336196
n33023b542a301b2,0.4939131930367543
n330ca46e78c5c9f,0.49655071089649305
n331d435c74e7ab3,0.5022428978543032
n33214cc0c77e671,0.5005705914842222
n332804784da9e8c,0.49861659872737585
n332ae2a3f4ab52c,0.5032795613342588
n3342833abfeda28,0.4953181562744915
n334a28d460bb8b2,0.4982685251663338
n334c0b9f0bdd490,0.5050130158060435
n334eeba8378c212,0.49673104382923156
n33537f9a576b310,0.49353255737801816
n335735c48d315d6,0.5017032581439406
n3359661f8b8db94,0.5071248454805102
n335c23a2f399067,0.5071444226264517
n339f56c992b7ecd,0.5074354005157673
n33b2f28daa00fb1,0.5033752010061604
n33b5dd663ed71fc,0.5039843089534158
n33dad22957ae0ed,0.4974710003362112
n33e0c79553bf76b,0.5004196881531197
n33f80ef8d86fc4c,0.5099212103434769
n33faa8f24f40ca9,0.4978527731961787
n3406286ffa4d1c5,0.49586459223631973
n3406434790026e4,0.49648508226126364
n34325a78ff63bbf,0.5054111884377981
n34425da110f697d,0.49169911751712186
n3443f844a96cd01,0.5018601419910029
n344628f8c425365,0.496988069084516
n34555b203b77207,0.5057351443153929
n3455f1c6d4eac7b,0.5037886272856469
n346fcb581ad2a9d,0.5076755717898849
n3475c13ffc3d4b9,0.5026400028964771
n3488cf66af79987,0.49809065304520095
n348f552ad386e09,0.5044929319949275
n34942f7c6d99204,0.49827885415007617
n34986eda0281ee9,0.5053530123611355
n349addd3ccc066e,0.49668620535959307
n349ea10d905ec72,0.4967723105269686
n34a560d9d2c62d0,0.49707012331648004
n34a697b13cba32b,0.5046458608628362
n34b20957012f589,0.49746604989904564
n34bb893fe044696,0.4996896538601395
n34bf3f4def53c7a,0.5012586147346788
n34c13d0fd2b2684,0.505350091450023
n34c4ce37f03138f,0.4994540605254903
n34d070495ced639,0.5060322297453234
n34d08b517004f0f,0.4974285859734427
n34d20480c59a87b,0.49866226505238015
n34d56324430696d,0.4932885666129353
n34e3f74532ab883,0.5076697762286836
n34fa1fbafe84f4f,0.5001164521884329
n35043f8d31e96a4,0.5038716468838313
n350808e2d644191,0.5017929272887526
n350fdfe0d7add23,0.4986096493459412
n35160dbc8768095,0.49635257074854233
n3517116e6b963d5,0.499567557316504
n351b82c0dc11738,0.5026294652582894
n35235261b54ab58,0.49908306163672383
n352395ec978204b,0.4971909914091536
n35269b09abfba90,0.502475656646995
n3527fe753050f0e,0.5017868958128219
n3528226f9564207,0.5041389059718929
n352e62086798090,0.5036664550259258
n352ea4438f1dcdb,0.5053623423759028
n354cc4ab6afaa13,0.4987177810825636
n354f9fa79777f51,0.5008646186818089
n354fab6a58106ae,0.4993728962513409
n355a3faceb63e76,0.49442152734496025
n356deb257004541,0.50039287523174
n356f27f154d8266,0.5027798036999956
n35786caf67d0643,0.5008904275970772
n357b7748b0e6b61,0.496561278340243
n358b9a04170d55c,0.49912791269277723
n358ddd1fda7ff08,0.4955474688579914
n359e40dd374cc5d,0.49604403955234433
n35a06f12d937252,0.49690209507802874
n35a6273b8571065,0.498862730000778
n35a727806f146eb,0.5043461362188534
n35aec9a812bf466,0.5016037096219446
n35ba312b975827f,0.49765384589075945
n35c1d94bb6ead37,0.5058052730506105
n35dbcde8899b84e,0.5047528624238685
n35e349c74325b4f,0.49871566085015184
n35f3032a674b2da,0.5036337813617024
n35f5e46d26ffc40,0.4976473452110255
n3600a754089e281,0.5102317822182885
n36034fa4a0fe0dc,0.4972490099468145
n3607494cad84e53,0.4988962770314227
n360a1a8651d198a,0.49969462923231955
n36161f2bd65bd57,0.5001290028758306
n362b42285030917,0.504262633802154
n363f10652260be8,0.49757382841896886
n3641d74981c9582,0.5000584620864685
n364bd9ef3b884e2,0.5023772231166274
n365d712aab05b73,0.5133584296834015
n366916ff58965ad,0.5018830073303339
n366be576ef6090a,0.5016970276195121
n366ea334819b90c,0.49902560167383075
n36728e4d9593ed2,0.5039016570061873
n367a8388a379aa3,0.5013611947040558
n368ac0ddfc3ac51,0.4941798362602575
n368cd2d2afd4519,0.5077747517898357
n3692d7606eecdf2,0.49628204810429194
n369ea1a00a11b71,0.5030749580478054
n36a99b84f5785e5,0.4994624385039767
n36b2f084f670bc1,0.5021577923851755
n36b8bda1beefd5a,0.4981269712359485
n36c83410313238f,0.5080684122447846
n36ce57d05a5785d,0.5021399045958738
n36ced3a2d98d2c6,0.502164084991351
n36cfc8744020561,0.49980254206093155
n36d8c83d4a1d2f8,0.5060311929032069
n36dec350a4fa298,0.5016897380564008
n36e0dd2a987f375,0.49981954612846086
n36e538ccbfcd0de,0.49342753654433497
n36f2334fd48d357,0.5080402750265497
n36fa01eb7c06fc2,0.5059919239675529
n3701f37e25ba421,0.5012284451860806
n3713c1b137489b7,0.493843638475065
n37171aa5008aafe,0.5046607464788279
n37188fdc12e8af1,0.5027484435275665
n3718c4ca9afe49f,0.505558585037221
n371d7b40092a0f0,0.4960602879765716
n373d9a117aa4c01,0.49773733516992813
n37495c0b6297cde,0.49977954723312806
n37528a37509d845,0.49568271261134245
n375f183c79ce439,0.49843350932349567
n3769bb621a7aa39,0.5002328132442102
n376ad5b93227194,0.4982226585170521
n376bb793ccbc412,0.49603521947361157
n376f1365bad73ce,0.49571365374167703
n37784698eddbe9a,0.5009271829193771
n37789ed38040839,0.49865594476550623
n37807c0af5ca5da,0.5010470748972287
n3780f0cd4d18f7b,0.5070354743470247
n3789e0f94f2f329,0.5010436009463475
n378ba07d45726af,0.502906590707025
n378c19e4bb0a103,0.505365138223058
n378c58c13900286,0.5051622023548739
n37a11e2d03b8a96,0.5019205150094076
n37a679c376d3f3a,0.49587094064037457
n37a77f42f83f876,0.5021342136794723
n37aa237c34d5b5a,0.505536662419407
n37b368e730f0f1f,0.5041138301822341
n37b398c20800524,0.5029398495310912
n37ba324a292469d,0.49653593359089465
n37c065e30d3dc0e,0.5071455624826612
n37c537803cc94d5,0.5009273900461061
n37e6a50caf5f287,0.49882723905636767
n37e6c3235f2dec1,0.49733998310005306
n37fae4792040d70,0.49634178006401
n380776865f7a9f6,0.4990391569044334
n380d465b5b76523,0.49596810768154065
n3820db7bcd8160f,0.4978773990831661
n382f5070f8dd901,0.4972650769707791
n3833a331242bbf0,0.4949585076509332
n383e2cf4a3150d1,0.5050626673231552
n3854dd73b14bb0c,0.4983375206918381
n3858edaa9815b34,0.5023345253626615
n385952455b5985c,0.4996278743967462
n386399d7d51fb97,0.4992680292262958
n3865a46e480a980,0.503308721954934
n387016a59b2347a,0.4961476751074442
n3873468b8976cdc,0.5049862688783625
n387ae0a343d389d,0.4991535238282479
n387f66a799187cd,0.4942914041770638
n3883504fa657fe9,0.49860031908050545
n3886129f3fdfa0f,0.4973202238683065
n38997758c720ad1,0.4924047766773242
n38ad0e3b894b0bc,0.49820916169070856
n38af51dedc92f26,0.501983150111972
n38b28a88d46249f,0.5060952309994544
n38b6c82a8713efa,0.5067949325898048
n38b7a4c1ca7be0a,0.5094390983902953
n38b8cc6716b6a7f,0.5037122955926052
n38ca3ccab58bd39,0.4975528617580362
n38d032d309caf3d,0.49863546180074664
n38d78af437836dc,0.5041253567073173
n38d78e46b04b4ca,0.5017734067958406
n38d88fb08f8b625,0.49962010017675823
n38db77bcb02e254,0.5012168420751291
n38f5f7359f71bac,0.4990947644388259
n38faf1c5b0a5e2a,0.4982018745439064
n38fbdb0bfb6f231,0.4976822401458088
n38ffa7b5c7f2f99,0.4966777525563349
n3909528d2bd24f1,0.502144063073123
n390d5e64b49c28e,0.5028752678645874
n390fb9a38d59287,0.49515463939679255
n3919c880c2b974a,0.4974270603889241
n391e1170eabc7db,0.5047148637796007
n3921215fbf73ead,0.49665776582202814
n3931da966f0f352,0.4977908834522196
n39341647425af80,0.49750488807453325
n395013221421995,0.5005960219967559
n395ab79a11a6686,0.5047488746980449
n395b6f1c28fa027,0.4991344208259113
n3969f7cecef2833,0.4974621117392928
n396c67aaf480d77,0.5061660364270597
n396ccc1c690fe3c,0.49591355720961766
n396e226a23db2dd,0.49595339119708004
n396e3de2aaa8d0a,0.4994068709263223
n399ab473d7af561,0.5019628810539939
n399f03588315fe7,0.5050587889458223
n399f3c9fdc06aed,0.5061581566502836
n39a5f1a307cd530,0.502772473322333
n39a82d09813f4e3,0.505382450011532
n39bb52c8d4b9c7f,0.5065446983259899
n39c90c8214cb5f9,0.4957528502294208
n39dd81cc0cd0823,0.4930142871590392
n39fb8d17064593f,0.5036674654954753
n3a00517014f350a,0.5083954277863855
n3a06a294a720cba,0.5005553738999026
n3a18743e90e94b4,0.49972203597010373
n3a26744d5752037,0.49835112467758785
n3a2d49c4946eca7,0.5024701107087585
n3a42493cea41f9d,0.4966278412232386
n3a4b4a781e2a6f7,0.5031779525195592
n3a4dd40fc1fbbe6,0.506714351705724
n3a5913a70758fc3,0.5020799986307086
n3a5ce8928a2198c,0.5054047355985889
n3a608e63d064fa6,0.4981104288103528
n3a72828c5ff1a78,0.5024529010094758
n3a7aa6e84bef3ed,0.4984582108749809
n3a881de0d9396ec,0.4970344424640688
n3a8e646cdf46fe9,0.4958352813516658
n3a9faf748b4e429,0.49715413773952905
n3aa583f66332ff1,0.5033506023223102
n3aac8fdcffab144,0.4965847332247121
n3aad16e23d5915f,0.5070144198720528
n3aadc3b2d9a58a4,0.49970183355360126
n3aaebdd2979db65,0.497446052251844
n3ab3ac0f3edcceb,0.5039154129595806
n3abb031ef61aad1,0.5038800723481105
n3ac602aeb0cc6bb,0.49558154478874594
n3ac9528a00f6314,0.5024016322208544
n3ad696ccc07501f,0.5035845844806957
n3ade96e9690ac5d,0.5068316627301063
n3ae3f78d712e95a,0.5067804096711679
n3ae4c7bc6959ad5,0.4927056187890655
n3af6e8a0e6a12ef,0.5054113981752869
n3aff15b5c9a4da3,0.4984469196271021
n3b039dd6c9f8962,0.49699902251700345
n3b053c2c2c28514,0.5002714105457312
n3b0d91b01b60b65,0.4947284531356719
n3b0ebc4128500c9,0.499520924920474
n3b10debbc238181,0.5052940943332933
n3b1943f23865dd6,0.501797177263743
n3b34858586ff6c1,0.49558231754848053
n3b3552f22d98437,0.5002073844910199
n3b37bba05f4cec4,0.4978245576943605
n3b3f73b668656d2,0.4972634478356014
n3b42ec8c9739f37,0.4956494400676443
n3b44b652093a3dd,0.5021198274848552
n3b49ce22bb4f01d,0.49923721427326634
n3b4dfc878358f34,0.4986187992638409
n3b5623b16829579,0.5040441427460929
n3b6890fb32de545,0.4938094995617836
n3b79a6e35ba2043,0.5011118221094769
n3b98f08172185fe,0.5018683608138147
n3b9bbfe035162d7,0.49702925573733325
n3b9cc44d8e5f129,0.5023148400205901
n3ba7a679aee118b,0.4938926366692038
n3ba7c62a7e4c49c,0.5003278215376837
n3bac842d9871c5e,0.5064364685165855
n3baf086fb9a7240,0.5008195232686844
n3bb047ec31fcb18,0.49837739172091083
n3bc0188dc8198cf,0.49613446715771925
n3bd4e349c425812,0.49590765401885045
n3bd5e693a26a2d5,0.5033953030799085
n3bdf39f5d179fdc,0.5002981333577701
n3be7d35c8bab841,0.4972989567530224
n3bec3f3a84ab668,0.5027427508318022
n3bfb5f8ecc71e2d,0.5042863935355613
n3c0113d4ac4c4b5,0.4990671254332676
n3c0969bfc8719e2,0.49710826020927046
n3c151ba8a67874a,0.49746268048887565
n3c43094ea053a49,0.5018169593183877
n3c522eab43c99b6,0.5031858638949774
n3c5942d2dd2e1e7,0.5064271537509275
n3c59947d60d7a48,0.4953084251923647
n3c6705581b00f15,0.5013928034940002
n3c68588beeec804,0.49800392331931864
n3c6be9fa0f467d4,0.5010024940010559
n3c7b7824892562a,0.49781361673882
n3c7cf9e7422a2e5,0.5027669670061325
n3c8221b6a710d6a,0.49555381969409645
n3c847488d60d06c,0.4986814980659376
n3c8ce87f6656031,0.49392893323113907
n3cbd640fec5ede7,0.5036585389805639
n3cdecddfafd8e0d,0.4974742814814946
n3cea161c34ec111,0.5016512037498563
n3cef6afc901b655,0.5040819697596106
n3cf35a44cc0aad2,0.49646989353363
n3cf3ac99c43c500,0.49819111497328517
n3cfdb93c98d9de3,0.4997694592479606
n3d0b92638ebf416,0.5043112822954272
n3d1ce3b716cfa91,0.4991030068287152
n3d2306c3e4c4942,0.49997684202071396
n3d2e185c90311af,0.5030472948811671
n3d3abf7649f9f0f,0.5011489974068436
n3d3ea37efbcaec0,0.5067903754344297
n3d422fbc2d2383f,0.4973609685013405
n3d4ef4a228ec667,0.502548755818933
n3d6ad88573096a7,0.4946067347737387
n3d727ad965806f3,0.5097265276456623
n3d82119fb86f47c,0.4997567872925666
n3d83cda44ad2c10,0.5047538546183644
n3d87c5fda83bace,0.5005614506794318
n3da10300bcdff2e,0.5009433211814426
n3da6da0f0620cae,0.5034299215247
n3da90cc882f8a43,0.5040002254002499
n3dcb6e4385c76cd,0.5056430332495038
n3ddd332c1b3ea40,0.4963037224247745
n3ddf52d0ec689b9,0.5001982440788568
n3dff19f9a11a5a1,0.5009708504398888
n3e0e06c96bc53ae,0.49873831399466134
n3e178317d5e06d4,0.49876828655900973
n3e3a08ef9b2df4d,0.49872082771541953
n3e45886b4745542,0.49886418622483825
n3e4a19f91eccf66,0.4957653720333928
n3e550dba2f1b532,0.5055653542307181
n3e579175b009647,0.4964054851806227
n3e595fd12d1e382,0.4953716492876756
n3e5f902e6633645,0.5064929542321304
n3e62ae2624a5017,0.49666223189849484
n3e62ed817784da9,0.5008115884071006
n3e755b8c4067d9d,0.5051732272441697
n3e85f9c850c8a49,0.5049563939812725
n3e87e3d48cf6f5a,0.5013318241912041
n3e915dc043091cb,0.49443834985275087
n3e969ce48c33424,0.5057085189191604
n3e99b54e5b2553e,0.4988632087077193
n3e9d6886f6818f6,0.5067484767889321
n3ea3d1d26c8644c,0.4965946397973378
n3ea64e933ef2093,0.49791750336020396
n3eb7cce552a5c8b,0.497458341000377
n3eb7d1e5c2de9b1,0.5042660947420958
n3ebe5e0ac943893,0.5043529254549489
n3ec6141c3c10b14,0.49559216955471413
n3ee56ab825c84be,0.5014507607100145
n3eea03e09312267,0.4985864450358778
n3ef2dac98f47db3,0.4942115471249448
n3ef9c897e997591,0.5028295830945635
n3f07ef0fe93132c,0.4972036864988496
n3f0c95bc83e4c6b,0.5008392173955761
n3f23c74c9ad10cf,0.5007525435347782
n3f2d401e826e6b0,0.5013398603535151
n3f36a5d0b57b856,0.5042892636914574
n3f3d6747c4eedff,0.5006734747933416
n3f488cb477cdaf5,0.4985011722375138
n3f4a09d0199021a,0.497600301698467
n3f52610ca137134,0.493947199108597
n3f58ee1194842a2,0.4985142075035046
n3f60372fd90ae37,0.49527627749747244
n3f6d203fd5a0b68,0.4938991236009514
n3f71ddc9886f661,0.4959276131316733
n3f7352c1f738f71,0.4956406313682645
n3f7fab8a8977ca1,0.5023743626214207
n3f83295c3023fe1,0.495950335387986
n3f832f6b93d9722,0.5114491021360484
n3f844eac839d415,0.4908762821898551
n3f8f9b88650bc29,0.4982867400113443
n3f93182cc4dc7dd,0.5026520148121939
n3fa50786b5591ab,0.48923270913889283
n3fadc70798f96c5,0.5067880135709478
n3fb5857de8a1781,0.4985249064067822
n3fbc1108e23fdc3,0.49654040264761473
n3fbe74c1bd8993b,0.5007051878541646
n3fc56dc1467a6df,0.4980488019251142
n3fd045b204b97e7,0.5026507760226528
n3fd191051cb025a,0.5036848264382932
n3fda0fac4e59f30,0.5071197904239366
n3fda93f3213de69,0.4984987602090501
n3ff968bdf7a2531,0.49830196142432714
n3fff33614274e84,0.5003137032477595
n400314fe14bab00,0.5090130043636313
n40043a993d39906,0.5021418657725942
n400d224efb219c4,0.4998432942716924
n40115c00bfdb6d0,0.498893300011415
n401401c7587dbba,0.4962864809155606
n401616cefb8be2e,0.505683446622221
n401aa076d878734,0.49979701221647704
n402fd6af0318d41,0.500903522876917
n4030de01d4254e3,0.5062546845706002
n4053451aa5f14bb,0.5050301484987741
n4057df1fc35da23,0.5046253683541352
n405b7195ecfa3d4,0.4954242645655608
n407d37dc193b402,0.5033844780596447
n408390892bad1b6,0.4957474206931282
n40881127387fe5c,0.5001903186788293
n409252367312903,0.507843750422888
n409d6f82a125f2e,0.49456273234654546
n40ad67046322ad1,0.5077238613604355
n40ae249595eff30,0.502272507466828
n40bdee0550559d0,0.4969753862635288
n40c0a2d91351071,0.4988867911457795
n40cba74013f4676,0.5064079653346951
n40cd6c6f1bef70b,0.49993750987512237
n40cf9fec8c14d96,0.5036057810941033
n40d51af1943b70e,0.4944185706072948
n40d6965a0f4b488,0.4967611831454821
n40e9d1c83e86d72,0.49640078337477694
n40f6fd833a84b30,0.4962766898922718
n40ff3e0dcd2d7c6,0.4997570797484834
n410114ef390096e,0.5021962152268626
n41021513abd7676,0.5019957494890235
n4107b6774df26c3,0.4988784344863758
n41119d4ea6a108a,0.5048658462906185
n411e1919abaadaf,0.5007658074713127
n4129c278c92a178,0.5053663711594482
n412bac730f95a40,0.5055951505412029
n412db6882c4d087,0.507406270707683
n4131ed7da754bda,0.5034848512887702
n4159617b602fa7c,0.49877473654318355
n4160a6a871f63f7,0.4993085533648088
n416a5bf1c4fd6a0,0.5005335918099547
n417dd68f78cd38c,0.5010815604836226
n418fe5ee43b54aa,0.4961176131218221
n419073322a953b7,0.4919051779797662
n41978134fb2d228,0.5078918757760088
n419d9cafa55e470,0.49858708667063134
n419e6553ee9eee1,0.5009650495465778
n41a1cf5ad52878a,0.5029234908425162
n41cdc309efbe409,0.4974312616707269
n41d42959e035a41,0.49571567885977696
n41d836d86d193b3,0.5063802787574745
n41da59059853261,0.5024823158908795
n41dc47ee9d19752,0.5027741043587426
n41de2580041db7d,0.5009826736994667
n41e431b396c2852,0.4970782335334312
n41fbf9713de0a67,0.49637321604998147
n420072b546c8a1c,0.49708927373240996
n420aeec55716b0c,0.49646610559294146
n420b8e7a8fb57c5,0.5014938590788739
n420e4bec2ebd30c,0.4936049968745572
n4211c0b141ad55d,0.49963006189670867
n4223436e1942054,0.503186303861015
n4229def3c75a100,0.49505376146962365
n4232bea89fdae8e,0.5020851315648636
n424784e593e12aa,0.5075517195520558
n42509b8570c28fd,0.5029231910419448
n4250bdd66e36a12,0.5037951559940188
n42544c51145b662,0.5016559737784001
n4259f8513c730f0,0.5006091507385961
n425f7f316b95dde,0.500251789538898
n4263b7ccc27c3e6,0.49665032946093335
n427746893eeec00,0.5016922653167813
n427aa8886c8f33f,0.49533372908484913
n42871b9d5e1adc1,0.505917594908972
n42873135ff965f5,0.4928670778864815
n42888709c007430,0.5035095427194098
n42b1b5c6ae293ff,0.5010680380443489
n42b3062c4b3e71a,0.4998552595234565
n42b99f1fba09a68,0.5011032970831909
n42b9b06056e1de2,0.4945029113459169
n42c2c3bf4613a9e,0.4999381066507288
n42c9f8bb8ede100,0.5028102094087411
n42ca8967e8735f4,0.5006278678132817
n42e6b9de77e339d,0.5044234056350174
n42f1c65324016c3,0.5026781268006046
n42f608b405f81c7,0.49227065605984577
n42fa4b7994f29ce,0.49744816136889414
n4302c542e894d86,0.5013339945111469
n431cf96ce11c50c,0.4999354092650315
n432a6c14a18a908,0.4976418706034133
n436ee4a2c55267c,0.49930503346364496
n437ffc959831cbb,0.498622963861744
n43834bcd429fc70,0.5072317852788637
n4385b3e63590ebd,0.5021587176149171
n4388101047d2462,0.5092682814261008
n4389557aa10b71e,0.5073885946731689
n438f8116e335620,0.498266752383653
n4394f8c549342cf,0.5059385760007671
n439593a6fc42bb5,0.49971268037455585
n43a05e7a874508d,0.5056921182980864
n43a6a3f821f464f,0.5089257395792665
n43b61ca8ceca387,0.49960307098316137
n43d65532109b589,0.4892812217313027
n43dae85c0f2aab3,0.49647618961953965
n43db6ea471ed310,0.5110854148450563
n43dd29999a18bec,0.5085460889984127
n43dfdb320c854e4,0.49489897643849784
n43f0629275edd7b,0.4965315056068077
n43f1ba6683f7432,0.4970060370166639
n43f26dfc166a90b,0.4987622536502799
n43f4e91a743ed7e,0.4990204433243073
n43f7487d424a364,0.4960298756782913
n44027b314c94ad3,0.5040547962657599
n4408a39b92bb8e7,0.5028274644484367
n4411c5d50d1d0d7,0.5055578171734306
n44226b51bf77fc4,0.5007801359109186
n44235a42dd09e77,0.4999311847230844
n4425c9c2aa714d2,0.4962398534635355
n4432e8cd0d90610,0.49749597410959784
n44371d77b12c30c,0.49925363297611125
n443c65f276c0e0d,0.4981036776494597
n444487f68711140,0.5015782827237815
n445523486687cbb,0.5049024528772026
n4469da536aa4ad1,0.503308690991426
n448123e85785c2a,0.5029601315343831
n448760c1218d8db,0.502397531355227
n448ec86823dac57,0.5004864559180778
n44962ce2fe0f572,0.4897190983389535
n44a529948166f90,0.5100244699633769
n44ada0a33e69abc,0.4955686768935138
n44c6b6a66b8045e,0.5042076169238415
n44c9eedbe95fc63,0.5024911693180625
n44e44f29edb2507,0.5052583423006758
n44eebc8c5abee9c,0.4994802182669414
n44fd2068faad839,0.5016430164801666
n451557f8de554c2,0.500753452079975
n4520140cf2c7729,0.5014672668242477
n45275e0ae71219e,0.49667591986291654
n4527fe9d53a9523,0.49875893085801437
n452c3e7b89ac813,0.49959193399754465
n452c7f0720d7c84,0.502327929903646
n45319f76ea5260f,0.505479584898982
n4538faebfe83a7a,0.5016498942929825
n453b8763b6fb224,0.5005086689672636
n453d512cf67dbd2,0.4988836375077227
n4540840740d64f2,0.49934622912987164
n45418a93bc4be85,0.5034450122266144
n4549d7667e53119,0.5027902747238799
n4554884dd744f8d,0.5007022992964067
n4586136226f0fdc,0.4976891303643026
n458855e16f77bfe,0.4937440355986874
n4591c53f2c11493,0.5053020693339575
n459dbabbe8c80af,0.5012986182446248
n45b1c063bd295df,0.5024316936957143
n45c2564d4ad2e14,0.50163730926545
n45c94c9c645e116,0.5018758641900797
n45ca3c2e38c7833,0.49584895077930263
n45d092d1e95c92d,0.5071765210495995
n45d362dc6ca7ba8,0.49536209257133706
n45e0c7a7657f86c,0.4958346954816056
n45e2d4b6a5bfdec,0.5031291673892458
n45e7e706e037bcb,0.4996001320509199
n45eac47b832a95c,0.505438110551443
n45f08ba52104c82,0.5020894712513829
n45f1d540936e673,0.4993498751460312
n45fe343a336da01,0.5003025997170727
n4604142da60590a,0.5017078112946447
n460fb199302165f,0.5029716419409779
n4614aaf3e742b64,0.5036093729606216
n461e5d2c06afbc3,0.5004370203393522
n4626f61ad59aece,0.49598065758308113
n462afe23409e8a8,0.5047456361986619
n46348e8ad42143a,0.5012553911612844
n4639f79c2022909,0.500298010056076
n463e10663f0d83c,0.49724654502362764
n464cd01ca40ed7e,0.49768451729976126
n464ff063f8d1900,0.4983038135857403
n465fc50a6ef5a1b,0.4995486130409216
n466268ac2d0b7b3,0.5027463786766426
n466311413c313ee,0.5060786176446217
n46652ea0a7fd67c,0.49789619449804384
n4684416086f800b,0.4993672071693966
n4695edfe8f14b91,0.504202965122609
n469920b1863396c,0.4924539986348739
n4699d19e32e0a5b,0.5036138386563215
n469af695d4a51d4,0.49956427852927937
n46a17440c547748,0.5028567937397113
n46a287534b8e955,0.4997057165423869
n46b209002353393,0.5000447655200746
n46b67f3037456d5,0.506825271599289
n46ca8444c882962,0.4907635155540349
n46d44fb8d2df5d5,0.4995555361603828
n4700462dfa645e5,0.4957984822419173
n47133f21ac4197c,0.5041430539485056
n4714b8f955a4769,0.5050550408615381
n471c73d0574f451,0.5028266263184222
n47317db5b36fbd3,0.49880112775483615
n473d26bada2d2df,0.5004235438228538
n4749880738db2be,0.4893511958070701
n474ec9eba96bb7b,0.500959527936211
n4771546f7b55de2,0.49954711382939
n47778e737c5de02,0.4941656028410996
n4783c6e32f6bbc2,0.4994525082411803
n4783dad16fb3339,0.4942981328483743
n47948dbea66e771,0.5013756662268612
n4797ba636d3b5c4,0.5003940175910394
n47a6556266b4631,0.4987318996189497
n47aeb30a9cf2a91,0.506158195916772
n47af2451c1958a8,0.5010142951442811
n47af493941ff25a,0.494898708725579
n47b043bbe0ff8d5,0.4964009654324861
n47be1c24db3c7ab,0.5004666225909636
n47cd504860143fe,0.5023405266667179
n47d8339dd17686c,0.49816875109894604
n47eefbbdeafa0af,0.5024674777621787
n47f446a26b641d6,0.4999043311316425
n47f60078604be2e,0.5102536571341898
n4801ad8fd7cc944,0.5007020304027626
n480325f385a1551,0.5062542989379029
n481243a225e64e1,0.49668118425003643
n4814d5499cd3b85,0.5006317369735913
n482a2fc862a7a96,0.5045064655648369
n482cdacead354cc,0.4980118156448081
n482e3e8b866be49,0.5025030975696376
n483a55b2eebc662,0.5028538629022685
n48457189aadcf99,0.5005165484957466
n48474d784444a97,0.4999863347205886
n485863adf6cd34f,0.4984582001060033
n485c30908005280,0.5020839109308041
n486d988b0466118,0.5033703340119476
n487348cee1f0c96,0.5033537292152641
n487a2bdd949bbff,0.5007027833944412
n4894a9b0936dcd1,0.5007714550334208
n48a040d6a207e6c,0.5028967641524371
n48a4260f7aa40fe,0.5000214971580772
n48af2781401c18e,0.4969592758198471
n48b54602424575d,0.5036139698868553
n48b5c10bc86c71c,0.5093221974114157
n48b8f55567bdae7,0.501900983968387
n48bad57dae5b0ee,0.5033270367919215
n48bded87596defb,0.4960640909720104
n48c308032399fc6,0.49969134053796777
n48d49f8d98d6dd3,0.4966532341408603
n48de805c6416980,0.5051116261797773
n48df8c72a94093f,0.5098151374430159
n48f2ee852325028,0.500710819232327
n48f99b81ee80c21,0.4983933514791669
n48fb7232f8ff208,0.5026670850119711
n48fd108b57c0634,0.49708667370092763
n490d33ea4ae5474,0.4983369650133191
n4916f1e8289532b,0.5018334787563611
n49174689d73d1fb,0.49474065791245597
n49174a3978b87cf,0.5029243320990634
n493840e28289eb7,0.5004258093680941
n4938d54ff25ed27,0.49687198096079443
n494920afea2e8f2,0.5014456332536058
n494cb764097a4db,0.5024668426445178
n4952ff43920fbba,0.5041055699377737
n495675032812656,0.496362353113664
n495c27d1ccd31ff,0.4972809594179926
n496a15ba0457421,0.5027642167669183
n496c057cfb3d0d7,0.4996377702535371
n496d67c803d32cf,0.4980104974115846
n497ed1d1d081d51,0.5062750059452374
n49998cd2428ce66,0.4982564759643586
n499b9ac05b9e694,0.49875734051340087
n49a678a5555130d,0.49599010970799035
n49b1397ca7c15b8,0.5069648023573372
n49bf2280080d84e,0.5009543569074626
n49ca42318c8dca9,0.49960564175887345
n49d281a55bb492c,0.49660776450383404
n49d342d132e0e04,0.4997503310941282
n49e225659f0a72c,0.4961504983882615
n49e71e72e2210e3,0.5054433468067814
n49f7417fee5ff7e,0.5052039858045043
n4a20ab838736417,0.4938876812831686
n4a2963ec8babd73,0.5044061853330939
n4a2fe8f1995cff5,0.5018148147057632
n4a45075361d258b,0.49917262842471827
n4a5513d18e1e88e,0.4984818879436852
n4a5f0a2c4cbcc5e,0.495748386867264
n4a7606e0c4020f2,0.5081482689167308
n4a7b1e3712b94fb,0.4961102726681864
n4a7c116f54ff53c,0.5052653621028608
n4a7fc2c2d5269ab,0.49946473110341194
n4a89d36a27fe02f,0.4972595363764712
n4a8a6e6248b040b,0.5053548399459509
n4a8da41cc02f489,0.5028393302147005
n4a8eab66bab3a3f,0.49558115976528516
n4a90b8a8f487dfb,0.49613908529123407
n4a9dfe678833b51,0.49594388586076965
n4a9e518eb59c72f,0.5027936174289241
n4aaf11fc9b4f817,0.4969299336481572
n4ad68ee90fa3815,0.5090022156750009
n4aea0c987803a32,0.5025246357952095
n4af053f2719cde1,0.5003935535879874
n4afc4e0a554d84f,0.49725874644551893
n4b13512d8e21aaf,0.5037006707573219
n4b1695760a01fa4,0.5021116221673235
n4b1e087de5e2f1c,0.5010285469959137
n4b22a9a74d69599,0.5020298697905489
n4b279f3437139bc,0.5035223808143755
n4b296b2d85d9515,0.5050492294165033
n4b3579f2969f707,0.4998592041450806
n4b3be7fae551c8b,0.5007853276802435
n4b40bbad94e4a40,0.4973244670742079
n4b4d5a3db4b6659,0.5023130089600185
n4b534fcec91dac9,0.493119452685366
n4b54e3a89e07271,0.505351019177338
n4b5a71fd526f2cf,0.49715261926739596
n4b6353a02ee98f9,0.4971297563670956
n4b66be926481b1e,0.49821619815786145
n4b6a120d193f541,0.5020759925289965
n4b6f1c93dede672,0.503019201797974
n4b81f5e5a2a5b78,0.5040778620934293
n4b83e26e8577d83,0.4982433060646018
n4b93f38572c57fc,0.5004057027929965
n4ba47b45522d4d8,0.4994407979069928
n4bad0bbc6e0e7f3,0.5102086276170085
n4bb475c073b0627,0.5024103590938339
n4bb5db68028f8b8,0.5066555172167858
n4bb88faf51e5969,0.5053874361899947
n4bbb897ea2f28d4,0.5002185771647082
n4bd3b22311a27d0,0.4930123951873109
n4bd6b9420ccc634,0.5026946927377187
n4bd918dd24a7e62,0.49947487965751225
n4be19c22d49905d,0.49458922932167576
n4c098ecf17a1e86,0.5006626064112665
n4c09eca3b3c98bc,0.4986316759225088
n4c0fcb32268aa94,0.5080355399484335
n4c17ef90f5c2a75,0.5002119926744881
n4c1e102b4812c94,0.5024112917528851
n4c1e57328319109,0.5087294496748836
n4c23a11242d9735,0.5032329029825394
n4c2ff137f1d231a,0.49761965629817745
n4c307546ffc3abf,0.5004599583880809
n4c37dfbd64ae600,0.49477102344523416
n4c3b66e27e89108,0.5009451998913071
n4c3e292a7377d1c,0.5009444822979782
n4c4a4bcb8d22ff3,0.4996304494241056
n4c4ab264338ccce,0.49770482067504696
n4c4cc43b9cb62c8,0.49443047173858057
n4c4f8d3b4a4987e,0.49851849665936654
n4c5dffbb813047a,0.49476523551986135
n4c7533e0c25918e,0.493921678468628
n4c7b49d47673427,0.49994532259878505
n4c816cb6520f05b,0.4964495501503114
n4c88acdc1c313f9,0.4934402134860877
n4c8b8ef7b30553b,0.5041567210111204
n4c8e88b7a933d0e,0.4993899035425468
n4c9fdb6e5782378,0.5003990852123152
n4cb7afdbe7c7fa9,0.5024740208059271
n4cbc3e1225c5583,0.49814133127218857
n4cca97c6b5002f6,0.5018151268088532
n4ccdfce157ab4c5,0.49768441476802927
n4ccf87fdea0401c,0.5059279280970268
n4cf13a60052c98f,0.508437311724168
n4cf8ecdfdf400f1,0.5035126892686305
n4cfe7992f3350c3,0.4981157335073166
n4d0395d36b2e7d8,0.5033041137076051
n4d0c6824e1ebe31,0.50009386751499
n4d0f5dd9b4493d7,0.49956843937227546
n4d0fbed2b6905a2,0.5014587986126642
n4d275d028b7d969,0.5013164031341977
n4d3888809f97a95,0.5022555260123236
n4d38eb21b79cdbd,0.49786667205460783
n4d4379c639cde5c,0.4937301643253016
n4d48146d315ad85,0.4941696469148365
n4d5ca65885ee736,0.494806618120619
n4d697638477a0be,0.496414287990801
n4d73568546c6784,0.5007875357550144
n4d8488392f84634,0.49926716979051605
n4d9772cc17fe8e6,0.49937239272974027
n4d98d0f3c7c3326,0.4957265574704609
n4da84d15dbc45c8,0.5062669107394122
n4da94dcc5b7c6ab,0.49913004015506923
n4dab511ec450cce,0.5047473908132903
n4dc2efb1305348b,0.5001592086898471
n4dc2f86caee2b80,0.5064093361971659
n4dcd16985f0bbfb,0.49864402839177263
n4decb6d54efdf1c,0.4977700167680308
n4e007b71b3fc578,0.49852861007220434
n4e098b93f823c21,0.5068671428626312
n4e0d12a6a9c3f42,0.5012594961395539
n4e0dfc64b114e5d,0.5014780672279033
n4e1129c73171414,0.5003467043211796
n4e1637930dbbdf9,0.5000860504846144
n4e1f9b717ed629c,0.4962303506600979
n4e347a461765474,0.5017319610449252
n4e3681ab3602643,0.4970720049310619
n4e493bb7119ae0d,0.5003661994168433
n4e5642c793172c9,0.5024954767197011
n4e64c66ee7a403d,0.5063302786993569
n4e79b9e60d8c85e,0.5030576033392747
n4e8319d8c12c440,0.4981919586743551
n4e8370553ff1fe0,0.501677756711072
n4e864239c7c5f76,0.5049211842343314
n4e86bb5e96e0119,0.5039951602984628
n4e86e7ffb06e8b8,0.5001860463421105
n4e88126349d83e8,0.49975042397377323
n4e97e5deeff592a,0.4976155147240401
n4e9c835f6bff5a0,0.5003632234948104
n4ea28833a83f32f,0.5009188258795186
n4ea60a2683c9cea,0.5025314974334023
n4eab59085a84eb9,0.49875386583460923
n4eb0dda4d9286b5,0.5048241580972329
n4eb86a73bfac663,0.5024216169308513
n4ebaf74228b5a3d,0.4985118915287015
n4ec6ad2a1c314af,0.5023076940752706
n4edf03c567a52c8,0.4946949488492148
n4ee03356bf857f2,0.5162347008817147
n4ee6470fb8f478c,0.49867572932400933
n4ee84f95912403a,0.4938985839759745
n4ee85339a412aaa,0.49711415600408465
n4efa05d86e67b50,0.5031425783445098
n4f0932b279569a8,0.4961578838171738
n4f0c23d3ebc58d9,0.49908541699520187
n4f127d10ff6872b,0.5016968486347386
n4f25c4d55a2e1dd,0.5063383307878914
n4f507ce40fa1506,0.4998523268082079
n4f53ab3397b581f,0.5008111396774881
n4f594b115ed459d,0.5004387060530605
n4f5accbfbe83277,0.499210842159237
n4f6136490e99ca3,0.5082007932773246
n4f64406279a35dc,0.4937420913429978
n4f67ce09190b51f,0.5007583061241354
n4f7e70122595641,0.5015860893328429
n4f90dc6cce610f8,0.4943010699999859
n4f9d123cc232a87,0.49564195310773856
n4fa6015c61ef29f,0.4985225054148805
n4fad945dda132a8,0.4981396025425716
n4fb0ca8b87746cb,0.49406188149462016
n4fb4a7caeb7fc02,0.49556848681084503
n4fbc6243108da9b,0.5025816935622472
n4fc3d65f4b67cdc,0.5036299621625349
n4fd024a8c58e632,0.5080852176652104
n4fd3eb6e591f6b0,0.4952154042028437
n4fe85da1f2138dc,0.5045667584123168
n4fe9e01c117b2f2,0.5075557211677062
n4ff37d99017c6b9,0.498216858931718
n500b0e9112432ab,0.4985089203378395
n500d63f7da10b87,0.5014766253150961
n50117718ce68a45,0.4954462736755192
n5022314d1e120a2,0.5058848884933121
n50249449cbf5da3,0.49406130510299195
n5025fe86abceffb,0.4996076522891942
n502e900c7df29bb,0.5087887288901397
n5042ca77653abb9,0.5082464818278524
n504da7e8dfd249f,0.49828498950749184
n505242a23e78564,0.5071376277361206
n5052e7995982e82,0.49466995734185554
n5057d0f1d31a6f7,0.5021118530805201
n505cbabb6e70c34,0.5051458601441707
n5060c9bde7850bd,0.5022017411130553
n506260a1c2f34bb,0.501562249124078
n507c30d1fb51f68,0.49931082142350053
n507d26046d5abd8,0.49775453068173975
n508255da43054a9,0.5070223723148584
n50a2d9e35bc6fe6,0.5097172711187655
n50ac482839cac2c,0.5019129545898812
n50c3886fa85cf57,0.4988577465970055
n50c70a412a3dd9e,0.5058484867672493
n50c9da95391f7b5,0.49897650705359065
n50cf9d946558a56,0.5039446376841344
n50d111ec72581a8,0.5006401293705441
n50eb30d4254c6dd,0.5063089464743372
n510efa7d7b18527,0.5003231042542875
n5124b2da9b94fb7,0.5023516669294353
n513177859606ecf,0.5038849138417559
n513515d9e0373d8,0.5077632676396855
n5139247f44a228d,0.49468601987348837
n514e3ee4709d674,0.5073791119517548
n5153ee0ae8c0001,0.4942445604670134
n515750767443238,0.5016855987587902
n516a2a94e1387c4,0.4936941945582509
n516c764c9163a1e,0.49764190406503406
n516d9ae9f0aaf62,0.49542187419203426
n518035b7682e73d,0.49962943979674196
n518618cb1641da7,0.4981645570086156
n5189cf6118fe399,0.492019716432503
n51993117f61ed92,0.49592415107000487
n5199c1c61a2a020,0.5062590291135277
n519d5161070c7ef,0.500697140375173
n51a5c62527243f4,0.5083535297071828
n51af0d554819972,0.49715628603277784
n51b2438ea523cec,0.5009661890120215
n51b2e81c02c2e0f,0.49563125638706207
n51b3a033f8f8625,0.4969842615604654
n51b8995848df086,0.5066903523681726
n51cf4d51c6c0679,0.5030486119349197
n51e3d96a0d18306,0.5008022733330613
n51e752accf47344,0.49854141531624774
n51f0eab701a360d,0.4994976346778035
n51f3e697286a67f,0.49712541893946366
n5208b2df29f4b51,0.49853275904497946
n5209bf157a20425,0.50219863002424
n520f894bc47d418,0.4973457981959958
n520fff228a2903f,0.5064179165262063
n5211d1f14b78879,0.49904240231535046
n5214e1ab0e7b9a9,0.5029990777985093
n521708f253d16e2,0.5034399762578877
n52222d7a08ef713,0.4964164483430971
n5226395224e020f,0.497612308350597
n5236744395d5e75,0.5009179403891232
n5237c775e71631b,0.49626090036745407
n52398fdf633b949,0.5003832274421124
n524a76c083c61a2,0.5016291053722542
n5255a204aef2e22,0.49995470940289377
n526675534f8c011,0.5062481912015137
n5272383efd98e54,0.49821981033363094
n527a77a86d78596,0.4997360971390826
n527b9a0f8e825e8,0.5015684925733842
n528e516c15ba369,0.5018046098235364
n529eb5087e4023f,0.49816974039897965
n52d6184fc7014e8,0.49955484312796533
n52d8ec17d0294a4,0.5009691752718124
n52e9c1354b13df6,0.49958590334238
n52fb160a34e1124,0.49625418445548125
n52fdd9f42a3ec31,0.501042872890887
n530cb92cd17d5a8,0.49667379270639395
n53151fbc5cd7d79,0.4980949421333196
n532058b1a349f3a,0.5013996438717178
n5321d1a62461eaf,0.5018515878451308
n53268f9690c1e28,0.49898051234252994
n5337b374390e2f8,0.4900865225240471
n53380b1f8ee77d3,0.49577744133454615
n5340a1d6590c658,0.49875856862331797
n5342012fed7ee67,0.500020549081851
n534b98ae856bf9b,0.5019726656172434
n536337ffa6f8f45,0.49894907645270914
n5363667113ddb8f,0.5016888098152661
n536e48fb8db42ce,0.49877638830255355
n53873221a75e492,0.498579383707009
n538887e4bc933eb,0.49424515787851064
n538f2788e459d4a,0.4985427487067809
n5391f94d1c49703,0.4969312223017907
n53b15d1f04266f3,0.49695407029444927
n53c16508a924ac0,0.5008475658387134
n53c27ce7e1eca1a,0.5018551676931003
n53cd36a9d0f7191,0.496796743999083
n53e07d84dd6a1b4,0.5029546975163336
n53e243682b02a63,0.5032786217465568
n53e51836210630d,0.496995805558679
n53f2bd96955189b,0.5005032388233002
n540224f5e25e7e8,0.49887504465321747
n540967016375560,0.5026935466716727
n541974da64338b5,0.5043518720772819
n541ae19bb696313,0.5006970607437091
n5428c99cd2d2c87,0.49850415968882505
n543696b4b3ebbd4,0.5032058313299455
n54375125c8746e8,0.4946404776090912
n544677a30745c95,0.49539010243898407
n54483b4b33855f0,0.49671116902489365
n545582bdc3d1736,0.5101145498954448
n545cb7d44239abd,0.4977533415926501
n546248c7750ebf6,0.49746233158023667
n5472cadfa220fc0,0.4959082078014317
n547609cc9d4c484,0.5044491751864231
n54782f6bed023d9,0.4987211642572857
n547d19e404513c9,0.5009412272832519
n547e631a39ee0e6,0.5011667921630856
n547ede17a96ed77,0.5010952933775761
n5485dfdd34ed2c9,0.49974219032119527
n54a493be9855542,0.49681466518064454
n54a4dd0ec7f2e4e,0.49905275852188535
n54bffd4ffa6f8a6,0.5037158517037323
n54c0f89272ae4d0,0.494741469665695
n54d865e7de2800a,0.5034451920130784
n54e6f76a9e29987,0.5024588384680942
n54e7d56fb8485ea,0.49883629133012436
n5504e0c817fee6c,0.5030447309642825
n5506218d3ea2480,0.5003230242314904
n550a0f1b92be230,0.4917077531490688
n55157d9ba473925,0.49448328331324354
n551dee71c19d27a,0.5028449572327676
n5522fe0711f5bd1,0.49905327685494383
n5525a2e73d260a8,0.4976327078808195
n553fc232d034444,0.5018445680420617
n554939ecda2be03,0.5027089978794436
n555bcbd2fe7fcd1,0.49192908710952626
n556409b03a878f6,0.4999182579013725
n556e08a83f7d8ab,0.49915753132807184
n5571ce7a8fa6ba5,0.49657564434110363
n557c35ae5255b74,0.49851048367340073
n55808561f6352ae,0.5019334187911749
n55933b47d75bb9e,0.5006902346233966
n559bd64afd037a5,0.4969369240741671
n55a3687c3222f96,0.5083584663043215
n55a6b3017e7b5a6,0.49902413154611447
n55abd25bd8b8a1f,0.49771718997727477
n55b0426a296f10e,0.4959154870876879
n55b31a3c4f9c1c8,0.501192934202372
n55bc2693a2714c9,0.4991806833371921
n55bcaab153cd18b,0.4977372726299608
n55ca40c7ecc6dcc,0.4985645194632442
n55ccf1ad24917a1,0.5007281002544849
n55d57d6b1c47a4b,0.5031811245647442
n55dac58fd16997c,0.4972480797917402
n55dc21b21ebf9e4,0.49934589039676214
n55df440c1f85bc0,0.501629011794152
n55f0067b26fd805,0.5053560246154776
n55fd203ad92e497,0.49446768251726775
n560eecac2d6b157,0.5018314682335467
n561b2bea4c7e220,0.49836071206571714
n561def13a159a95,0.504279473884881
n5624d822ed51d31,0.5051947622755255
n563a55e7224c9b2,0.5019459681182543
n564dea2f81a8466,0.505365821969101
n5650c8ed4ab3b83,0.49755191147276745
n56639441eec21a2,0.5016290823215208
n5668753782e8d83,0.4998754813782112
n566a5f114043f78,0.5044636102703863
n566eba30aa6ac14,0.493843918279913
n56709a0cb6a412c,0.5004446606599693
n5683d7f93f34042,0.5018724215183945
n56906c2218ffaab,0.49664449367942354
n56a52d0b5f4a2d1,0.5005795927827286
n56b0220a2d8158b,0.49705793878880317
n56b57ccf67900f8,0.5007605257401346
n56b908fbe7c32d4,0.5073499394894025
n56bedc77b17a203,0.4995525423901893
n56ca49466eb4e36,0.5048762510327125
n56cca37d351f3ee,0.5055369098872344
n5703dfcf53e915a,0.48965922848371735
n5725e54a1d713ff,0.5073015327000836
n572d4b3f5a2113c,0.5015727976492135
n573029868bb8115,0.49852937409438375
n573f5791a8ada80,0.5011738075446484
n57489d50e4fb4b9,0.49717035796038456
n574d2a34be2d3f2,0.5007092233439828
n57510d011ae8be1,0.49743111310185084
n5756c4cc8f6d64f,0.5041480471355702
n575a12decd1673e,0.4994591964946335
n576a3ccf73e6ea7,0.5005262973092823
n57714fff4e6eb5c,0.4995855287864416
n577329d2cac67aa,0.5096532184314488
n578089c5a30e2a9,0.4964197307806323
n578cf79ebf5fae3,0.5032110750949179
n578e21409a9edc1,0.4995540629046589
n57d2036538ce904,0.4995563066927332
n57d28764ce10766,0.5016194227901631
n57e72a743232bda,0.49891066610333096
n57f291e2080a032,0.5005177788455017
n57f7a15c4fc3f04,0.5011547957194162
n58069a2989450b8,0.4915657569665164
n580aec9cd29e4e8,0.4977136724497943
n5818b6e14b386cc,0.499762963540727
n5818ef4449e4868,0.49134565402651137
n582b18214d4e92a,0.5005281096136004
n5832ee4ab7f77d3,0.497854798254624
n5840043acee3685,0.4995338433674301
n58443b34a08f108,0.5069240626769229
n58493c360ab5038,0.5000027355058081
n5856e77b4364aa1,0.5044194707692169
n5865792b023f1dd,0.49546781833445486
n5869f072f911a6b,0.507426254015832
n58905de8e987683,0.4974654583941799
n5890d7c49cdc9b8,0.49516637251456386
n58b2537d3baa6e9,0.4997115074153948
n58bbaa8bf10e1fd,0.5005957777834358
n58e78a75c9571cc,0.4934542715130412
n58e7bcf08f64c9c,0.5029896108764695
n59089739a136928,0.4983447802657717
n590a49237a619d5,0.5024345299292513
n59132b298ab1fe4,0.49763710481616114
n591c92194688cb6,0.5042818136009898
n5923dba497b2723,0.4996055825093276
n59296bf4ee16309,0.5019832644709354
n5930f9c56e0c1c9,0.5046802051267455
n59385e2ae61a476,0.5003620017868168
n593b2e229538c75,0.49714464660650287
n5950b50ec488c5e,0.49871714131590567
n5956f9ac558d21e,0.5061967735928569
n596ce8701634100,0.4964292430867031
n5974735b87f128f,0.49766674658279353
n5979090ba08172c,0.49229228170052935
n598fa91752907fb,0.4994577226933968
n59a2eb6bc9e5f4d,0.5002503980788267
n59cdf5383b5e26a,0.499610847157464
n59d69e729158fde,0.4997669378697997
n59dcca571821197,0.5065539233994351
n59e0b1fd083ec96,0.49904080697796965
n59e57144f2581a4,0.5002051637924235
n59e9492f1b706b6,0.49680494312080453
n59eafb432dc354d,0.5015819614747409
n59efb89e362195f,0.49531469097001796
n59f7e2c4386a027,0.49973282162726607
n59ffc0c1e11c2d5,0.5021615769005059
n5a10e3a2d90cf70,0.4997847735831674
n5a160eff7777630,0.4991473902157498
n5a1b1297f5b4cb5,0.5036881177171845
n5a1dab0966f93ba,0.5004433587026992
n5a3ab0a56a86b54,0.4995992577855389
n5a4417dae5ca045,0.4962941837868143
n5a4693e9444f972,0.4994332589960223
n5a47bd1da73e943,0.502207994142335
n5a54821724ef676,0.5072319350119043
n5a594551954b005,0.5038165582579491
n5a634b83740b19b,0.499586985750908
n5a64de174130474,0.498146317503197
n5a7e56eec570aae,0.49632777803931666
n5a904b6524b31c8,0.4955438432933913
n5a962aeb78ff4d0,0.5013509660623483
n5a98d2c3445ab0f,0.5007707226416791
n5ab5b4404a1681e,0.49813190001889146
n5ab984c24c2edd6,0.49982452201696825
n5acaa25f7f1e21e,0.5003119445562093
n5adc16ea9a7bf5b,0.49350280063712376
n5ae729f237a90f1,0.49410910679107617
n5af2018c110e3fb,0.49858049981347063
n5aff13f8846787a,0.4974212227645772
n5affd5e64c68388,0.49960796857711526
n5b0d667e7d541bf,0.4985034137539263
n5b10ee54a7bb844,0.50041028942713
n5b239ec8c81b621,0.5017804671606102
n5b26833f3ab36f3,0.5069136394350191
n5b26fb3a4027a42,0.4968785259859199
n5b2740a3613419e,0.5001754563493226
n5b31946d1efa007,0.49944630528051626
n5b31e5a86320e2c,0.5003051193670637
n5b3a486324856d4,0.5019006366527593
n5b4aaeaec336e7b,0.4988925439297124
n5b561857e182f85,0.49445313693893184
n5b6745023878da8,0.49740565483056853
n5b69d54bc4e20a4,0.5032666904684941
n5b7d54f68207a2a,0.5006940665675753
n5ba0cb0e88ccc10,0.5013644790933157
n5bab182ac40ca39,0.5025093156889869
n5baee7ff6e2a856,0.4953152213385684
n5bb00f56f8bd0fe,0.4974792441099499
n5bb22321f37d46b,0.5062784419994372
n5bc7ae8e9448835,0.4961860043182613
n5bcb894b5b33329,0.49815657949615355
n5bce6970c637976,0.5004419894331977
n5bd03953219fa46,0.5014776190230819
n5bd06f99eae346a,0.5022068429812307
n5bd6c8bf33f43d2,0.5009379824856413
n5bdffa727d61e03,0.504535050066575
n5be048b20b24263,0.49750527530083866
n5c085a2d82d2469,0.5047235719096282
n5c0f43ca6defb41,0.5082295739823224
n5c204315cb09c62,0.499505423100877
n5c3873cd30c5edd,0.5017772254119618
n5c395763df03b62,0.4945007299857164
n5c3ea2b5b14a63b,0.5010711004017802
n5c4087dedb928aa,0.5007911159247268
n5c4cce5bbebcb8c,0.5043936031656276
n5c5ad480c59a775,0.5015475416165976
n5c88e58790ae197,0.502986189066787
n5c8f68c8d61e455,0.49746012391467404
n5c9dffb435af4e4,0.49314460238516183
n5cb41c4bfdff8f7,0.4938270086477186
n5cde3d5172d90b0,0.49553933336618655
n5cdf65eff8c3ab1,0.5047054436562683
n5ce3574fe343e15,0.49887402623389804
n5ce6d7de3ee7d11,0.5059479732065507
n5ce838e203f236f,0.5016936387554213
n5d2c295fcb00eee,0.5054184400645196
n5d2f5be14163a53,0.49655498549690086
n5d383375a11776d,0.5003026309879219
n5d3a2e8b8f9b686,0.500557357567353
n5d4599914fb3c4f,0.49784463597748807
n5d57ac9c9e481c6,0.5018382979144026
n5d8113744758f50,0.49804285013368077
n5d860d75ec01e24,0.5059218881646858
n5d899712d8fabe6,0.5005636161734455
n5d8c96cf9b6be45,0.5050630593225978
n5d9648eb6b6804d,0.5073168733407493
n5d9aae9657b53c0,0.4959658839888058
n5da09bac6d3ffa2,0.4995110385108452
n5da17c075243a8b,0.4961369328418613
n5da535956c369a4,0.4933915075259872
n5db416e9d95887e,0.4994158812936472
n5dc5f5a67457e6c,0.49422906474693074
n5dcbed1daff082d,0.49648440468801425
n5dd847f0bdb4336,0.5038047350086826
n5ddb02219b88b5b,0.4937334177222212
n5ddd41e9daae83f,0.4987859800400948
n5de80a46e8aa13d,0.4973770808708493
n5dea5661bb0f217,0.5056320475365726
n5dee709183772e0,0.502838036533586
n5df3a9e6270b911,0.4999247449715252
n5e1b5a8de7275ed,0.4986909076680069
n5e228108946c14d,0.496929611864961
n5e2cc230f8018bb,0.5017522337929672
n5e2ed5f2b65551a,0.4999269764305521
n5e31484b6fc1318,0.49880129205324764
n5e3996b867264e6,0.49907019482004966
n5e43505a6857441,0.4994719408224345
n5e46193ff096f20,0.49671267057850804
n5e4abb466179697,0.5014678258691054
n5e4c27f0a76c8bc,0.5039942170683429
n5e5751bcf5a8227,0.5021994928605057
n5e58a1aa2adb6eb,0.4978877392659793
n5e596230ced4f2a,0.4980503226919553
n5e61ad551ade2c6,0.49723813284575147
n5e6c0e1f25322eb,0.5066551955541525
n5e70626a37b5098,0.5056396353032169
n5e719625f7fb913,0.5008705017898296
n5e96976836d02e1,0.5009576330835664
n5e97aa3c63fbb84,0.5109784793371135
n5e9b2984e292349,0.5038871373564346
n5ea096c1a432304,0.5010956657687935
n5ea83b52990248e,0.5011837558027326
n5eab2976bec48a7,0.4989982383003445
n5eadcb806421a1f,0.5036342455644975
n5eb82208bb3ed4c,0.4967013207844761
n5ec15a6c1f022e8,0.501659670525278
n5ec3c0a6f63f37f,0.5087468866016275
n5ec4e57f503d7ce,0.49973869944687094
n5ed08ea5a459227,0.5052142363633555
n5ee5ad71207b0ad,0.4975025573707041
n5f010e526f670be,0.5019480968559574
n5f01789acacc2cf,0.5002332956016604
n5f0cbcdc9004551,0.5019486450259598
n5f11f75e62eb5ed,0.5001419208479053
n5f1e6fb1fcdb464,0.49960425666247393
n5f2002a38f48e78,0.4940307818161479
n5f26162ee1d18f9,0.508128502372388
n5f2902f7c8e6e22,0.5013558474088569
n5f313b87d63f3f4,0.4996070009504556
n5f55a784ed3daf6,0.5073678451637127
n5f5b67fe45aa4a9,0.5028842537299597
n5f7a039ac5ab0d0,0.499704245660038
n5f9da7354d91767,0.49845153999900754
n5fa0b3c81d85871,0.5049387884482116
n5fb6efcdab21fcb,0.4998100071384126
n5fb850b846145cb,0.4988409351802227
n5fc658395cecbec,0.5034871621326928
n5fc73165f4a0563,0.49959490718273647
n5fd38994e69f9a2,0.5002153906368239
n5fdbb9549b747b7,0.5044862779446067
n5fdcd75a53b98a3,0.5000055186378153
n5fded307a4efb61,0.500342662330223
n5fe5e59bdfcb1a4,0.5020849594378637
n5fea90eae320d59,0.513281343598748
n5fee43b1483fd7e,0.5057718786444835
n5ff2e7dd6e18093,0.5044743340918072
n5ff9508c1b593bb,0.5017057762328252
n5ff9f8a849fca37,0.4985435359957542
n6006a598f5697ff,0.5030561362113244
n602be86c6d32ce0,0.5008102600750106
n6035545aef68845,0.49712404132006033
n605406e8ee1ad64,0.5010178912937734
n605fb5b6361aedb,0.4981028982547912
n60668b212e78348,0.5000669827020716
n6080424b847ebfc,0.487399790483616
n60a5e2ad050c043,0.49720868641037186
n60c2db1005c18cd,0.5057499006198888
n60c948bceb06a09,0.5045474638729898
n60db2196ce7ae0e,0.49959310919760186
n60e5683e1c1bbde,0.5014555145210998
n60e8578b73f1ad6,0.5026183312636822
n60e908ef6327eaf,0.4971953027002085
n60f9a46508fefd3,0.4963629653077677
n611219eb7581a2e,0.5030719812075906
n6119755e27ceb05,0.4980285514523765
n612466d5c68ceee,0.5008314728111957
n6129a60fe9e4035,0.49861014318247693
n6133157a959dc83,0.5013908627366619
n6134aa54003f87e,0.4966940484837319
n6140cb940d3ec1f,0.49928465621816914
n6146e7147bf1d6e,0.49695665679902706
n61510ee424f48f6,0.49737494938248733
n616034ada92c873,0.49825152500819997
n61670e3bfb47289,0.49698894915531544
n61725c1e9070467,0.49229258425698186
n61780fbf79daa3d,0.5024957551646857
n617c7b9f1dbbbdf,0.49778763020634237
n617db3902d3ba5d,0.5015837955797696
n618bc7d43de60f0,0.49902411474680575
n618c2f362a41694,0.4957825171507623
n61a1207783b71c2,0.4957118555085288
n61a1a2b5ee7756a,0.4981751055159455
n61bc3bd28890371,0.5064293936518596
n61c5f940affb44b,0.4999719426789355
n61cf910add82a0c,0.508757265201636
n61cfbf6849aa93c,0.5016264930187787
n61f67f1445626b3,0.4980932955396076
n620d02b7bfb120e,0.4959571971716437
n621dcdd592e0006,0.5075496406692759
n62265a08d6ab415,0.5033494901777951
n62309969226fd28,0.5012488989792425
n6235ea0745ca6bf,0.4922553348965615
n6238a1897679d04,0.49859410693208184
n623c9d80b6b1009,0.5010121016577416
n624e120eecd8ebf,0.49873269019087163
n625eaf18ebf1896,0.5001171805815584
n626573305df8d69,0.4939773443990077
n6269df53efe8836,0.49749024706745204
n627272a370022b4,0.5033228956672914
n629099ea36f1a0c,0.4936861049059144
n6292af0a8696601,0.4996435968167816
n629fa221266beb5,0.5075374104030677
n62ab682978e012f,0.49863102542431276
n62adabf07b60e27,0.5004891896845208
n62af9430429c451,0.49830805616787227
n62b091f0ea4a285,0.5015834534286367
n62b2834e98ee20b,0.509137081164524
n62b6bd6509c5fa1,0.5037439689304937
n62b979861d0143a,0.4984176955799204
n62cceabfb43066e,0.5010967885624765
n62cd46934f3bfa0,0.5001895844395645
n62d55de76af0f99,0.5019771117234114
n62d70eda1cd226f,0.5016697706485194
n62e28c93f115b68,0.5007416970828363
n62f39c81440fcf3,0.49855455261285514
n63022e7e403d943,0.5059875160958498
n630bda157856b31,0.49456847096901224
n6314c66e625bbee,0.4981321371416882
n6317c75a12296b2,0.5066543309704622
n631a79e80aa0d4b,0.49855508184990777
n631aa4d25525ab9,0.5005031963734788
n632ebb67c921a5e,0.5014600589555153
n633e1ae8f69adf2,0.49249406471587454
n6343f48f436e540,0.4988545352118026
n636bee6403be2e7,0.5074823319537739
n636c2338c546b86,0.5056867362287073
n637243f4403cfbf,0.5011437931993629
n637794a9fd1d426,0.49799545059796696
n63780af83d48221,0.5037944962452273
n6397376f3321b1f,0.4996323076830742
n63a61b54c587c48,0.5038229022177033
n63a7134dae3bae4,0.5032274520583988
n63a9f1e28767462,0.5099596329177747
n63ad230b2bd4b82,0.5026569987493494
n63c03df5a705abb,0.5062369022384966
n63c87e235bb30cf,0.4933753388960179
n63c8c60c3925761,0.499049998176424
n63ca08ad6030752,0.503963078270766
n63d767b44d0e0ce,0.5057683147177884
n63d9b2e14d63ede,0.5065343444526569
n63dde96ac8151df,0.49741775368083346
n63e33afd646c96e,0.4998932625714079
n63ed64e4b58465b,0.4973681887464996
n63ff379bf2b8128,0.4956668666048173
n640183172030df9,0.4971816304375527
n64221e55d21ba50,0.501484013218679
n642551b5d12b2cf,0.4978676703227728
n6426f37ad04d200,0.4972644628553886
n642e5e0351ee654,0.4967731901059747
n6430953f017e12a,0.5021639098070403
n6431a20216a1a86,0.49652883951096966
n644bb9e75892232,0.5029698495917959
n6451e236db2cf4f,0.5098831845853994
n6464573e65f8355,0.49602035517687687
n6469f4e761a93a3,0.49731018789992887
n646e5936e4fb3ea,0.5035447227893853
n6498817ca6692c4,0.49870553189684663
n64aa2573a9295d1,0.499767375682773
n64b5fbc3ba4f4a3,0.5008627483266382
n64b9fe392113eb7,0.4978209666797483
n64bfcfcc150f20c,0.5010279598562609
n64d1a94e10edb8c,0.49754628832551057
n64e14febb88f897,0.5025267620704985
n64e41c587806140,0.5023368588541912
n64ea364669c8ac5,0.4982097930411119
n64ee09f08228c52,0.4993962589949374
n64f679f25ec8913,0.49941251951042437
n65193bb699fc0f2,0.5046315914991737
n6524d6ecf870cd2,0.4981477556125391
n652933657ba3fe6,0.4984444601251482
n652da8b8aa30954,0.5028784873751863
n653123f556066b6,0.5021644481183136
n653c22ce46681ae,0.4987957477001318
n653e506e96b836b,0.5011113760254873
n6549709aa887677,0.4999140755860099
n654b988777d619f,0.495998093810615
n654b9ff98198abb,0.4998024584742902
n6550fc881414a87,0.4987397220846879
n6561561aadada33,0.4996761485132587
n656b687ed2fb16d,0.498913635188386
n656e001bb4c60b4,0.5076205184555017
n65744201fb78981,0.5008785938812166
n6578a9bfb9872c9,0.5022107909890303
n65b1619da9edf53,0.49816241409899514
n65ce0c4fb0eafbb,0.49867426166188394
n65cf45a4e2a71ba,0.5018951042080831
n65d8d5872137f55,0.5001743736764545
n65d99d1fd7367d0,0.5055473440202826
n65ffad26171e855,0.503064303433429
n660003ff161d3aa,0.503046928092744
n6607b67d8cb5c4b,0.5011209849597876
n6610f167d825a94,0.49830096525886747
n661be2b44dd09d7,0.501609013874676
n66214753a490a21,0.49730475346033076
n662786e6c24b228,0.4962167230144163
n6639f938d608151,0.4961652634401724
n663fe844cf5044b,0.4962982295044601
n6647ee23bc62644,0.503955076075249
n66568a60de5e932,0.5008117475020479
n665782c53af47e2,0.49925726140085375
n665da12267304e0,0.49591944798094
n666bd9acd20dd2b,0.5004850377308993
n66792b9f7b584ee,0.4995662051619737
n667a52ba2bc5aa2,0.5003346615860513
n667dc6b50d3e41c,0.4989591772579895
n667e9e68befd3f0,0.49660514555604457
n6684ee003e83738,0.49780889381315413
n668e6e1300ea76b,0.5007877799131769
n669011c92d86481,0.5069519198036355
n66bbf207dcd821a,0.5006216894669071
n66bee21dc96dc5a,0.5087661527145761
n66c8da920b6e111,0.4912171766373066
n66cfb4f087d9845,0.49729488898053886
n66d576f77b91413,0.4978604843398879
n66d7c88906bb811,0.5040191956122371
n66e1494e923c8db,0.49884208792913043
n66e681af3c81a33,0.4972551704386148
n66f3dc549c36e2e,0.5087620971310306
n66f74f5e696d26c,0.5007366806718115
n66fd873564f3af9,0.5092998037327585
n6704d57118d28d4,0.5055407613024964
n670700c4e47deb1,0.501592410678566
n6708dedbf7d0cdb,0.4996956649950579
n6718dee8ed5fbc7,0.5001959037245087
n671964b8341f3c0,0.49735395120505765
n6722fe6e7fb3366,0.5018351145702725
n67245eaf4b91ac2,0.4983521909246597
n6725a7fd4b94e80,0.49743294188010956
n6726a910df16fd2,0.4966540245764853
n6728bab16cd46d5,0.5033436593436633
n67312e39fd7b2d1,0.5009884669099034
n67321112aa86a80,0.49898970151536487
n6747106348f1fa8,0.49640392967194197
n67475a4f979ad52,0.4986862230407157
n676026a52df8581,0.49430655390262834
n6776b69f3127dd6,0.49618663364941296
n6776bdb88c15f0d,0.5001326905944462
n67774f2f851e503,0.4986367397013989
n6785d92a8dfda92,0.5004339662923757
n6797d59e9917077,0.5026172998857235
n679a2c397f63907,0.49577289044072187
n67a0c61b6ed1edb,0.5024112019381904
n67a484020b51bd8,0.4974340085275489
n67a5ce40081142d,0.5034490893003501
n67b2aa53211fb61,0.506391834556302
n67b5c15184283fe,0.4990963885576377
n67cd3e4c787d081,0.5073308337699383
n67cfa1664971df8,0.49750191975231717
n67d5f215192f1cd,0.5041231919713128
n67db3e2efe29efe,0.49500650422681963
n67db45ab20d9d87,0.506347107321228
n67dc002f652221e,0.5058350156867799
n67dd141eb688a47,0.5053578439408046
n67dec48496ef6bc,0.5054267406931614
n67ec71ad8d0b366,0.5032301000299335
n67fc2a83d99c0f8,0.49597323521738745
n680103d0837d591,0.5000894572558467
n6804b5e7c09581f,0.502747380597758
n6804c39603c4f05,0.49753420998891373
n680e3def115ed6d,0.49919548475176434
n6814e510f479d1c,0.5064322725315156
n68217149f81dc7d,0.49500867904636775
n6828a46d567acb4,0.50613513624135
n684a728dd6f4446,0.49500575148078196
n6871a53edd8f0ec,0.5006784027214649
n68746064510af4c,0.5017119351180237
n68751208a805ec0,0.4961233317774924
n68944b8ad6b9f86,0.49585368700034255
n68965497cf4720c,0.5086402237590768
n6898f416397ed1b,0.4962248097294918
n68a9865c7dfb8a8,0.49550130230274525
n68b6431c93bd5b1,0.49846646520587956
n68b6e98018f5fff,0.5024497873095906
n68bf19b76876344,0.4928076915804993
n68d4e7186c18fba,0.5063671564649453
n68d68c741af4ea5,0.5032542659644339
n68dae5cc60ebc0f,0.4943150263303206
n68dae5f4a66a1d5,0.5042542408807624
n68daf5b14e40063,0.500567216645843
n68df349d4c6324b,0.49882491883838526
n68e2bc1b209f608,0.4999311849819352
n68e3ec280009f7c,0.4993356625566202
n68e689f861a8fea,0.48961945442400323
n68e787d67404f1f,0.5039967559396668
n68e7c068f2c0cd4,0.49684949829756075
n68ecabc419c80a2,0.4981856591350888
n68ed47c182dea7c,0.4981856540118939
n68f84437dce2d3f,0.5013864079337412
n690c30f5f4ebadf,0.49668412580704974
n690eb76a330c9ff,0.5086809715002814
n69163e8f85b0309,0.4962671311342864
n6917ede3553fe42,0.5033521227659498
n693147696a3334a,0.501491090558211
n69386cd8434dabd,0.49836949948089604
n693c12ee114ba34,0.49736792214661035
n6941a635aa44f86,0.49629226195225984
n69437bcc02125c7,0.5011555004683257
n6946ec808ddffe6,0.5026761511070732
n694e4eee0172e02,0.49696565572502815
n695fee2af2c9f45,0.4948167251479867
n696a47f977b20a9,0.4983315314516832
n6977eaf9c237b96,0.5050994955660254
n697f4f00bc17b8f,0.49790661139451403
n6984db1bc628436,0.49389794671885656
n69914c550f21a10,0.4993502493626251
n6996c310d5697c1,0.5015970312636463
n69b086fc43610f7,0.49714620751464256
n69cab26e10f018c,0.5000139740681602
n69d01cbe7fdb657,0.4984819070450356
n69d06d0dbffc91e,0.501581625099997
n69d601dbb3bc2a2,0.49745022780540815
n69ec0d0fa8f8c5d,0.5029927267318514
n69fa089f2076530,0.5063753752755542
n6a0bdc150af018d,0.5027413765906333
n6a16ae89edff347,0.5008341283585034
n6a170b1f57b49e4,0.511658067729478
n6a1f215e4ce6c88,0.49616294223495966
n6a2a89ce6ba3be9,0.4998085950025986
n6a2f6fec6e729f3,0.49870670734560063
n6a434d9e407ffed,0.4989287939792055
n6a47a5d7a64a2c6,0.5079054123417378
n6a5e930e5be7328,0.5006653945680447
n6a697a42b92f58d,0.5007617618464618
n6a73b25c80a513b,0.4999032495936296
n6a75cf7a20e4738,0.5134445815464123
n6a7b0063a72a44d,0.49990466186934873
n6a801911b4f88f5,0.5014825716970271
n6a8149fa12f9800,0.49608100793110016
n6a87498a77214c5,0.49989652492442205
n6a8a7d8777ac8a2,0.49928948244510457
n6a913b09c09b090,0.4964331070320074
n6ab04540a460bde,0.5043521065755543
n6ab5b4bdec242a1,0.5020472899529882
n6ab84d908b75633,0.5109398069217078
n6acb875c72ca5a1,0.4985572999165381
n6acbc1ab4575765,0.5041642697935711
n6acf82bdb97869f,0.49905201733402804
n6ad7291d3aba1c2,0.4992149293586521
n6ad72c572d2a830,0.5007662165236945
n6ad8deffb618fce,0.4955948349661791
n6aeca235a7451ce,0.507898521675346
n6af8abdd0dec3b4,0.49831755721350024
n6b197e688744514,0.5024743440308175
n6b234733c8a6967,0.4996661892442081
n6b266e4322a5e55,0.49888580801636256
n6b2a76fd2d88f06,0.4991223677395183
n6b2f4206655bb54,0.49903735127246224
n6b3a41299f6a9a0,0.5045734751475176
n6b49032ca74be79,0.5022529656590861
n6b4bc44b0931126,0.49789915944922514
n6b4c33a3665279d,0.5033819435953474
n6b6a24d005e27c4,0.5058609732213911
n6b78c9c6a45a53c,0.4975507803110491
n6b7aabf4cd49197,0.4997419523666245
n6b7b99bee23c3cd,0.49468866530658145
n6b7e536c04b7800,0.4969852986575343
n6b849cc25fbfe30,0.4994075450601942
n6b857454f1422c1,0.4923941813435412
n6b93a85a2b5818c,0.5031467267002157
n6b95a400fe92671,0.5006368377489583
n6b95c66d2f998dd,0.49937950030373573
n6ba6309e9b096bf,0.5004287337769975
n6babc75e26e32a0,0.49732933896122056
n6bbd6d73c0eba9b,0.5075741922614182
n6bc24a3fbef0f87,0.49922201706733793
n6bc70a0ec09d950,0.49614118458020395
n6bc9ab3b218c7c9,0.5006285848832888
n6bd1e83b80e28c9,0.5050408735899319
n6be84e0f68816b7,0.5001057287546398
n6bf7505a66ebb70,0.4930525573734405
n6c02c517314f6df,0.500708962667302
n6c0b3bf208ff221,0.4919652159892074
n6c0e2291b74e9ff,0.5068966665123051
n6c154c5eaf7018e,0.49916128946851546
n6c3871d15a09ef7,0.5015777991050108
n6c41a9d1fef3b14,0.4939873436334111
n6c45d4851e387fa,0.5072299607499002
n6c52a891524a5e4,0.503598875743849
n6c55e05f72d667d,0.5001248697611411
n6c59ab03debfce0,0.4989330737376066
n6c663a9455aabfc,0.5000885996218591
n6c6a2dca6461d5b,0.5032397232713527
n6c72a9804495121,0.4984924633997038
n6c850d72f49bff4,0.4974708977182415
n6c9be97429aa031,0.5023574209758811
n6ca29262759bfd6,0.5033303004142167
n6cb0ed0d04f618e,0.5081064501507985
n6cc5f6c933cccef,0.5012109608040373
n6cc8673d1894c6f,0.5020345731936114
n6cceaf42eba83af,0.5006204555916474
n6ccee516cf3e0c8,0.509591586702942
n6cd8ad5bc4998e7,0.49695858506006957
n6cddcf54ad985bd,0.5048487663570266
n6cde316cda48db0,0.5005190693834518
n6ce5ccf1136d5e8,0.49502820574874645
n6cea0e704e70d9a,0.4971846162128138
n6cf238253918ac7,0.5032754342858504
n6cf874a9b0bd10e,0.5067085692824151
n6cfab40b05d4916,0.49973329033882175
n6d08d62a3e5f3b3,0.5075319965300329
n6d1bbf65454de76,0.4959731337321579
n6d2a269e21d54c0,0.4950975735767197
n6d35fd07062814d,0.500797374302997
n6d3e98a2aaef702,0.5057776029636167
n6d3f7e0de948c95,0.4991490015970966
n6d402524e96e673,0.4971355297036619
n6d4f42148292ebd,0.4952238065002515
n6d5bd886be8dcb7,0.49518226871407905
n6d5ce1cea548ada,0.4986777967479481
n6d6c64f25dc3240,0.5065025680400924
n6d74537914d852a,0.5025414550599833
n6d74eedde924b5c,0.5053030697518032
n6d7629997e101b5,0.4949621673955541
n6d7f66228779322,0.4970043126150171
n6d82532067b4614,0.501104301074144
n6d8661f38d2209b,0.4991642793254841
n6d95c177beeddfd,0.49374785397347054
n6d9abf4b8b8a35d,0.5030137441896416
n6db980c86e4f670,0.5057871538911007
n6dba9ddbdd9ffc3,0.5031578490718799
n6dc1b54571f9852,0.4990564452832883
n6dc6980df421d91,0.5028033760524828
n6dd043e9eaaa8ed,0.49928863387033817
n6dd106e1cfe6df3,0.4974656231988392
n6dd36aff717a5de,0.4963288249156897
n6de71d48176d3d1,0.5017579600267609
n6dedc146e1346cc,0.5004096258388208
n6e056d818b62e2c,0.5000023718850842
n6e0ab05d8881715,0.5061665121560112
n6e0e4538e70133d,0.5040687959570858
n6e1aa0423768531,0.4980815318432782
n6e1fe902cb31e02,0.4926243972780033
n6e2362567011f53,0.5046639880688935
n6e271bae9f309fb,0.5065306829792242
n6e30151ac2cbc55,0.5004433951749205
n6e36b563801c351,0.4956351677528348
n6e409b2e36a883b,0.505509012234113
n6e67bd89eb46dd1,0.5032751852957097
n6e6bbe4a2a06f31,0.4982217770699617
n6e861849237c89f,0.5073376179466068
n6e94924f0ac342b,0.49831605394732303
n6e95a2d4dc5f738,0.4997805602070267
n6ea60d9ccca9b8d,0.5089880194984195
n6ead49b94077487,0.4917272922823382
n6ec48a04f903959,0.4983412013170657
n6ec5dcb922f3b4c,0.495295800151937
n6ecb71bc7a6e3cb,0.5014995812686395
n6ecec2aa4b823a8,0.5004780951096265
n6f010408bbc126c,0.49981913606192907
n6f013ca986a68f0,0.5062945197757095
n6f0842398f46bd4,0.5048493561288503
n6f0bab1f1456c9d,0.49987690949282804
n6f13c738c943890,0.5015949362993964
n6f1642e7cf2d0db,0.5006521400271396
n6f17b476b7c2a1e,0.49712732287811634
n6f34bf803d186d8,0.4940459006872733
n6f37ab334f65ba8,0.49805661429433307
n6f3a08e7d588ae7,0.5025152096276416
n6f3b08902f31d17,0.5085293207504726
n6f3fa7b0c735b99,0.4934800533233484
n6f44a3998266563,0.4977107325959176
n6f46f4c9589c2f7,0.5001620025464901
n6f4cd891470c0e4,0.5030733854011242
n6f51b1b6d635026,0.5011006416464212
n6f5301f64d56a37,0.4956745187350482
n6f5c4bfe712dd34,0.5062473722431623
n6f5d80b86bde6df,0.49602526388431994
n6f5f9ba5be8baba,0.5043313161717428
n6f6bc9e19a1e148,0.49417098403661425
n6f7332414321efe,0.5014676831915802
n6f7c0ea8f8603a7,0.5017345314167722
n6f7cc251b2edca0,0.5031610224940531
n6f864cf51b12382,0.49835881475000066
n6f8bf7c303116ea,0.5013653914270684
n6f903512a469695,0.49635602880964447
n6fa6ba6de5463b4,0.49638722779552547
n6fa7f54411b153b,0.5028262776307794
n6faefc9108d9cfa,0.49909393932480245
n6fbe3738aca1b4e,0.49760715671902245
n6fbfe06b067fffa,0.5012726158672589
n6fc39a1b1e8b2ff,0.48963569108367666
n6fdb16a616e6b07,0.494496369568578
n6fdb80e79a89153,0.5014433761232892
n6fdb86c761ac246,0.5002099288971125
n6fe87f4cbd99c77,0.4971540490963872
n6fe897f6b72a5b0,0.49974324672128484
n6fedd93bb0d1e3d,0.49610735088921304
n6ff18830188460a,0.4997670336108214
n6ff790e8a6a1efa,0.4988187623006887
n6ffdf53969fea04,0.49658288491951386
n701dc47fe92ade7,0.5011699884399567
n701e2232d524347,0.5011606271335477
n701fcb4ef2ec112,0.49899862772945014
n70375e8d4f6b7db,0.49863424792508254
n703ad44b27f14d9,0.4957970691384341
n7050f9fa97b02cb,0.5017371915138155
n705817646845b61,0.5066936281064369
n7063d414de9582b,0.49941719123005557
n706c33d4653b487,0.5025407044305154
n706cf8c07a65128,0.50466433862189
n706e539951949f8,0.5060311712221337
n70809d2ade1fd7c,0.49962781379378307
n7084e714d205363,0.49532373299615934
n70921c417b3cb7f,0.5032285973076902
n70946855bf0dc07,0.4982995300776647
n70966f48849ed5b,0.5027368671105167
n70985013f5b6a76,0.4970425140027361
n709c3707af40c6d,0.5038770635075553
n70af4bc332ff3ff,0.5014648789743391
n70d7309362e9148,0.4981717433477865
n70dd603d825c222,0.4984214087770099
n70dff2bbeff3e5a,0.49752109603775124
n70e897c1f8c87b2,0.4883059641933627
n70e8f5be2b9ad5b,0.5027057367820427
n70ec03071f74aca,0.5011264761273049
n710f07c66c94a86,0.5036918785636506
n710fa6fe9d556bb,0.5057918761676262
n71155cf8cf7f49f,0.4980573609171185
n711a8920687934d,0.49880995558146246
n711e12d688bf297,0.49342350651204675
n712cf4064c54b7d,0.4949038410575788
n712ddc7b70e50d3,0.5016312858169997
n713bb297484225d,0.5094445457464816
n71648371c551ec2,0.49831692206952244
n7166b978b637ddc,0.49983676568590385
n71735368b1939f3,0.49963269987853093
n717c9274690245f,0.5075743871944662
n717fcaac1c1c2f7,0.4958925576363071
n718c6ecbf29b927,0.5138176075841933
n718ced3539c4d52,0.5018447978446888
n718f9ee5420e717,0.5004514863029832
n718ff801e6dad35,0.5091535947529879
n7193676d36ac3f6,0.5014311707462211
n719510b018173f5,0.4998538768916616
n7197f612910e6f4,0.4946211740554146
n719847cdcbc9083,0.4965140842588335
n7199bf643be5b10,0.5002309977282338
n719b4a95d714ae3,0.5028965281116092
n71aed8ee21f9752,0.4997236890040074
n71b7db5eae0c496,0.49941527818469444
n71ba7db38f789dd,0.495813037597394
n71beb26de8fdf3e,0.4977381407429538
n71d73f040122956,0.49568769054899664
n71e73245fe570ab,0.49841909070443485
n71ff094ea7b1790,0.5024619963484426
n72179057a212c8b,0.4972848020798145
n721e796c398524d,0.4997855227927748
n722766e752d713a,0.501392070302249
n7231324209dadcd,0.49936882214343076
n725122580772bfb,0.5015190947487098
n725b58d2fd29364,0.4993082061566023
n72637c9874a83d1,0.5030579218538723
n726ed96c62b35f5,0.5013752140297
n726f73dd847f3d2,0.5009158788116235
n727048910d75fda,0.5037454712256962
n7279024cd7b5098,0.5037423501293344
n727a12acdc0f6ac,0.4985431299326779
n7281b75d5927554,0.5000018577676975
n7290ead24ddff62,0.5014413687123772
n72a1020ae0a558b,0.49915105212570005
n72a5840f0048758,0.5050716389311164
n72b5a58881fe1f0,0.5000593774881025
n72b64b00c736d52,0.49904596538998014
n72b83c8f6380a27,0.5056846999658955
n72d538e5fc19534,0.4967223473792449
n72dbf319bacaade,0.4991090391331872
n72e3d310366124d,0.49566108795680885
n72e8577a3e8b349,0.5002111934627376
n72efa22444dc84f,0.4988716752627967
n72f77eabf5843d6,0.5062354425032684
n7303c5ad3f5a52a,0.4989627595312714
n730888a7abb2748,0.5010358515319545
n730c3e76cd600a8,0.5027452330416605
n730cbd5ccd43163,0.4894418457647904
n731353772c9b440,0.4942880692301627
n731dcb39b020629,0.5072520086178705
n73263e3a9cff365,0.4960067170141479
n73270b06aeb338b,0.5009812954018975
n73274d7a035900b,0.4911750840117931
n734d5cae709f42b,0.5037768354066996
n734e49b09179df9,0.49993308796516517
n7355bed3ac6c102,0.4974284132744909
n736291231460155,0.49916831703316134
n73678e5f606273f,0.5089758829222782
n736bfd35acfbd29,0.4953439679955338
n736d41f3b42dd58,0.4954794777315049
n73725952a1e94ea,0.5003986406673407
n73820f282793104,0.4955476661004856
n7387b08282dafc5,0.4978356133532324
n7395c95d5c96b03,0.4981902035028391
n73a2630a9f357ba,0.4995774967862025
n73a751edb6e9dca,0.5060598687428757
n73aa778775fc0d8,0.4986731536259974
n73ac96c3438d047,0.4974146631526157
n73b2d8d0dccf89e,0.503570917183319
n73c6bdab9ef341e,0.4972397632343476
n73f4622a217e6bf,0.4962511473788817
n73f9d1534488a59,0.5010012666484159
n7402116100b4e3b,0.5007471643672913
n7407a01d3de00e6,0.5037708699513176
n7408801db7268e3,0.4984229978194857
n740d5a9455a67ac,0.5055467068269937
n743673812f2609a,0.501106486457142
n743e6950cfb1700,0.4986875427343012
n7440ba117f0884b,0.5009905549262542
n744ae72295503d5,0.4966072384998423
n744ebfe6c96035c,0.4958336009303163
n745605998352882,0.5021878233491677
n7466d5cc577d7ea,0.4987710511197697
n7468badbd938456,0.49580267110271464
n746d5210624afa7,0.49683993342665633
n747a384c325ba41,0.4977779617250533
n747cbf985926299,0.4981799601693862
n74a2a9946908a8f,0.5042563285987709
n74a545c72e9d4fa,0.4903246668338182
n74b7b383382abd9,0.506049211307064
n74bf3dbd3f70857,0.4944546328118467
n74c7339ae299505,0.493284206942005
n74c7bf243f80bbe,0.5066631065448506
n74d4b3af26d6e07,0.5003343705559408
n74d8275908cb29e,0.493620273618317
n74e9ef608eaa57c,0.5033026724490705
n751915a898a65b8,0.502959979626257
n751c50ec9164439,0.5040722538560203
n75228d8cabd2d03,0.5059257367466842
n754f93875d80c2f,0.49780363523623367
n75537e4b59522b3,0.5029483521388801
n755671e53d0a55c,0.49715703662269284
n755a6a18e9d377b,0.5020969307417346
n75653265b11abc8,0.5022679873542854
n7569fa1e297c997,0.4970982674204173
n756b353e509e2bb,0.5043326568082669
n756b5e4db8a94bc,0.5034214034513506
n7570ec0680a3706,0.4954146936731506
n7573f590a8f228b,0.4986131987629688
n757671f7bd43ae9,0.4962060085651091
n758cf2f18372e74,0.4998867784043027
n759721b2ebd8d37,0.495337507503897
n7599ea2b05351a2,0.5039047740123238
n759db0770d70295,0.49788448558843085
n75a1d619adbbb59,0.5050080301303447
n75a6d3e13e71670,0.5088995452477317
n75b0be82a1423d1,0.4997423772843578
n75c65ab3ea890df,0.4975142333253488
n75ce1026e42b6df,0.49741663088882526
n75d33a21f63514e,0.4986333504274939
n75e8551a0e75fb0,0.49979449025240563
n75e95010eca41c7,0.4962177293958687
n75ef3529872c19d,0.49668461035541217
n75f1b7e1ad41b48,0.4999001627389945
n75fdeae35dd96f1,0.5005842747531565
n760bbf2bf6773a1,0.5004596479677841
n761404d8e55b0ee,0.5063592617202998
n761de2ff0362779,0.509292443246766
n7637cf94198d15a,0.4998848288019
n764975014f2e93a,0.5018567747694653
n765cdfd6ce7eb5e,0.4998362904103513
n765f54f927580da,0.500976309672881
n766017306fccba1,0.5042299970638879
n76608cac75aedf7,0.5003350773090074
n7673cd4371f24b3,0.5010544800015398
n7674b800a656334,0.5043022139912118
n767c30f9bdb43e9,0.4924451805601204
n76822a7b7617104,0.5054698597399335
n768a152ae44debf,0.49926569316805713
n76941c7e5af4b32,0.49364407496762125
n769e10724da3307,0.4935110551007579
n76ad0c70bfc9cc0,0.5102519265921663
n76bd75993c6bd28,0.502425414459644
n76cca0e79b0fac2,0.4998290013245253
n76cfb3a2776f692,0.5036318865441948
n76cff854cf4a484,0.5061575682763589
n76d0eb828fed486,0.498904475526359
n76d0fac49875481,0.5040819745439775
n76d36309dc39e37,0.5002434991415956
n76e07852790e271,0.5001918601905762
n76e2a8166583734,0.5014255471757185
n76f030d617fbb9a,0.49773265951923173
n76f712f8adf8f57,0.5005110112895786
n7714043b46fd895,0.5030797132878376
n771b1fc13da8bc5,0.4975188446100473
n772deda2766086c,0.4918591380376499
n772f19afbef2572,0.4948017724447208
n7731b3b1d9ac9f8,0.5027947899968317
n773294f384ffa26,0.49492256966254033
n773712ece0a70e4,0.49779583496014773
n77401f5953e5b69,0.4945250422040265
n774348f0b40a786,0.5023364592011019
n774cccc10db5ca4,0.5018885231975035
n77523e54f74f02a,0.4950594818432708
n775ea1395ce09ff,0.4993896887961881
n7765c30d2d9d8f5,0.49114012050564554
n776c89dc82f3183,0.501872559433426
n7787ab959006f68,0.4978544006254586
n778f405c0fed366,0.5087008532584221
n779f5d31b38c461,0.5061098152527981
n77a9f77963bdb48,0.4959396254142435
n77b2c95e68f0f2e,0.4967152709308499
n77c003eb8bed3da,0.5039015297133024
n77c71030a7bd2b1,0.4992320911451113
n77c816cc5182d67,0.49317842906693843
n77deef0098a0880,0.4967387872445998
n77ebf3a7de90aff,0.49153032766893046
n77ec86564cd6a43,0.5006587131198705
n77ed3ed4ce2f510,0.496979955563905
n77f0738dad92ae0,0.5056677866175883
n77f1a383f62e7c0,0.5106810146088846
n7800c6702faa81f,0.49724205747369343
n7802ffaa47bb89c,0.5009309502457487
n782c907d40cb337,0.5027358958461858
n78374e438a75367,0.49654068791653627
n783afdea8be4756,0.50647971334026
n783c425e211be80,0.49927467760876154
n784eddcdedf6e49,0.49905699316008495
n785177041d398d8,0.5055890538632392
n785b6204d3effb4,0.501990784844168
n786dfc0757f6b62,0.49984525071829455
n78718ebca20bccf,0.49689944864767827
n7871c558a7801f3,0.4964152071605249
n787311ce63980be,0.49699550947667714
n787fed00a5f9498,0.4960995635437172
n788bf73e69b1fc5,0.506917623788744
n7897c2bfcd2d950,0.4949716692882905
n789c868e8382153,0.5023249346985051
n78a145974e94802,0.505465052855458
n78a653e9cd90b8f,0.4986654344742585
n78a85d7ba9abd62,0.4990057507207976
n78add27a240df2f,0.4966114316214729
n78b35fa47c791d8,0.4981261620126349
n78b7d9440628327,0.499734813461345
n78ba190ba3d7341,0.49662510800631154
n78c35de3f19504c,0.501663665500285
n78c60e7c3223b32,0.4981548762718751
n78cc61283a24638,0.49928638988568086
n78d1b2a4b3ba962,0.4971764562284543
n78d1c5987cf1c45,0.5035251738302685
n78da15bf782da48,0.5006611036132347
n78e2629a022a5e4,0.5004068127188137
n78f1e519b97316b,0.49740671579663415
n78f3954a3de0d57,0.49862408122060253
n78f8652abd1cc5a,0.49921204537980707
n790432284cccab0,0.4999546789688199
n79099d2b8e2fe67,0.508280190985677
n7915aa64f2b3e68,0.5006965098682027
n79197e80bf86cd3,0.496052248702928
n791d57560a5853d,0.49881548062315717
n791f4d95762b993,0.4972902092245816
n793190e8a955c6b,0.4972756259874813
n7938936ee7e97ec,0.5003101409478972
n793e04650cf023a,0.5035202494339753
n7942d503d3c25ac,0.5069977556978648
n794b836531f43a3,0.5030329248838542
n7955b448905337d,0.5005832680622024
n79625f848e702e1,0.504373127110485
n79739a9767bcdd7,0.4966491169233391
n79742fb93f1c91e,0.4946448482750507
n797a275c0216359,0.5009428553392192
n798ae8be626b7a4,0.503457919611105
n799f5e381a00949,0.5034235669645803
n79d742bd7c32c9f,0.49931047079522267
n79e7b7c70b311e8,0.4995347318414977
n79ece72078d407d,0.5000118884232985
n79f8c78df82c741,0.49339819590053674
n7a083bfd3b184b7,0.5089061943896842
n7a0f242f1774422,0.4955103732436398
n7a149b7025569a6,0.49716247295034
n7a351d3a252434d,0.5036564717777211
n7a470033072f18b,0.501116089576583
n7a49b98b9022baf,0.5029193054880801
n7a528a67e043252,0.4999248448233194
n7a53003ced0667d,0.49901131452851066
n7a5346518383f1c,0.5012559353683845
n7a57b1e12135ced,0.5041778985169431
n7a596410df64903,0.49511163963326815
n7a5a754944d4acd,0.5037022225449171
n7a62b1d5279206b,0.4996374988021474
n7a6bc24c6b19a9f,0.5003777702843992
n7a8728d3a853c57,0.5026395467027145
n7a9200d92bb332c,0.4985937761560913
n7a9a9aba5cbb993,0.49899973835646894
n7a9c29942a7aa1b,0.4966048387075185
n7aab58b604fd2d5,0.502768669457967
n7aae45965176198,0.4990272512914315
n7ab1061c69ca282,0.5016462469331525
n7abffc9c7509fab,0.5015418965090147
n7accea619d9386f,0.4991884677263918
n7af095ba0e458d3,0.497643426100142
n7af98e59d1c2a9f,0.5009527335363252
n7b024b88cc523d4,0.49627244871501136
n7b0cf2ebc0ce9c5,0.5013519095550649
n7b0dad4258aa3db,0.5001235724465702
n7b17423755a53a1,0.4957614056569232
n7b19f765cc55283,0.4953980559765011
n7b1b2869f35772f,0.4949416207011831
n7b2a4ea753586a7,0.5001510104876633
n7b40655582e8181,0.49875090280921675
n7b4b289ec50f4f9,0.504591397749248
n7b4fd21ba5e49fb,0.49647486962853765
n7b5c5c7206a7c63,0.5028318180813663
n7b65b2d4069c354,0.49692667895799775
n7b96f85cdad7238,0.49272369601216526
n7ba592fca755d4f,0.49835256246594956
n7baebdeceb5025b,0.5016803488884081
n7bcf84c0ee20e23,0.5012014750245506
n7be57a486664b2f,0.5034518810925986
n7beb09ec86bb17d,0.49583597493940745
n7c208cb186f29bf,0.5043385823701769
n7c2de0626d8c0c0,0.49464176833432477
n7c564b8746aff75,0.4989642470947046
n7c6080277683d0a,0.49575636746160273
n7c63716b3f0976b,0.4975015148796739
n7c856c51973181c,0.49836640180041486
n7ca52be211d3131,0.5086945665031863
n7caf49353902ff5,0.4984614495920221
n7cbaa40cc2dde34,0.49787713145333207
n7cc67612aaf6fc7,0.508573343056121
n7cd52801a815848,0.5053225599349235
n7ce1008f73251a9,0.4953443854147025
n7ce123d7f61f5d5,0.5007761083262641
n7ce7f18dcd7c111,0.49485419804904107
n7cea463f5567a1b,0.4989181183240132
n7ceedb4b001a7e5,0.5077045568663784
n7cefe711dc3d0c2,0.5037679269320576
n7cf595ba74459c4,0.5040591067685964
n7d094c53a3000fb,0.5046563838596675
n7d1198bfa7f46b9,0.4952281010279378
n7d173f0663a125b,0.49588105788122233
n7d320af87022f24,0.5048879891556659
n7d3d18d9d9ad8f1,0.5080019893986285
n7d5782ccc141fba,0.5074849124437046
n7d5bdd333b8ef70,0.4981722036055738
n7d627c9c05de191,0.4989427687243824
n7d653849e3469d4,0.500659722213893
n7d74382b3eed224,0.49920976270810297
n7d79921ca114669,0.5080331729222207
n7d87368217d291c,0.49856467460906695
n7d8ed8dcc69ee12,0.5002884296849716
n7d97cc2f0619ccf,0.4928308812952473
n7d9e5f68448e1c0,0.49846931115230864
n7dae6f00e446821,0.5049568486343793
n7daf2f346024944,0.4999346885755004
n7db268850ccdfe9,0.49571720218408083
n7db889598df5930,0.4999524926840632
n7db9417a3b19405,0.5028093892627269
n7dcaa2970c6b7e1,0.49454791942757215
n7dd33fe85705d05,0.5044994889842223
n7de13bfcea11df6,0.49723255574998887
n7de1efc7b0cae1b,0.502452547075687
n7df09b13c46aaa7,0.49744928027439694
n7dfbc65dd67af72,0.5004623792950508
n7dfc94e53028cfe,0.4986153129874253
n7e047a04a4367cc,0.49399957737380346
n7e0ac4561349046,0.49964067052862904
n7e14893282df941,0.5071616150128956
n7e1eb9e0989c632,0.49786073787353274
n7e30abcfef9e12c,0.500131164118271
n7e3936640a6354f,0.5002885377587091
n7e59f090e7eb084,0.4953914679804984
n7e5b3d9f1aef289,0.4980788769724751
n7e5bf0867f132ff,0.5005505870163613
n7e5d937f6bcbd59,0.5065272446141957
n7e628271fcd4b6e,0.4972161902110176
n7e683187efa0e8c,0.5023835797975452
n7e713920ed286bb,0.5037755998861816
n7e796d576d77ff8,0.49846098737403954
n7e7c7c6914c10a7,0.49168141516856145
n7e7e32e300f8707,0.5088201976526391
n7e7f076721f0576,0.49648392686686577
n7e8b32d25bba1f6,0.5020929432397851
n7e8d7ba293d8f44,0.49878606994098423
n7e98d1fb9fd9678,0.5020695869985459
n7e9e8c9db5a123d,0.4963087201888742
n7ea868df9696980,0.5003446109220779
n7eb2109fae23a25,0.49238272276386663
n7eb6f0ef8478bc2,0.500066818862962
n7ec6d29ca301eed,0.49952777913792823
n7ec881c2941b55e,0.5023519895846957
n7ed440f9735e0e9,0.5013842910511369
n7ed60b99d048a5b,0.49943652536679484
n7edb750df35e687,0.498374351564493
n7ee027e93c2938c,0.49533399184422483
n7ee254b9522a8d8,0.497860624552441
n7f0403ee970504d,0.5001363363666783
n7f132dd8f9a755c,0.5005738425557812
n7f171f93c3d5201,0.49988321903873173
n7f2261b7953cd44,0.5012259086468137
n7f2b5bbdbb47385,0.5053124581852244
n7f4039de93ef936,0.49158152468141425
n7f4243a5c87471d,0.49633032344012823
n7f498059e809f40,0.49667480265782965
n7f510d5ccfe7f89,0.49841186308606183
n7f5cc9da258dc52,0.4991350422172516
n7f6a695501c684c,0.4956528501002828
n7f74045c1d489b8,0.49994887699713775
n7f7dad3c7202d3e,0.49927803353671435
n7f8546277f2218b,0.5016998978953779
n7f8c0c8e69b5237,0.5007841987529147
n7f8cb34db567b33,0.4999998093080994
n7f8def6b3c8ff08,0.49957119688827106
n7fabafa120028d4,0.5032227844764925
n7fb886071949831,0.49794294318834875
n7fc0ab2ac94e4c0,0.4971033305852356
n7fc6459af049a95,0.49547901797477373
n7fc9bd61184a7c9,0.4966156818807076
n7fccea1aa0fb326,0.4958611954762942
n7fe3209e3ebeec6,0.502569533694462
n7fe90683e61512a,0.4956054765218316
n7ff12255211847e,0.4975002759937994
n801270b754d5741,0.5020092156471416
n801342bae105b1e,0.5021817859457273
n80184c030d4c312,0.5041837200610911
n801f1d1113f7ecc,0.4998987224898386
n80222cf53885b13,0.5021915431317062
n802565aa0a9a64e,0.49707812397648204
n8037941f1c97aca,0.5014451506054762
n803fdc695ef9f71,0.5041860195254952
n804afde5ce236d9,0.4973929855086588
n80585c2ca83370c,0.4981382457913687
n8059fbd7c1c9fce,0.5005773747015537
n8063e6b2d084434,0.5043579783339153
n8074fea572656c2,0.49768701342761573
n8079f59d55b298f,0.4945503499411673
n80818e41b54d925,0.5025278635815899
n808270f8d0e5dfb,0.5041167554624878
n808626b1203b8a9,0.4999735777248757
n80885084bdbf205,0.4990462547720979
n809798481e39f0e,0.49750266216925454
n80998bc64e29953,0.503292519469344
n809b2f0ee473ecf,0.5013460282807077
n80a8482ed9e3d0f,0.5017397362658763
n80b8ae9bb21e587,0.49534094000698875
n80e6c2d1d35f9ce,0.5004747236719889
n80edcd51fd8451b,0.4982726698285592
n80f16c670ccc030,0.5075247949738015
n80f85c4bab0549a,0.5071338575708441
n81143080a3846ee,0.4971400367507519
n8122a4e32b775b2,0.5010715156643016
n812ddf030902998,0.5081604453048171
n8144b2ce654852d,0.4950549648884681
n814ceb198714ecd,0.4979574178882841
n8151dd39aa6c635,0.4994401362685558
n8173cae9d4d1c12,0.5011260710061385
n817c51de0463fc3,0.49394646102159445
n817cc95bbcef856,0.5052127848552121
n817ce4273f91efd,0.5048349341329007
n8195271e47b9d0e,0.49429430475875974
n8195c517e0f0511,0.5012610168676118
n81962246778f90f,0.501775268506481
n819feccea1f1846,0.5018887599863944
n81a8a8e5a090dcb,0.501372946983588
n81aa4c1a65f8622,0.5005675891377879
n81b803a162056f9,0.5062738842947625
n81c5671451a54c5,0.5007702685838137
n81e2c7084eed260,0.49627800424296337
n81f9d154f4d6ba1,0.49806329545133493
n81fdb11b29e4e8d,0.4989543992486963
n8209fc5ae8c1ed0,0.5068422564212789
n823105cab3b20e8,0.49551979369680416
n8237dd3cef4af70,0.5097509135053981
n825154849a4aca6,0.4987364679106728
n82524a939af5586,0.5024091941457928
n8252d3196144c0c,0.4962157384888281
n825691bf63551d7,0.49882016607288127
n825ddce15140d97,0.5093266692959364
n826423fbf94a7d0,0.49885186521955105
n826f4ce4e1ed8df,0.5026743564231902
n8275c76b122c3f1,0.5009583552533875
n8277a24ee765683,0.5029029083570125
n827a99b5c1aaf54,0.4962176777954579
n827fde4525c8c14,0.4985856585085565
n8297f8798692f6a,0.5014827190469857
n82981c2a2f3c6b5,0.5040498575107841
n829a893fd98465c,0.4963529058364106
n82a0a39d41a1f7e,0.4951264064412995
n82a0f74fe9accd6,0.4947056035531677
n82aa06241eda429,0.5065905340255148
n82b10b226437912,0.4939269232655898
n82beda3d353afa7,0.5020919656618159
n82c74a7135e88a9,0.49579539739686307
n82d41928fe10f90,0.4974425052637251
n82db2f86591a9c0,0.4990045173960772
n82f3856be78397a,0.49510625345301823
n82f580f0bd17cdf,0.5011771900631166
n82fa35b24d7321a,0.5047756579406526
n82fd090b643e8f9,0.5064950083748968
n831a17d440440a2,0.5003711021593498
n8321080db08ff74,0.501393409112458
n8324bd193120eef,0.49836207708014124
n832e4ae32c506bd,0.5001813594123734
n832eaaebfa41b68,0.49548782266523195
n834425862f9259b,0.49908450787789044
n834ca11216ac6fc,0.49910464617786937
n8351e0eae1ba6a2,0.4992907919066326
n8352f8412864dc1,0.5004034948992779
n835e2de5cd6237d,0.5008489462099177
n835f6a81063125a,0.5017448608249845
n8368f96f432d08f,0.5035849701304755
n836a85b6b238448,0.5056704018618746
n836c48b34ef8aab,0.5016843772722781
n837d0f7fe4b65f3,0.4959593093106869
n8384933b451202e,0.49199800419086104
n838609b77595495,0.503790717843133
n839117e0c210af6,0.4995357773828228
n83993676b852117,0.5037365947347245
n839bca10baa8775,0.5073903508799691
n839d76c09db201a,0.49693400538527743
n83a087d7fc87427,0.5031417260151694
n83a2ee6d297a027,0.49923910408264277
n83a927b06b7ee5f,0.4950070679651105
n83b870d48ea5747,0.5027468096240988
n83ba00ec9baf18a,0.4983257539711531
n83befab96af739b,0.5007395561971898
n83c232dc204b509,0.5073606879026553
n83caef8ab014860,0.502974746363096
n83cb572ace0f80a,0.4968768564564669
n83d40bcfdbaa458,0.5005455472227014
n83d6556d39b6188,0.4975762944466409
n83d718450507f6a,0.5029031413881602
n83e56f8c82424ad,0.494575262861071
n83e8d9de80229fd,0.5028362025816205
n84002944fcd6173,0.49865025797143653
n8404a8ba65742bd,0.49704277863441015
n8409a8fcb6ecc10,0.5007998949733315
n8410b9b37e291ca,0.5024298352760046
n8413f0bf2e1b2b7,0.49886767272812194
n8415d2ee2f60678,0.4965114218771563
n8422d32888b0005,0.49512592684562645
n84339080cc799d7,0.5105526059749657
n844d05fd5c8eba5,0.49706686522512855
n8459bccb6f070d2,0.4992024657722429
n84681be78ffcac1,0.5065925515606736
n846e31ad98e1350,0.5032811413690786
n846ec36264b0b11,0.5000350769602474
n84745f7784360f3,0.5007177778692513
n84750e525d5a6ec,0.4963034742706531
n84951b322a8e0cb,0.5044879560721979
n8496871c8135dac,0.5011949187849274
n8499472c4e7c4fd,0.5007864535717971
n84a61b77cee39b0,0.49947220241945933
n84b99abbe4484e7,0.4985253980902909
n84bf7da6019344a,0.4991077517555126
n84c01f40099afd1,0.5040855013235219
n84c637fa0278b22,0.49781575984726834
n84e7244031887d7,0.505709386221165
n84edfc75913ac28,0.49868320258966475
n84ffe469f56bfa3,0.4986247698374155
n85027fff3c0da95,0.49544459461241047
n8505bfe455701fb,0.49801956919107077
n8509e6d89192604,0.5026709126505751
n851f6b78f16c502,0.5002302788783374
n85238064568a6a3,0.5000658858457725
n85243500492c063,0.508000462641876
n8532d5192059ad3,0.502558761926766
n854785c9b2f1abe,0.5014374090147359
n854b178e54ff696,0.49461007544805685
n85554998a76ae0f,0.4991064039309724
n855b261a7b925c4,0.5000767819762727
n855b67c62ae71cc,0.5007117259995079
n8560c2584d867ec,0.49872094110752757
n8569ff11264d710,0.5008100795028599
n856b04462fab635,0.4937973796648502
n857008794c23786,0.5005642822794382
n857a816d267f02b,0.5109538347149206
n857faf314742191,0.49387810120476955
n8580cc63f320d6b,0.49859714573371644
n8583a49235b3fe0,0.49946330756735763
n858ff51a2a9fa7a,0.4997007960982461
n85a7ed072b1fe56,0.49986225142550444
n85aecdc8459f5b1,0.5115062003197743
n85b25843bc0d95c,0.5047931610548142
n85b6afa56c725b6,0.5019933743116682
n85b74febea615be,0.49809188525104264
n85baab69bae4988,0.5014949447809427
n85d83f10f1f9314,0.49804599226139973
n85ded05aa46c75b,0.501468567748681
n85e6dedb624750e,0.5011379705604149
n85eb262aa7fd3cd,0.49901721483111017
n85f57fe3095a840,0.5008893437384293
n8602aba2631f346,0.5001508666599395
n860855e962a3327,0.5003609352933126
n8612291d92a139e,0.49572213071295324
n862696c88ba36c7,0.5015499635189459
n863c55195d015f1,0.4981902120106027
n863f6032f37c339,0.5051645281488021
n863fc17f9304be6,0.5012803988516226
n8640d2995348e0f,0.49269620559542676
n8653360229ce39e,0.4934523065850016
n8679360062368fe,0.5055688104854902
n867af0ac4f74c0e,0.49857010939512925
n867b8b28023f804,0.5063099982662337
n867df526cdc5aa6,0.49984430939506785
n86879157dfd51f0,0.49707072808275643
n868a999a443ecbc,0.5052742076244051
n868e5a062fb282c,0.49803006901858843
n86a13dbf7551344,0.5033048269800572
n86ac2a58329a5b5,0.4978764229091054
n86c2d0d14059a11,0.5017968601346015
n86d81ec85902d99,0.5033062553795103
n86dbeb45e10c43a,0.4953008090512894
n86ea520c6840676,0.4973649195030821
n86f80bf07730f81,0.5015957032458443
n8700bb57ac00c76,0.49196429904473943
n870e000b8072266,0.49534305051737204
n87157051e8d8e71,0.49824254748022945
n871699e27417cf1,0.49787740705467004
n87196eb42d23a5a,0.5021758217637801
n871be98a93477ea,0.5042060634240985
n87243dfae0caa6b,0.5040534646385436
n8725569a0cc868c,0.497367638928184
n872579a2bffecd7,0.5020386427155119
n8727a82a2d10205,0.49388980900943563
n8743f240dfe56e9,0.5066728299255943
n874fe047d793e60,0.4978544627437491
n8750591262d09d5,0.501256888666364
n875406850664bb9,0.49589742378661944
n87623a394f78043,0.49670242749851096
n876d192381e9f36,0.4948257106235423
n87721bb3d486afd,0.5060009319166381
n8783fdf951304d9,0.5037420337695088
n87871ba71c69385,0.5050588985931451
n878745e800994a4,0.49791656825714103
n878e67c4ecd9b09,0.5100866509109677
n878f8a89ff6fc3a,0.5082951940133728
n8799b4c198643da,0.5023873574536905
n87a133e1eb19e33,0.4988339008255163
n87b09d4d7d2e0f2,0.49618226769594903
n87b35e1a3ce1687,0.5049360695548701
n87bf649c54f5f5c,0.5045965475260255
n87ccb668155580b,0.49556799820896813
n87ed82ee062b4db,0.5007911698825215
n87ef74b31567d9b,0.5060372369773972
n87efcf173b70b2e,0.5033936216671672
n87f987be55f3187,0.49379489364906587
n87fe4965aed2483,0.49485587803656533
n87fe52c4602cc5c,0.49713877624068814
n8800c2885928b40,0.5020497401856256
n880610fa00d17b0,0.49792649423421376
n88139ddba12358b,0.5019093207043928
n8832dd27943bac1,0.49803367928381054
n883731cf3be7d73,0.5042645510552466
n883cf7e86838c21,0.5017147877674817
n8840a66f25bb5dd,0.49990785055613124
n8846f1fd083cc61,0.49842893790768233
n884747e8dcac0ba,0.49727718974134755
n88495ba01329519,0.5030070405714916
n8856c58527a41b2,0.498568981350061
n885ce68ee27ad62,0.5035545031159684
n885d0deda55641e,0.4998746003833353
n88686f3819433d3,0.5000092551198441
n887b0b9045c8932,0.4998279888112114
n88b34ab6ad431d5,0.49916601995934423
n88c1b5ca267e23e,0.49374001880933693
n88d4c72a54ed9a0,0.5006342397346668
n88d7bc65ebf7594,0.49416255343695936
n88f012c13b14095,0.5053883011957713
n88f2691e67d78da,0.49824546530232044
n88f75627cee5aa0,0.49812896950580987
n89001b900dc1b22,0.4964545283632674
n89098cfb028e3c2,0.498984004632645
n890bbb1508dbd5a,0.5030848035923454
n890db5025b9256b,0.5006724959669835
n89135ce798a17e6,0.49748593457243123
n891487dc62747d7,0.5037113090103759
n891b9e5e12d0c8c,0.495901107971733
n8930cead7d46b20,0.49281274011060694
n8932822e6c4f3e5,0.49923301764105327
n893d6bc61c7bda8,0.5039774078494256
n893ee9671cc22df,0.5043086545794591
n895e2f465956186,0.49862615669834365
n8963a249fde833c,0.4946023286982523
n897131218dcc1ff,0.5010133073041126
n8990846317ee84b,0.5001874224658989
n8993b4e5dc269cb,0.501172917003194
n8993d29947cf562,0.49727630813901263
n899c1e4558e3d8a,0.5019168578333861
n89c6ec94843fd9d,0.49877931777448453
n89c7eef6e600a63,0.496009766462027
n89ce3c4f6c1bb7a,0.5041671039396171
n89cfab6e32c0e27,0.4977951797532157
n89d0803359dd13a,0.5022570841572395
n89d6c4ca83d420b,0.5046423910266674
n89e2c8fcbb4b994,0.5043424697395134
n89eca9d730ce069,0.493224068060771
n89ef9c658d9f273,0.5055671927626559
n89f2f554c11119e,0.4983805409290577
n8a0416aca04f821,0.4994978286700193
n8a06a78becb74cb,0.5037999516762495
n8a0b871d998ea90,0.4924410674768488
n8a2549cd8d90439,0.49975274097390016
n8a2abbdda2763c8,0.49824536945920456
n8a2f1c36121fa3a,0.49308077154152113
n8a31c0c697c0ca3,0.500399406654972
n8a34334b54127e1,0.5041881189714096
n8a369c6b39702bf,0.5060485913144134
n8a4e7ec1ea89185,0.5000260034896316
n8a72244393a4beb,0.5026655038236018
n8a764c87a0f3df5,0.5052108275215071
n8a7b3d3f16cdd47,0.5022951880109653
n8a891f63f9637b1,0.5078498942443672
n8a93c27b665c0d4,0.5007323166141933
n8a95b2b1005e737,0.4933228849981016
n8a9e5608f590701,0.5044299108421259
n8aaded4c664b6a4,0.5034847557169609
n8ab5887f1eddeb4,0.502353370873586
n8abaa578108bf47,0.5002383420610127
n8ac89cac227f37a,0.4989882706105766
n8ac95335bcb2795,0.506183228833741
n8acf2a377a7eca5,0.4971480183740251
n8ad415d26d50f33,0.5020265643748059
n8ae137ed2ee1399,0.5069893548133978
n8ae1e490f1d1a17,0.5014263424339728
n8ae313d22c050e4,0.49693723380581856
n8ae38d26ff49f46,0.49983697485044853
n8ae4fb0c89e1479,0.4994219086418245
n8aea58e2af8177a,0.5022830794942531
n8af150fa4d2ddb5,0.49823752655508374
n8af2d9207cfcae0,0.49916039508300647
n8af3b1155bebcb2,0.502777315649645
n8af4dc82616129a,0.506258107428361
n8aff9e68c6bef6b,0.5005488913649904
n8b05cc95f664a22,0.4999539289925003
n8b0a01a9fa2d830,0.4996856249331197
n8b1c1928dbdd0de,0.5066156657750607
n8b3966deb32c815,0.4962115974585802
n8b3ad5ef9d0891b,0.501054456228875
n8b53f4eaa0a1f4e,0.5007171302737002
n8b562d830aaf0b6,0.5038183080931592
n8b5859027feb700,0.50677483214266
n8b6858662b44581,0.49828742178259855
n8b8591479e0cb72,0.49883224716951186
n8b98dd29b2fb935,0.4992141012583953
n8ba02351ee55363,0.49970354016332424
n8ba18528b687ec9,0.4973407856376712
n8ba48938e4deba3,0.5019256098787583
n8baca4f46af264c,0.500445118436558
n8bb061ebc4da093,0.5024212374124615
n8bc7568fdbc6096,0.5018011940926302
n8bcbc4d4518e87f,0.4992332493927626
n8bcdaeccd7c71e8,0.4989156755917428
n8bd6a02f6b3d5e6,0.49970811156011175
n8bdbaeceb8af6fd,0.5024958775572601
n8bedccb92fdf381,0.49702334366335804
n8bf45765ef9b068,0.499577035233424
n8bffd7d673a6513,0.513186348774621
n8c1069bc897d5bd,0.4976733031996891
n8c15e4f39cdb04c,0.4989401652358478
n8c18ae13a74121f,0.50042056220696
n8c19db5228dd704,0.49731623651020895
n8c1a54a10a1dfe0,0.4956788166126288
n8c1f7957021ee21,0.5085965627278402
n8c29fd898b8ff7a,0.5008593149345478
n8c3cf55336596bf,0.4978710560516287
n8c3d28a86185df9,0.5011582900964057
n8c5b696c31a203f,0.5037553772859886
n8c6e849c286024e,0.5021752313646599
n8c831544d4b62db,0.4957840400727459
n8ca0662b602b749,0.5009160989104572
n8ca8ffdd6462b94,0.4956652468868776
n8cba5ebf2503a08,0.49582283078026435
n8cc17f751455d70,0.5034877319171628
n8cc62066034c967,0.5017376696689075
n8cd4225c58ae29b,0.49928613111634984
n8cdb422af7e3792,0.5015837314963336
n8cdcd7a76369f7e,0.4964488218525655
n8ce0700bc344530,0.5014419433910592
n8cec5f584a43862,0.49911237403603925
n8cf3f763a0b1903,0.49818771071416845
n8d040884492e59b,0.4969048359062266
n8d18af6899ea48f,0.49577181765374184
n8d1f9ef0c423bd8,0.5002588102447285
n8d35180e6ae4e4f,0.49249439219861624
n8d606ec4c9ef0ca,0.5003430272567506
n8d6190724c1c163,0.5011921612783081
n8d655dd640df3e6,0.49932988355166585
n8d78ad8ce663583,0.5012588784203995
n8d7a94643d1e3ce,0.5032313856836177
n8d80cf2c4ea2ab1,0.5026875399579163
n8d8b7f554f8084f,0.4990520486258879
n8d8f391d1003183,0.5013532906441924
n8d996d087e44969,0.49976882157896707
n8d9df421adb5b25,0.4996666904121067
n8dae327ca9d1ed0,0.5054950016819656
n8dafbe795c065ba,0.5040402648042724
n8dd4b6173c274b1,0.5008114095581215
n8dd9e82e6ad3f4e,0.4961751702443342
n8ddafdab6b91413,0.50066063193931
n8ddfcf46d925d03,0.5075718760047473
n8de83a225ade3ff,0.5014347178250425
n8dea004c13c8cd2,0.5031275121417909
n8dec28ef6518579,0.5009281654748977
n8deee11fcda6ac8,0.49615167817686867
n8df038c968f3b33,0.49784102335607966
n8dfb69c055168a0,0.4968910185194684
n8e05a6e57631822,0.4949002687180425
n8e0635b2e1b4b0d,0.4967417285086702
n8e083b9f4d09e97,0.4997173113153749
n8e2d9319d245a69,0.5006065988683205
n8e306d281b939f5,0.5006027947257029
n8e3977204a79d91,0.49754034312167134
n8e3bc3784026f36,0.4970158298808506
n8e488e6ea68e638,0.5018531852669259
n8e79b9b27332e85,0.49483553002442493
n8e8d248fb1aea82,0.5046304819301751
n8e8d9de15fcaffc,0.5003781125598571
n8e8f0f0eb8ba780,0.5035472929184351
n8ea40faf3e0c210,0.49706041086272174
n8eac7c8d655a70a,0.5027859306613552
n8eb61dd3b51ce93,0.5021918786523496
n8ec2bad551709ce,0.4926699991363683
n8ed4c9e00b02b56,0.4993120821574572
n8edd848de0a6cd0,0.5019122839650377
n8ef1378d7deb0d5,0.4999840080901956
n8ef92a5660d4407,0.4983904253286121
n8f08f88487b4ade,0.501555918835499
n8f15d1138daf77b,0.49319710183843274
n8f17b137725b7bf,0.49896501433528484
n8f20b2f60f7da9f,0.49275921656145044
n8f22fbfee7945e0,0.4984105443132941
n8f2456b4e89fd96,0.502653470327878
n8f28d6b69907db5,0.5004815735862086
n8f332a7bbaf90c1,0.4964701373409105
n8f3a2d0926ae600,0.4951924752598342
n8f483c8dc4701cc,0.502533964219282
n8f6158d104dc82b,0.5008772160495225
n8f6b3669dd0e7e4,0.5000851782215238
n8f6c7d9ba38e192,0.50126058823987
n8f744fd8911ecf5,0.4970588679545603
n8f7c668ce850e2a,0.5072284745506643
n8f823da47c77e0a,0.5024746300551467
n8f8bd9f3de33894,0.5059844494649667
n8f8f6526ffa19d9,0.5026552242942361
n8f9d6b36d54b39c,0.5006982645962123
n8fa12e542811c04,0.5026381340779521
n8fd42626c3c1f50,0.4961916096780547
n8fd49ca17812321,0.49722216710708234
n8fd854a5d19c0e3,0.49821882379515003
n8fd8a25b938c44b,0.49737129754244475
n8ffbc87df15f1bd,0.5045640483826717
n8ffcf8c2769c4ff,0.4938497272203611
n8ffff4b99337cc1,0.5035147226553518
n9005525e8071128,0.5013516737737741
n900ebc9f563600f,0.49944144247383726
n90111d6f8ec1afc,0.5014401959064935
n902457189ea8f1c,0.5028023277515786
n90260f1c2385826,0.496997329295733
n903bb6a1182f164,0.49794046351237103
n90462d20d22b30e,0.5004632491561499
n9046bd6e4cb1510,0.5028942321490054
n906e29bce6515fc,0.5006753087068001
n9082ba739e72aef,0.5042709155663705
n9085add961007a6,0.5003699738151837
n9087305981eef05,0.497223885532557
n90954648186efb4,0.5017193030082658
n90a7089d28889f1,0.49847082489465006
n90ae3f8e3864909,0.4896789089398269
n90bfb4a26ad12c3,0.5009449996517011
n90c3bea0ccac228,0.5009213036890648
n90c426029c1342d,0.49998562560133825
n90db2cb566f14f8,0.5016601845383986
n90e3b4e9ef832c9,0.4999360094043739
n90e63c6bb13640b,0.5057733537262378
n90e68b712d25bc3,0.4957776470037758
n90f7aaf2960d80c,0.5017980442262251
n90fade81e4e701c,0.5061503045610996
n90ffc754f0493b2,0.49531641890610595
n91052d4f2ff8c68,0.49754561400595965
n9108f568132615d,0.5039296436520035
n9117a489e052a7f,0.506658520694323
n911afc3090348e2,0.499496929423958
n9140c5da2c695f3,0.5037303787205653
n9143a2ea7dc2d62,0.5016246070565625
n91488fc7894fade,0.4980953777979559
n914a50dc62a8a48,0.5007394099481655
n914ab92bd36091a,0.500571291087237
n914c44db54e4631,0.4979728660863333
n9150eb99c037c05,0.49933551771859064
n9153170dc00a2ee,0.4988927113702209
n915df97aac49ff1,0.5053049318343773
n916dc4400cbb3c2,0.5033013619103537
n9174491d7a3be8c,0.4932486046481241
n918e8a7dc535a50,0.4950801274101533
n91943db08fca4e3,0.5027723062597017
n91adc5ad6d28b62,0.5024717414441838
n91bf170bbd05468,0.49528620482156255
n91ca58a22b68f38,0.497763294704862
n91d6083a90101c7,0.4983720024707248
n91d8fc59e4dec78,0.49813589930050756
n91dae3993453fd6,0.5004362754896797
n91ea9e4e9a1af19,0.4971217198214031
n91f05f1b748a101,0.4997734860867324
n91f1403867586fc,0.5001795090228425
n91f8a7fd6ef4acc,0.5024233820844405
n9201ca4b4d1266d,0.4957678331393903
n9206f0286425aac,0.4954777162733507
n920839060fe7743,0.4964747574770394
n920fcac88e782db,0.5034009183697995
n921630db3ec8bd3,0.495427199752475
n92197acc972c334,0.5076885462920367
n921b7eaa6e50ea4,0.4987937199676212
n9222b39a6843102,0.5048790487436234
n9226aa8d3180a8f,0.5043038421094922
n9230df5870365b8,0.5075394905131515
n9234fbcacf6a562,0.5030528101032204
n92373212c75a4cc,0.5079565993374799
n92445c1e3dedcd3,0.5038349768843842
n9245e188d98834e,0.5000128032844358
n924b264438808f1,0.4984961219455095
n924e5c00c8f8a62,0.5043635269808452
n925b21a2245225d,0.49907496218427494
n927a9c40945bf7f,0.4968464189708568
n928c60ae52406be,0.5031114841414662
n92926187747cc65,0.5002065761382942
n929b65e1f1c6807,0.49571648635500165
n929c3670782d56f,0.5032151150251097
n92a52466293219e,0.49434321338506937
n92a9a5948d8325d,0.4954970202573496
n92b3bd33db42874,0.5020263552643097
n92c1459b750ccb3,0.49696839891323347
n92d0b6daac7dc07,0.5022943579307495
n92d1e3ec917afa3,0.5062275738235991
n92d4944150f0ab0,0.4971698833924797
n92ef59eecd9ff0e,0.4960579646331256
n92f471b10944c31,0.502675246002823
n92f5acfa4ceaefd,0.4969691988163022
n92f6e8a37a860e0,0.5082232451895213
n9303de59aec8b0f,0.50119923034529
n9304c98b1a56dd9,0.4936723667753652
n931def8b7387d22,0.4962015397058354
n93220c8b6093e69,0.49935231821283216
n932f19bfd314736,0.5034493233744011
n933298b6880f157,0.5063487191857232
n933c137a09ff566,0.4961361383702135
n93433a84886c1e1,0.49629948261235823
n93453fba874c428,0.4948536471510503
n9345cee4950630d,0.5020368187464016
n93525123f867843,0.4936138049305087
n9352aacdce5d0a7,0.49725501838008385
n93543daf44994b3,0.5063831269066968
n93549048afdc953,0.4953282941625192
n936490176358653,0.49734940029325975
n9380a85194fe5a3,0.49908888508385135
n93906a801511713,0.49682132129766404
n939482511e84361,0.4941317993261179
n93a1f24ee573286,0.4976022056525348
n93a70d1d818b099,0.4992783827943811
n93b19140865c727,0.503304408346007
n93bebcbeb86d0c8,0.49964537075222665
n93c112194621008,0.49800956466606416
n93c6a870fd3b50b,0.5004056665431501
n93d272fec62fda1,0.4943301058725483
n93d4cf15961f1be,0.5003128377172071
n93d56ebb7abd078,0.511289730799495
n93e1103bfdab718,0.5014027401059138
n93e3bf9fdb23345,0.5014924992834389
n93e80c22f2cfb4e,0.49592885430225037
n93e8672046c20ca,0.4969774626813117
n93ea5cbfa5d9208,0.4989668276394822
n93f480de20bf8a3,0.5033380380425161
n9405168a2a86e5d,0.4938050876212476
n940df06d89a44c6,0.5051836058972139
n9415e77cbb79d1f,0.5084543071501763
n94163c583686412,0.50806320564373
n9418e3176d55c9b,0.4982458815396843
n941a20ae1975cce,0.5001010590006796
n9424636ce2497fb,0.49663697163279286
n942c071b57bd9a5,0.5010924842534518
n9432484686af4ca,0.5006575931387042
n943eaa2fffebc4a,0.49672290690799614
n9452fef2a9612bc,0.4990076741704534
n9458416a969ce7f,0.5006969024829568
n9468f86e5bfb3a7,0.4982678220426311
n946d5cc66e01084,0.5010956298290153
n946f91fe00e6d22,0.504268938707998
n94736c782c8b814,0.5027517664438949
n94a4d6c10df5be2,0.5015450572700053
n94ab801564f8a3b,0.4999202797559361
n94c41a80043e0ba,0.5043825946049657
n94d111678578d75,0.4989961131438592
n94d687638bf3de7,0.4971313168327941
n94d6cba967ccaca,0.5003522255464701
n94d87712e0ada34,0.49626510076112756
n94e9b5c89cac24a,0.5015137407982606
n94ec1debc4b9c22,0.4952312142733848
n94f2fa6083d6a2a,0.500263336028733
n94f48557ad12ced,0.5037525034868341
n94ff5358ff681af,0.49567457816081134
n95166e9d8435bbe,0.5083930789647313
n951a3c3442b3e67,0.5016788709391289
n95249491a372fe7,0.5038814058273742
n952752d1eaae4cf,0.4986996260781579
n9537ee27c87254c,0.5007332411672206
n9540bcd185f8189,0.5032866550670978
n954b546f8b60256,0.5001936871725436
n95559213191d899,0.49983508239412466
n9560bb86a264c19,0.5035618338766927
n9564edd867818ab,0.49543403244831313
n9572005e8d46649,0.4947257361807893
n95791bae61481ed,0.5029098114142179
n957e7373966c192,0.5011823806837284
n9581472f980a217,0.4985567219363366
n9589df8c446d320,0.5040250272702801
n959506812cdd526,0.49976485249621877
n959ab7c96f5c66f,0.49958349222602566
n95a1a0220b19f40,0.49979117415273155
n95ace4c4a224546,0.4995696680102736
n95b556b19557e51,0.4998439619148285
n95bfa682eba5398,0.4951731179561963
n95d4aaaadbacca5,0.5042425000431507
n9600f871b5bf69d,0.4954262453165661
n9603491b145ba1b,0.4940682287804254
n9605cfbf8e16d66,0.4984515326666351
n960da2415702819,0.48951443837574116
n960fbe949a693df,0.49620457242703114
n96124556e64975a,0.4962014578860191
n9627b8d31a77f99,0.49949021491228535
n9638d4fc22af482,0.5042538557498176
n963f3cd1ff23963,0.5076079296544149
n9654ef8277425ec,0.49766105061973953
n965b22256906d17,0.4979657568918009
n965b728a043ef81,0.4991306635407873
n96827418aa734a1,0.5012966426053196
n968b19dc1adec17,0.49692533567754127
n969087446288144,0.5015725723239132
n96991ace5bd4cdc,0.5007724018819807
n969be32867e2027,0.492382306457494
n969e0f6acdb8c92,0.49874636024578123
n96a9eb2f01d9250,0.5030476489811863
n96bd5ffa1e374b0,0.49846684105010974
n96d97593af4f1c2,0.4951737410541267
n96dc6e25c8f53e6,0.5007288147506134
n96e04e04dabf271,0.4991583828754079
n96f47256a03e6c5,0.5029541123320465
n96f4ce638e632dd,0.5025041181111652
n96f5030bf385929,0.5010810127856261
n96fbdfd2f47f68a,0.495450129705678
n96fc5800d14c37b,0.49636079370873887
n970c9c4e9b5f322,0.49801981158611774
n9720c6bfc5e2383,0.4935433932143822
n97359383fca582a,0.5002539421569341
n97487f1af465fd2,0.49710199918683057
n9754d07d574b30f,0.4954494720468297
n97779a19f3ea6ee,0.496518976731624
n978632280708aac,0.4993585937065096
n978700ba27bab21,0.5013544621563865
n978cdff5efb4b2a,0.49725871377263864
n9790c1cb76c9225,0.4956291457659471
n97924e7f6b83299,0.5015631977870929
n979d0ed8f56e5de,0.5059871399411224
n979e6287ef3db94,0.5031374728695478
n97a42a3a95e3781,0.505349271696826
n97a823063492c9a,0.5054013888098726
n97ab44300af0b84,0.4993964423005296
n97adf43353aeda5,0.49742193267281465
n97ddabb34b25447,0.5033003702951271
n98087874274a345,0.4955787151331171
n9827de33c26cdbb,0.5086587877370642
n9833d55dd9f401c,0.4987872631374552
n983445cea1312f2,0.4986595707622025
n9834c6801ff0c36,0.5001215567899622
n98442ebb85e6238,0.49717163978770285
n9845078bbf0b005,0.49408958803608927
n984e4cb9fe6866f,0.4945025497986094
n98564a0f32aeaca,0.5010213317748855
n985dee8a0924405,0.49546991979961963
n9860361fbe7f075,0.4978647562629502
n98621ceec0fb9a7,0.49882975444509414
n986b9bad31c4cd8,0.5035187851411378
n989ecb73a080a09,0.5001517679022806
n98bb46382cb5cdf,0.5000755091012432
n98c73c8a0833f41,0.49739853654949284
n98c9aa82818b862,0.5054822194236178
n98dafe21029d5c0,0.4958054671199815
n98dcc611ab19cc3,0.4958647255296754
n98deab674ff08f7,0.49726875395354325
n98e699418abb651,0.49861769179860793
n98ee56c3fa370c2,0.4986657942923305
n98f219b038904e6,0.5044486812675402
n98f24130cdd4fc0,0.4971206837946332
n98f4e28050b9d01,0.49941439899868045
n98f73071c3782d6,0.4957255984077773
n98f8973748a5cce,0.49765166850182496
n990646005bab409,0.49857869943346744
n9913e366ef8534c,0.4980283322969771
n991a06ad4075e78,0.5002569455796791
n992f161a0351ad8,0.49657678641620245
n9933496cd8fe2d8,0.4984791452044863
n993ac1ec4472053,0.49456271246643824
n993b63e97daf20c,0.5019075688849154
n993ff494509b12c,0.4976474001095868
n994cc9f6cf54214,0.5058956778822188
n995cfaa3307e29d,0.5000492716508754
n9963c2a6b70bd77,0.49684784395237286
n99814c164a66b30,0.49959861930305666
n9989b0b7ee3f38d,0.4990835508792088
n998e034bd35791a,0.5062774028986498
n999c35e810b1abb,0.4942137016322977
n99a5b9ee204e794,0.49347875848751255
n99acc28f8fac666,0.5050582402812424
n99b1cfec040f2e6,0.49745204304441776
n99b5801bf896c86,0.4956237551526279
n99be598222fb7c8,0.5029393320242243
n99c31f2c7328436,0.4998272359309335
n99c9cb3cec2b68b,0.5069623761232682
n99ca22da30d2495,0.5050183615246651
n99d4b05e373699b,0.49969702190315574
n99e05390b638a80,0.4989026379415253
n99e1ee78dfa53bc,0.4963591336954368
n99f8fd85b11e5ca,0.5011498342999969
n9a1701b67acf661,0.4993673851978022
n9a510fbf14607ac,0.5016552228928111
n9a5b30679ee6e6a,0.49955808259539075
n9a7095e10dc2da4,0.4986745125849155
n9a749813d7e5312,0.4962897501507678
n9a74b2482de9702,0.5021886219748558
n9a7a577faa15a49,0.5038453370664036
n9a7d756d04cca22,0.4976073857240111
n9a87be8b47e9c20,0.5059435848707935
n9a93df8eadf94b1,0.4991095100748278
n9aadfbd6a441cc3,0.4966330928464686
n9aaf4b3dffb41e8,0.49672506880948325
n9abf7cfc888dd5b,0.5020300739506054
n9ac3503cf628da1,0.49415429635763947
n9adaf11058db8c4,0.49509598821048934
n9adf0af9595461b,0.49427469882459313
n9ae0731c3702877,0.5002320968369568
n9ae10ac8f1d2041,0.5083351627284747
n9ae6ab86093275a,0.49925303167416607
n9aed7daaac6fd21,0.49905943392527463
n9af8a43cd164956,0.502710445030698
n9b01d2a8138fe59,0.5067964894469379
n9b1074eb1b2a2a6,0.49739026070019265
n9b25b264a1e992d,0.49520778849703434
n9b36982e82cb939,0.49953053937210645
n9b37fe0405b0e27,0.4957477479220074
n9b3e515834aa18a,0.49770626865791157
n9b4723bf3d1a596,0.498938218551647
n9b5a84cb70876e1,0.49602256536715184
n9b5c502dbab931e,0.4938994232434597
n9b5e3b622531f1f,0.4951212040901843
n9b75b8a06bafde5,0.5069909245572732
n9b84ba6aeae031e,0.4946677938854621
n9baf2da1f5ff6d3,0.49888353087524684
n9bb3419edf6db74,0.49757116960950926
n9bcd19113c7b37f,0.4954985126670795
n9bcdc2d5e1b6979,0.5007427838926838
n9bd21126df78914,0.49810166312699955
n9bd663644ac63f8,0.5018079854646412
n9bda013bdcecc25,0.5078048486776973
n9be24c6d287da57,0.5094527462447316
n9bed51297b5c63f,0.5009165509269847
n9bf18b7a1e1e336,0.49829007861282215
n9c0e45ee3af2284,0.49765673246086184
n9c0f34a00947445,0.5029524383392415
n9c156e6ae06af8b,0.49783818323355006
n9c2a3bca7f82d86,0.4962565988597738
n9c30660a186a550,0.49842084380802987
n9c31f9d4e9abcbf,0.5011319904449839
n9c3773655083116,0.5035571966633037
n9c405152b784a65,0.4984431240115282
n9c4370106293235,0.5001128629113175
n9c53d5446c45d63,0.5048030684118306
n9c57fb883842899,0.4999936762912952
n9c72b575a1ee38c,0.49910017078523583
n9c73ce7c4e8a15f,0.496649540375116
n9c8e1842f247c2e,0.5011728618992458
n9c946b2928a4b83,0.4994464811253209
n9c95d187ae1f20a,0.5036893895766591
n9caba7b9c803bb5,0.5006092844856384
n9cad094a713aca4,0.5016062379008501
n9cb39ab4d382ed3,0.5056330481304513
n9cb63d1a8d70371,0.4944211088391851
n9ccbe9a3390dd21,0.4942336455270483
n9ccd34bc2b9e213,0.49657144906452
n9cd3fed2d3e46c8,0.5034654826079947
n9ce3edbaa686753,0.49693577207186407
n9ce8793e343775a,0.5000647698289299
n9cf10b65a16a9bb,0.5049086890291969
n9cf49159143b00b,0.5067901427363004
n9cf8e935f036546,0.4989616343382012
n9cfd3defea1e3b9,0.49553863988147284
n9d050a06e4fa21f,0.4969952869999881
n9d19597e3c3ea78,0.5015871141505369
n9d22d7eb20dce41,0.5009942756419579
n9d28ce21d10094e,0.4952541792534226
n9d295b4c64931cb,0.5002083940626002
n9d2dc791cc1fb61,0.4982195383312065
n9d37e18aecbda4d,0.501756957578381
n9d37f4e037ee952,0.5007853268515183
n9d3ab5deb7fb7fb,0.49885892852924807
n9d5262ce28af04f,0.4884375414071659
n9d731217b23c25d,0.5046872261305612
n9d740cf2880428b,0.49649762625724464
n9d78720d3000111,0.5056675547271601
n9d7a990c67b6da9,0.49963478142282963
n9d8eeb0720da2e2,0.49372326746907863
n9d97695d9da67cf,0.5037811895301918
n9d993883a085f78,0.49672964195890795
n9da5d6b894397f6,0.509447755294156
n9db08f2b6868f8a,0.503002681630761
n9dc5f6b70cf5b16,0.4989916818010869
n9dd619bcb684590,0.5095760198833699
n9dd9cbc6e15b6af,0.5053869251381989
n9de5ae744386424,0.4973750938626937
n9de5da65840e6b6,0.4950676546533184
n9df2ff6b7fecc02,0.5038484599970439
n9dfe74c9614aca9,0.4954642599363147
n9e00b03e9451689,0.49896103372290407
n9e0cff2a86bc251,0.49884363428703105
n9e0ddb5b2e79e87,0.4982514814162839
n9e2fb1f0a577197,0.5025175026537084
n9e36847f69a88a2,0.4982847153865432
n9e3cbfabc95e81d,0.5048969420067533
n9e4148141d37428,0.4970193233949134
n9e5b7c4c3a46ff1,0.5017195152941538
n9e66463b8c4417f,0.5010934584466277
n9e6dbe4ea726321,0.5007474343585959
n9e72460b8a0daee,0.5009711519314689
n9e7d625c8e2df0a,0.4985873717462856
n9e80cf7640bd562,0.4964054088147094
n9e8c89647681bc1,0.5039065401667675
n9e91deddb2d3e26,0.5018894197544034
n9e95aff84aa6b17,0.49493984301649985
n9ea0765cab0017d,0.4993182177899187
n9ea733cd63662b0,0.49979257232672614
n9eac37b55c09a16,0.5023770904929901
n9ec1c8ce9b5e815,0.4951514742295451
n9ec5294831cc219,0.5030691278158345
n9ed060e64f0763e,0.5090862066892952
n9edb514c1247103,0.4995492344908604
n9ee0dc43b066247,0.49909660985152043
n9ee1170601c6204,0.4990336537268592
n9eeb80fe6efc47c,0.49825626090915526
n9ef4a3f768e7e3e,0.5034433571847594
n9f009d656d3e074,0.5053320356604118
n9f029e01dc8eef5,0.4971417891308906
n9f061331505dac3,0.49874305078013365
n9f31a206f80e05a,0.49702882499531126
n9f4d27677dd1686,0.4959092738865778
n9f533da558e24fd,0.4962481007891968
n9f58276cadd5610,0.49399491759190206
n9f5a52f893cc104,0.4977858955561934
n9f5efe36059c021,0.4963890469249027
n9f62536ee918eda,0.4991334616695797
n9f627c5a827e056,0.5014113569623111
n9f6283a764844d1,0.5053193156274877
n9f6414b48d27a5c,0.49819147045916773
n9f655cbe9cc838b,0.5051823462183614
n9f6eeb4fd29aba4,0.5006047817019601
n9f74272b70fe19b,0.5002957631035834
n9f7609b953a4205,0.501021033447454
n9f7b8e76143ca86,0.49454963636082494
n9f803914b932b45,0.5068259974476138
n9f886e1b0cef1d4,0.4986202211248363
n9fa22dba05413e6,0.4976990253650924
n9fb267395d26426,0.5034308796335059
n9fb7bd575dc5da1,0.49898060314767023
n9fc0c0aefb9461d,0.5007220244556901
n9fd2f00e415d720,0.4942026167459495
n9fda3fc47884e5b,0.4982875133726477
n9ff9d903d68a195,0.4994227245499018
n9ffc31ff305e9ef,0.5043394737464615
n9fff2be7d66236a,0.4976820395146783
na00e01e795676d9,0.49621620263009064
na01087826f00c10,0.500650143090965
na03dddbe8b35cc1,0.5039268811352173
na04a3359d701ba3,0.5020007716278821
na04ae10e2db8dd9,0.5054101278069003
na04c0d8ab925761,0.49948746410807915
na0505338f003224,0.5041624232006504
na05bbe70602341a,0.4995021871373338
na05cd9eb57c7e4f,0.4972420271665005
na06494f923e4e2b,0.5018392014268912
na06a52746272cf8,0.504899067939965
na06ea8c55b7715e,0.4990607265046616
na070959e8842d9a,0.49430051762091093
na0718a4b89f209d,0.500426148252692
na079ed1dd68fc60,0.5005239598901222
na08f306c2d56704,0.5033598711636038
na097080f411f68d,0.49908051765056655
na0a9642cac51619,0.4966541025603207
na0ab1d5e3dcfae6,0.49597591320592094
na0abe81931f6b16,0.5012597979282447
na0af46aff10235a,0.4969627977282104
na0c1fad2cc95201,0.4950904487912865
na0c3e0205bd8f24,0.4942279819444406
na0c6797905ccf36,0.5000461629798812
na0cf0b5f5a47452,0.4966506109115585
na0dccf92782e62d,0.505884274581034
na0f9b1997b70cb7,0.4987208407531604
na1057a74380cda9,0.4986920043476922
na12eb35d3817361,0.5086472812955263
na131c6f574b136e,0.4991749780422658
na141333cf8164e3,0.4961198213663944
na143d5e709e1025,0.5002338871930231
na1465161e2e2f86,0.49849915594713134
na158e11ff950c43,0.4960670172153441
na1604fe144ff169,0.4998102202340637
na160740aa5bfe00,0.49903433423099036
na1655cb99597a96,0.4965556152847434
na16574e5836b753,0.5045571491018572
na1772762c44e6c9,0.5039685129950706
na18f58ae2e62f97,0.5016066707219535
na19579e0e6dc363,0.4982598101481289
na19d412a7f7e011,0.5013027526238566
na1aa9952ce6248b,0.4976888398758957
na1ac40dc379ebf8,0.5088867968984688
na1bc96af3651aba,0.5032853718747822
na1c46cce35ea486,0.49624148357985903
na1c4f15010ae357,0.49740923290070105
na1cc95f56de5678,0.4981772915484159
na1d17a05657ba7f,0.5032721069725772
na1d82748ca8bc04,0.5013241656094984
na1da68555d88c9c,0.49667733406648135
na1ea9bb417faab1,0.49750895620903673
na1ef0e20b91b7c7,0.49713744322577436
na1fae5531ae9111,0.49631288440413224
na20447619785038,0.497779348542657
na20631db0618946,0.49995975562114164
na216523ed549b71,0.500775600314789
na2165350837705c,0.49442445753606507
na2174f5d43dc99a,0.5035565298685828
na219745ae2692bb,0.4990986168680593
na229d4acb44f12b,0.4973747151805679
na22d291031046d5,0.49599124328503047
na23c7ffeeffa00c,0.5084358365866868
na248f6c33713f44,0.496631560742522
na24928747916d81,0.5064879153863123
na255c91e0b67259,0.49856883676990543
na28394b63566974,0.49600279158457605
na28512f12368227,0.501093540022631
na28da01fe397e8f,0.49969447503592035
na28e769df2861be,0.5043948117893012
na28fdee4531739c,0.5080707480162222
na29025af6aa792f,0.4957238554743047
na2995a40a88cfb2,0.49699262307764475
na2ae849318dbd17,0.5039434126524983
na2c18afe64ff4f7,0.5023668521011878
na2c3e54661b3efc,0.4956164229387586
na2e8a03a17b1267,0.5054376390460253
na2e95d3cec227c3,0.5032485981334276
na2ece4d454925ae,0.502452233224382
na2f74f809234aba,0.49942785807297485
na3044abd45a8a47,0.5089075061732689
na305762e3ccde54,0.4993618978643162
na30639eb2e03ef1,0.5131590816502186
na3195542a94280f,0.5009143116259498
na31def9baaf5d95,0.5073797749668733
na322e9143c12b82,0.4996277654209566
na326ff2613f0724,0.5032605137920642
na3336c1b093a580,0.5057015492840259
na340bca5e6c1cc3,0.5030395090841162
na34821694aeb7ce,0.5001951419290931
na34cf1665beef22,0.49760001059062847
na3584973a5fc2ee,0.4959333765564097
na35f87499616893,0.4988510404952042
na3695d36b7ab9d8,0.5004564102272052
na36f9e3fbc8b5d2,0.5007609509498056
na3719756e686932,0.4986360733425763
na37237bf38ce021,0.49814028336539445
na37366cc4b46daf,0.4983574479612618
na37c1be18d6c979,0.5096279591298607
na37e164f77da54b,0.49375112981584435
na37f08b59c6c621,0.49495820977777605
na389fdc6ad96b93,0.4936570819460691
na3a1b5dd9f74aa0,0.508201424985717
na3a82fe420cb2e9,0.49752918625357934
na3a837ac3783e0c,0.49574815952868967
na3ab3679f7aaf57,0.49800415477296267
na3abce28cc6ec82,0.49893714904909503
na3bc8a3dc77e335,0.500942864068531
na3bf4a5628cf969,0.49527949733513615
na3bfab99258c0fc,0.5044523672703508
na3d57c9a4f4ca15,0.498607301792415
na3eb24ecc58eda8,0.5011180834850324
na3eda8c67a21158,0.5074655755476839
na3f4c9db50d85bb,0.4980871468789703
na3fbe4bdf0e7978,0.504250007066114
na3fd04609a2a125,0.5037243993512373
na3fd143a360e284,0.5080500768395723
na3fdcc1ae36a43b,0.4980260398521748
na40429277ba58c5,0.49917845585336884
na41282d54ac4552,0.4988740824759265
na41df7912999467,0.49301932588947567
na4283a27b1d8244,0.5019567409066404
na42fe10c5d4a055,0.506697284622869
na4306f37d74c145,0.496504828213536
na430ce81df0e83b,0.5124115593497249
na4352402f2ff8f3,0.5033232635275818
na437028210de5fc,0.5023751215717159
na43faef30547bcf,0.501998002904612
na44296a30d28ba9,0.5026720718385304
na44b06b2d8cc7a7,0.503680795998167
na46d4cc6e25b4a9,0.502619483870484
na4749eb863415c4,0.5032006975771235
na47d30e25284458,0.49533858273064335
na48773d9f2c1dc9,0.5018479704109915
na488d4d57e256ba,0.4962220495833138
na491e090ad56476,0.5073705897663766
na4944992fdd3d87,0.5013598359841114
na494c36de2cc522,0.49761350231644874
na49a3c56eb7ccd4,0.4990666679316203
na49cd0e86147f0e,0.500681222062373
na49d21b3c9a1948,0.4992620986564098
na4a44e632465208,0.49153001096070864
na4a7335b08bf81f,0.4953825046886787
na4b4991e141ae10,0.5028496350608387
na4bd891a5c3e2cb,0.5022282836388468
na4c10b6689b738e,0.5020685248517579
na4d46c13f8f5684,0.5044482325265732
na4d835c77cc04c7,0.5076544427624884
na4d8ce01ff56773,0.4981042401314597
na4ef2f4a461ebcc,0.500907592683541
na4f126d41114cc7,0.49157368490390824
na52d0a32f4f8f5a,0.5016130356931573
na53ae7e9576e810,0.5001237730076313
na53d8fba0201f6e,0.4993653240412301
na53e18d35be0929,0.5037693114836109
na53f1b728a24419,0.5045482086694881
na545afff1f095ba,0.4972568727497138
na54f3e75ff12adb,0.5003356861852057
na565eba4b3449bd,0.5003469547769462
na580838b067670e,0.5007578127178051
na5948079d2ad00d,0.5031564804710605
na596d6c2dd543f5,0.5057168313162683
na5a1e507747151e,0.4980051016336875
na5b794e73d5f5ea,0.49995927737702905
na5c478039c87988,0.5017848309915562
na5c753d9adfe5e6,0.49885250347840426
na5d8720c9daf830,0.49970626882567404
na5e6a63e4c15248,0.5055699537616819
na5eb7c246e60252,0.5123690971158756
na5f0522e598b7cd,0.5042179737866074
na5fac2f18166dbd,0.5036675745329433
na60279328ee4b2e,0.5013861920354866
na608b41aaf105bf,0.5059371903649813
na617785b6b0e074,0.5013626854353785
na61bee620750fe4,0.49358132119217313
na61e112255be876,0.49788146528455623
na62fe6786053668,0.4964445315140314
na632bab3264fc03,0.49725767317886393
na63f6d21e92f7a9,0.4998778915708131
na65d31053fa88ab,0.500179503117779
na65fe554c23a4dd,0.4962252362516954
na682bdaa7501ecc,0.49640389657561873
na687800754b5b4f,0.4974893958289923
na68ced2aaae11f5,0.49753230220221
na6a3eee8e22fd6b,0.5045504141866083
na6a71bb575dde12,0.49597766332141546
na6aa90f52e13014,0.49685326693043125
na6b6905636ea65d,0.4999893232315285
na6bdf361ed5bf0d,0.4988875766873065
na6c1ff694558e32,0.5013627044150606
na6d49d670e529cc,0.503554290821779
na6de8df135184cb,0.5048108947714195
na7073c52e585020,0.5002209320427509
na7298e1a8c78120,0.5014434746171765
na72bc885747a062,0.49856982988907156
na731829fe7d532c,0.49227338854845437
na73a007243f5a65,0.49921154599498835
na73e24ec38cfa36,0.49943214703537536
na73e7c7ac9a6fb7,0.5026168605712622
na741f3659d167c0,0.5091716222966638
na752ba51401ef26,0.5006318864782694
na755afdc4b711d0,0.5068494316185507
na75d8cc88e29b9f,0.5031157357079391
na7788df4bc860cb,0.4997755422897807
na77b4601c366970,0.4961586571792544
na787760964de3ae,0.4983886376015772
na79e0cb67d2b57a,0.4985423205167137
na7a3395e699f319,0.5013110841094086
na7a56133b9172a2,0.49999929277800587
na7b29640fa49b5e,0.4991554054277313
na7b46883273b54b,0.49303545958152095
na7b71d095edc2fd,0.4997078989046803
na7c6a5222641e53,0.501859286062369
na7d1b73edd9f373,0.4983308719950933
na7d4a71173492ba,0.4991027485076011
na7ddec4471cb2f0,0.5000634565837707
na7e621ddc251200,0.5001938600377172
na80fa58aaa93eae,0.4991998739230346
na8207770997bc7d,0.5002502534078955
na829d0ab440b9e9,0.500950530108374
na82a25cf295d1c7,0.5014658021719436
na834ef429f7322d,0.49817969548990865
na83af11327c67ee,0.499486918969241
na83ed99a0370a15,0.49902051212257836
na840dae5bdba83a,0.4976524118439284
na844d3972964912,0.49631051838709705
na8503ab1623dbeb,0.5010721162877655
na85155c52140ec7,0.5053807547903755
na87b63cee4e99d6,0.500672063722731
na87f64b8a10847a,0.4958660270535101
na89eecdfa791e19,0.5036853511890947
na8a6732a2011e4c,0.4964814020674187
na8b4cad05d778c7,0.5039910749875469
na8b65efd0bdf362,0.49914278339824875
na8ba07ead2494a7,0.4994375098888434
na8c2625d1da1057,0.5048539656946417
na8dd3265a3a2e36,0.4941640131508519
na8e6616d9b5c883,0.5013616216469966
na8e8aaa8c7cb1d5,0.5006249183944151
na8ed4308917eae9,0.4989237107095966
na8fd6db95035751,0.5028141901690847
na90da307cac7794,0.5026864149361538
na9231c8f756c2cf,0.49493032433286344
na9232dca260183f,0.4974595497524721
na925eb81a40b01f,0.5059396938604692
na927edaef405499,0.49982668748436443
na9378db4fa4aa7b,0.5034167802982548
na946b729f2c09f1,0.5065549058185188
na94884b04d4561a,0.5011864778066154
na95628683740333,0.501695906358179
na95b65fd605d8a4,0.4992569712765572
na9a56e30dd186ce,0.4973330059670991
na9aceb6267c4659,0.5028955362018368
na9b66530d1e0696,0.5020815041884842
na9b7a41a6115afc,0.4985769954008676
na9c33ecbe1aa210,0.5023459853019535
na9cb826c9ca766c,0.5014128094209729
na9da9392a81ade5,0.5025453305944081
na9f65ff04b6d924,0.4991226591278888
na9f715d6ea4bc9a,0.5059738596565859
na9fb04cdcd6853a,0.49792711745435897
na9ff4f6348059c5,0.5011563731407449
naa21ed7a59a5243,0.5034043473136947
naa22740bf0d62e7,0.5074317334956762
naa27006c41bc570,0.49754468644412825
naa311c28c4217c1,0.496241062922208
naa3cf7bcf88c6e9,0.498476937461951
naa3db242d278f08,0.49204043832662914
naa3e9ce95021e8b,0.4956710954149801
naa41cb8ae00ea55,0.49864119448059324
naa494700e5853c6,0.5052641141052147
naa5184b5d326e3c,0.49433102307519045
naa671bfeae46806,0.4934825523835116
naa95e8af4cb9024,0.49921551570749684
naa99cd9733df8ac,0.5024605917665658
naaab9ea7a41f7e9,0.504621841640867
naab4770e6e04b9d,0.49601369085414937
naac2687c0567ed2,0.5144183297717256
naac3fbf824e1d0c,0.49769308612466245
naacbf7110ec9ecd,0.5015807167998544
naae2221bbaa5010,0.5066271558479071
naaec915fd430ecd,0.4986281283115529
naaf152b05c5e908,0.49970936256738496
naaf25b68e73741d,0.4930451697311021
nab01ce9ab989ed4,0.49892172783519495
nab055f26718c4b0,0.5006258734272959
nab077038d766039,0.5020689515430358
nab08cc4ba5bb2cc,0.4979032249216224
nab0c2471331d885,0.5001477087019923
nab10529f9e69de8,0.50014968478553
nab135a0966015d9,0.5024628577317417
nab204ccec1a732a,0.5053884873524744
nab34f2ef29ae4ec,0.5012027787229111
nab59411fc9518b8,0.5012766814778052
nab5eecb71c62e11,0.49369132163566165
nab638363c09d2c2,0.49006906893589347
nab8622faeec2284,0.49816573353954496
naba60583b9ef904,0.4955429510813138
naba886822b2c944,0.5017805564635178
naba9e7d9ccde6a3,0.5010344340520516
nabb9049c04a168a,0.5016975747266881
nabbaa5675f9dbd5,0.5003599048811347
nabbe3e932db457e,0.5005372386291386
nabcc3a70475adea,0.4994391516012618
nabda378c3761b48,0.4976305649980592
nabdb2572287b2eb,0.4947050132903159
nabe83b4031e8712,0.49936114969510553
nabf28b7e248b76e,0.4954129120190355
nabfde5f30f80948,0.4958898546029993
nac02f2f1ad9e319,0.4950038511348609
nac074f3ce8387fe,0.4986294585972363
nac0e2e8356c1401,0.4982988784715774
nac1086c410c3e6c,0.4987892759677074
nac1d23edbeb0524,0.4968462086020322
nac263f928e29982,0.5000402904574117
nac2aa929c9a1775,0.49597542413163215
nac370d01b2f95ed,0.5012929255010127
nac4167fcc960902,0.4991334745800831
nac492e9d1c0c5a7,0.5004398421961032
nac4a340c7cd505c,0.5078202426811202
nac51c2849afece7,0.5018430048520235
nac552581adf2e2a,0.5013736346953191
nac5e76fb0527c22,0.500395279946587
nac73673a4768b41,0.49676588754114975
nac7a260996b2565,0.503401024459651
nac7d077b3b12c0c,0.4996774966031518
nac92590c8955d1c,0.49796402770399867
nac9c20d82f78b3e,0.4925474223659917
naca3cbc0a08ef96,0.5013872525388671
nacaaa48901a7c57,0.49984753779214286
naccb6ab19081d98,0.49397869122119664
nacd4043389d631b,0.4988367539828969
nacd4585f62ed7eb,0.5014702877783024
nacd83abbc6656bf,0.49557041980047345
nace641cf8d5dc38,0.4998351824073874
nace79fb084fe82d,0.4937821530981566
nace9c3e6664bbb2,0.5021372640876518
naceb1e8174a94cd,0.4985177283128102
nacef9118bd495e1,0.49691790404252284
nad0e20ec0796955,0.49867359876243833
nad113a271002894,0.49621441135363703
nad2a780cb5ee4ee,0.5024526446519636
nad2ad6fa37dd86a,0.49856935626118976
nad2cb8d3732354a,0.5011149454702544
nad2dbbcdbadca98,0.5031418456203925
nad32815bf13b6c7,0.5016100602568921
nad3621ee5e51986,0.5006010198620732
nad38a43dce30695,0.49679562786949966
nad4aff97d8316c8,0.49546233194221984
nad4c589bf24539f,0.5017089415557601
nad5730a7985ae11,0.504124671436375
nad5be197834d8c3,0.5016794422086979
nad67153691f2421,0.5024691853044165
nad78009923e190a,0.5045409498196607
nad7845be0f33505,0.5001384720707253
nad81d20fe96748a,0.5019981563401018
nad8313511184010,0.49791512497181917
nad8caa20bf436be,0.4972729404721532
nad95377758d77f4,0.5030941010771351
nada34170eae9988,0.5008616743594515
nada5f38d34fc41a,0.5072114358391142
nadbe71a56206c9b,0.5056305198010095
nadd6b9c604faf3e,0.5028666043311174
nadd818d3dca67ea,0.5023321337694748
nadd89b6527ad436,0.5000103309736056
nadd9ff5387c86ba,0.49903375749987566
nade03b09bc384a1,0.5089700499863039
nade9c4c1962c9ae,0.5024416735255266
nadf0ccc2039ffc7,0.49966385538595876
nae00177eb6f800d,0.5035207438849182
nae030c37edcd672,0.4972885754228983
nae0737cdc4aae07,0.49780561902081066
nae0ac6bc87d44c1,0.5037754272981986
nae0c06dd23ecfe6,0.4977143373090269
nae0cd38d6b16adc,0.4984726199970844
nae0f36e133d3b4b,0.5017700528417335
nae1a283eba293c1,0.5029162549436996
nae20c691a9561d7,0.49414910350402846
nae32c7de1ea2bf1,0.49769648312310594
nae3a3b9b136f048,0.49956000221779906
nae4263e13a2c9eb,0.49963568161066096
nae4b4ea77e6755c,0.49956254820431556
nae503ec4c531db8,0.5062220319588672
nae53bdf1c94aa94,0.49901576284862675
nae5a1b3a2c343fe,0.5010163363939878
nae63b573487bb59,0.5036680790355257
nae68d27bb80c308,0.5080645558306043
nae7a51d3a2e8fbc,0.4963774667411188
nae7ba975fc78d5f,0.509694895990387
nae81a94ab814fd3,0.49216023920845964
nae88d86d9ca428d,0.5013281076250249
nae8e2b66153c0ab,0.49973918969898123
nae8ee9155890720,0.503782756867631
nae901accf5cb1d0,0.4993128448824362
nae9339909e8f4e7,0.5021743100247141
naeb548733afa975,0.49878636948704397
naec584f41acb102,0.5059548352524273
naeceb0a2d0cd91c,0.501049974815196
naed659298673721,0.4998553676883629
naedd79aef806ac8,0.5009267995873039
naedf0cbade7e0ba,0.4974026288863517
naef18c138d2a2fe,0.509751600800633
naef6fcb42cf413b,0.5070982183198144
naefeb8b3f9c0bb5,0.5028071976005193
naf13f7dbc50247d,0.49856676876128386
naf154532559bbeb,0.4949274998752906
naf1c09a988f9dcb,0.5034667565695433
naf2622cf1c67fc8,0.5025603670167147
naf28b9a7545a0b1,0.4926012054986805
naf431f4a112f6f7,0.5022674306882495
naf433814a10191b,0.4976466069415744
naf4a128049ae528,0.5043515577107306
naf5658b8efb3bfe,0.49848816290341663
naf5ebcc300abdea,0.5056256285853371
naf73a8adec83cda,0.49876112480102264
naf78aa39089625b,0.50149928003365
naf89049e681e6c0,0.4958350962867312
naf89d7dc28f2d85,0.49940596222461425
naf997b00ab449b3,0.4956484924652805
naf9a514ea5a9be9,0.5014594012874186
nafc39b9e7c0d608,0.5033593911887981
nafde22ce8224dd1,0.5001539502934259
nafe1dc9d17b8445,0.49744851273567486
nafeaf9af719351a,0.49705659977658617
nafeb8448586829f,0.5042365606593803
nafed2bd7bc4072e,0.5044786492253137
nafed34be93f05e6,0.4985859747766121
naff673a1f5bc364,0.5027090886441563
naff8ebe189cbd48,0.49773099904947243
nb00e40680bbb795,0.4968620948675283
nb014aaa67327b84,0.5000094007295192
nb0253c1ea7d22df,0.5038678149384652
nb03496dec954b28,0.49912476388824184
nb03c77259ad4fb4,0.4990291829616925
nb05330666000cfc,0.4976229453050906
nb05821432a9162c,0.5001184434771339
nb07c28c493bef57,0.5045518381757392
nb09684e8463c993,0.5040644452689952
nb0a5f393b809967,0.4939085695343632
nb0a7e19ac5617bd,0.49593761425514643
nb0b1dce69153731,0.5009647869111307
nb0b2e752689a263,0.5038201601067631
nb0b5d9f99de5168,0.49981809267230515
nb0db4705ab46717,0.5075645543159898
nb0e038c657ccb74,0.5017021552158702
nb0e2dba1ad7c2fe,0.4944191187353936
nb0e4100cb9426cd,0.49656341817405714
nb0e62cb456f927a,0.4969736267796245
nb0efcd04822322f,0.4969473832210293
nb0ffeb2a3ce8361,0.5019076519488548
nb111c9d2b7cd1ec,0.5021189560179983
nb1143839a14f1f4,0.4961853495597432
nb11c849b0ac90b6,0.5050308690015665
nb129aad24e59672,0.5001596605470093
nb137061d48aca06,0.49770782318302303
nb137824796cd59e,0.5000815935768256
nb154a174ae3a81d,0.5000666765255382
nb1597122f6273dc,0.5008370851466906
nb15a6111ea59065,0.5013027753733049
nb1623508ebe6f56,0.5104248400523578
nb16a6791c31f0eb,0.5062892722369112
nb195e2f28349666,0.5078592479737546
nb19ab7327ebc072,0.49800956302634886
nb1a50a9447ea7f5,0.501983117331868
nb1a7b77a84b7b8e,0.49756745167702693
nb1aea7f774a18df,0.49970882013275153
nb1b2bba9db53af1,0.4996783767250863
nb1bd8a3535efdfd,0.5017862013374984
nb1d3d760faa8fc6,0.49916078158497734
nb1e31fab012c4e0,0.49887082749732975
nb1ebc24f39520f3,0.5056216207804296
nb1ef01873b6ecb6,0.4972643239014147
nb20bb4104308d27,0.49961504116641153
nb225caad82a96e0,0.5066612895619179
nb25f7e2502e82fc,0.5036908627940984
nb2628f606341c22,0.49762133300779837
nb26d1b91b22b6f9,0.4936905771085484
nb2810035453f0dc,0.49920737143552274
nb282c857b4d2a50,0.5022968029462028
nb2901d866af1a77,0.5003750235984565
nb2a9ba93f3a97e2,0.4987655971738474
nb2b0894bf527906,0.5041509978544024
nb2c56113a613eb9,0.5004799216229839
nb2dfe70c5bfaa36,0.505389811929179
nb2e5cc63c5a0d06,0.5014098776161446
nb2faea2116596be,0.5008262472204257
nb3022623cfc427f,0.4998140001169275
nb303d854708c776,0.4951858310951852
nb3096ea2ba346be,0.5015129861842829
nb30d2ad0b721754,0.49720282035570185
nb31325acf082866,0.49950245232618484
nb3240b9697aac00,0.4954669281522215
nb3366b64de62016,0.49529358035048426
nb3369a6f4429b0a,0.5028259600782065
nb33777efff95148,0.49679308691030655
nb33b1cdc0468b32,0.5045625787535158
nb33cc12c300fb3f,0.4989979213897284
nb33e39748854b07,0.4977976106279389
nb3444a6bc6ee903,0.5045445901403899
nb352035eaefa136,0.4994596165739483
nb35a40aa30820d9,0.49674479391445175
nb36563d91196246,0.50065445723271
nb36fe961c949992,0.5023907110682102
nb372daaeccac6ff,0.49513215413373124
nb37d7f34d118138,0.502341160549654
nb382182957a5420,0.49846615877671485
nb387f9a041f1f6f,0.49877322342241065
nb389d030d96ae0d,0.4987852474108115
nb39f18bdb5b6817,0.49379231512726
nb3a385bb6a1efe5,0.4986371007015285
nb3b3c3ae7ba0fd9,0.5007355741728078
nb3b7724adbe81ea,0.5006669442502556
nb3bb9d254466536,0.510634365539234
nb3c0729e9f011ae,0.49958848445444914
nb3cf050a4d26059,0.503033131132754
nb3d15f22acccf1f,0.5001123651760957
nb3d6eeee21d1a7a,0.499381048689633
nb3eba8811d6c427,0.4999827937771624
nb402df0c0b17e0b,0.5010066440967714
nb407c5802acc990,0.500350247099818
nb41126c70bd7bf6,0.49863315114738
nb42466c4d3619c0,0.49490813235659126
nb43dc8f872ee201,0.5005422777894374
nb446f81841abdb2,0.498167628183007
nb44818bd7daf2de,0.5033636980244796
nb44e9a59087486e,0.4993313255880237
nb44faa599bdb01d,0.4997677601448951
nb454a1a14da277d,0.5025875453048866
nb471f67a4380ef4,0.5015710045006221
nb475559452c2442,0.5044373410743211
nb47ae699616ebc5,0.5034579505708541
nb4856c614578a21,0.5014131128453401
nb4ad2a6d1486647,0.4949083861189446
nb4b2f225b780408,0.49913456057371497
nb4b40c426f49b41,0.4963176182235795
nb4befdd44daff12,0.49720908045505174
nb4c2ac1280f8bf5,0.5006610953547879
nb4c4c2288a2d47e,0.500633026800587
nb4c6168063aed82,0.49729394060092724
nb4d39ee3e05945a,0.5024970940844384
nb4d930b6ce2c192,0.49947167311889734
nb4dc07fdb4eba37,0.49402113012342325
nb4e34d42ea01dd9,0.49666934912766647
nb5010aa3cd6bd39,0.4982490485672196
nb505c860ffa6648,0.49535724618696686
nb52f1f327c59ff4,0.5056878338080782
nb5368a098a865b5,0.49721018719017956
nb53967257bad09c,0.5000657837579718
nb54931fee901815,0.5057739169671973
nb54a976f47033c2,0.4960147988114625
nb5521c0e39d2e79,0.5010102988583489
nb553443f17752c9,0.5067136206865429
nb55cf3d1bc3dd5a,0.5031380704039906
nb5661af540cf6e9,0.4969761584937112
nb56c762e69cf85d,0.505278622954582
nb5764b16cea6b7c,0.5017438121908586
nb57b1e93a6935e7,0.5051783415518177
nb57d4a5a33a6387,0.5038589281927203
nb5996f959b621de,0.4971751461479287
nb5bf283b25e8c87,0.49829271752441523
nb5bf39d75a1a140,0.5016548265353847
nb5cf764d159b2ea,0.4961528423895717
nb5e2c2394688a9e,0.5060302550845708
nb5e8f5e3ed28269,0.5028222745313076
nb5f0709fefa4f43,0.4997230458602562
nb5f4414d6adc286,0.4961675800139068
nb5f94d434689be5,0.5024966588612855
nb6057423a990539,0.5010552404136991
nb605e9406eb1a43,0.49763760084519804
nb608756e85bc011,0.49850746355265974
nb610cb08f61fe07,0.49501745921695556
nb62126cad2e1166,0.4980367573502232
nb64c42cee949507,0.49411621774008424
nb64ec0d657ac235,0.4916388332498454
nb656eb039626946,0.5039409649079759
nb669c6159820e79,0.4962836808639457
nb672ac88fc8466a,0.49911774864444064
nb67c6a83926f186,0.49626011828332905
nb67e1dcf92796ac,0.4932540327826637
nb68abdcef0cf14b,0.502987210555817
nb6986c94e60ca91,0.5007363222720306
nb69c1c6098a75d0,0.49728008693774084
nb6ad538e7e65de2,0.5060291721516185
nb6b25f861d95b47,0.49788996305943417
nb6b399d3eba9b8c,0.4992782689891519
nb6ba18bcb7ed000,0.5041884677378649
nb6c4fb31cb237fc,0.49651129001166316
nb6c8a2ad327ac17,0.49952546303077505
nb6d0cf43d45ffd0,0.49989833673363837
nb6e76fa75db1701,0.4986970781751695
nb6fbcf64729089c,0.49937348549417926
nb6fe86edf3f7507,0.49637596119656363
nb70218666a8ab1b,0.5118208630399349
nb7085d56da65e31,0.4963111693234612
nb70a1b65d0a0d8b,0.5063976860584923
nb70ab89c5b39745,0.5049676357624988
nb7101dd41463d40,0.5021615480077362
nb71095c460c97c7,0.5003992582970891
nb719ef281748744,0.5002159915024054
nb72651fb59cd56d,0.5082346681706423
nb7349cf4a8d0c6e,0.49942540255214085
nb74d8d540fd2473,0.4986242533839446
nb74ef5005099478,0.5078481074855329
nb753ab7976afed3,0.5037045285879358
nb758eea3e9cb889,0.5079434807024819
nb765814fd164207,0.49579064380887533
nb77628149007432,0.4995221658795071
nb77705440361920,0.49394722136624586
nb782d7167248af4,0.49951095375404575
nb783d0138ecb7f7,0.49445679641930196
nb78da1ae0c98e06,0.5002146155459526
nb790ccd8b007edd,0.503701228914133
nb7957b1f0822c59,0.5102089233159088
nb7a76e9e02dd002,0.4992603484538101
nb7abb1b9393e60e,0.4985808324599219
nb7ac80544f22bbf,0.502421547610563
nb7b2c7bbeda2a71,0.49808017979569263
nb7ba50519ff41eb,0.5018031648141958
nb7bd33b19ef6c8d,0.5006244443324896
nb7c35a3fa86e1cd,0.5050401784421035
nb7c518133857904,0.4983647637914112
nb7c7c602db2c6f3,0.49051892359021504
nb7d2f4832de5428,0.5009617204156064
nb7d68751b1dfff7,0.5031017068978476
nb7df7bebb9e9a68,0.5003222972185677
nb7e13e93b6867cf,0.4931918891114688
nb7f3204b4ea8df5,0.49933806401264974
nb7f6054a42bbe83,0.5036835846624073
nb8162013c0023b6,0.5081211443228218
nb8185443aab2893,0.49795241941350216
nb82408928636641,0.4994175190733552
nb82a2dbdf6e090f,0.5004207631868061
nb82b54e7f3e2236,0.507444193481373
nb82c07dcd6ee21f,0.49937685697253753
nb834f7c39e43b63,0.4944560535624768
nb836260849d98b6,0.5057819744753417
nb836c22e0683156,0.499218736854926
nb837f540ba684b0,0.5001554561097785
nb83c49b6f011316,0.5009530627475782
nb84b6958ff86f29,0.5005654635033158
nb8574d0f53241be,0.4988460478584819
nb85ac060b793850,0.4988946888762678
nb86dcb2f15ea4cf,0.4997655174656526
nb87bb7dccaabb0b,0.498651184412129
nb87cc15bb2717a4,0.5001107468799361
nb8808506868c636,0.49894700432183975
nb882d4dcb1cc1fe,0.5001481342610129
nb88a5418272c94a,0.5015667975300488
nb88b0ffc82fb57b,0.4969788340025068
nb892ffdeddbf847,0.5074042843038759
nb89de3fe56405f9,0.4998289850540057
nb8aae5e153c8e3e,0.49613220432069727
nb8b24dfb3c09314,0.5063975832446066
nb8b46acec9f894a,0.4959540346396956
nb8b6dabfcea9f6a,0.49811774249975416
nb8be9c1f1ceafab,0.5012918257819324
nb8c2798f61715a9,0.5011662135492216
nb8c5d8ea6a0ce39,0.4962430003657947
nb8c9adbc6e98224,0.497854919681677
nb8d31b6f8fba258,0.5003457640979746
nb8de1393a0689a8,0.49842907442278445
nb8e0158a3d0dbfe,0.4971955615879056
nb8e9cb964420fcc,0.5046477825210575
nb8ea8211e60c7f2,0.49574912370252894
nb8f606c3b73be6a,0.49818247386643216
nb90571d3efe9b2b,0.4995217707348559
nb918205e39593ae,0.5031489195507436
nb918a5c28cca6c1,0.4984859282574309
nb9211c3185a666f,0.49956938600516493
nb92c4a24c87b58c,0.49843377807508743
nb92ecf2e0e3e89c,0.5065417947333714
nb93b509eec1eed8,0.49665757232192603
nb94b87f5758ecfd,0.4994899982476812
nb94d554650276a5,0.49655557519369625
nb94da7127e770c1,0.49782073730580845
nb9591c6ddc4749e,0.5094928218078832
nb96b1c11715f9fd,0.4978396309915729
nb96fcda7918eb43,0.5060921272016755
nb97966cea2535c1,0.5025218882056933
nb97b022917a8eb6,0.498146509301809
nb983f6dbbebf705,0.5011284978167063
nb98ba48f15a1281,0.4959526336995582
nb9952b02b85a794,0.49776383178706435
nb99ed97b5790a97,0.5034112026441885
nb9b31c102b859ba,0.4984564297648431
nb9b7e534fb0b59e,0.489878460337433
nb9c9ac9affa3b49,0.49766326979036496
nb9cce74d84d0ecd,0.5028887738552583
nb9ccee523477f06,0.49072646904989903
nb9e4610d9028449,0.5027839535874671
nb9fb28be1b1ad9c,0.4946342437885566
nb9fb70f96451403,0.4965608245578419
nb9ffb20de76536c,0.5048045925300703
nba0dd19e34b7857,0.4981864267161724
nba131b0f3e65121,0.49653572025594134
nba19d7f8984bba2,0.4981913271060757
nba2651c31bcf9f2,0.511067623249139
nba283c13b13c351,0.49680387384760105
nba292d6e1420edc,0.497811931845796
nba2e06ee525b1fd,0.49410083210334266
nba38eec89c9b671,0.5003472746624702
nba3bab557da6468,0.49900083168677456
nba42987eeb97b08,0.49990752639142466
nba5c371f810fc57,0.49814326044219986
nba6e8886ee342a7,0.4962410299916942
nba7784736e26643,0.49365762308588845
nba7d483e6990e67,0.5065564313578208
nba7e39401b98940,0.501680961286152
nba80ebbb54a83ca,0.49401409912121036
nba8efda5e054392,0.5000014913670023
nbaab3c874cccc5e,0.504819820227796
nbaafd0e644335d7,0.503410354427502
nbac3145f8f0aaae,0.49602459082867373
nbac89eefbbf6e3d,0.5069186012842272
nbaceefa0ed6fdb7,0.512741722009322
nbad25681509275e,0.4977640946525362
nbad5d2ee572959b,0.504101917172571
nbade6a5d8be0f85,0.5015172421606604
nbb00f88161f6908,0.5007192321175479
nbb0f7c6d392b40d,0.49774990418265597
nbb1d0058d84a57a,0.5013032476718351
nbb343ddd71940e7,0.5091873572489316
nbb83b53f8a7c630,0.5011100806088192
nbb87b6e5bedd7b1,0.5053364692604353
nbb87c5f3169504d,0.4997255693871854
nbb8967920c98eb3,0.4968997457048015
nbb9142f33b036e6,0.4999232071730309
nbb99456e6610654,0.4997808335348792
nbba5fcf4dc3bab1,0.502361741558648
nbbac1206a12ea86,0.500675564536181
nbbb6c0d6dc586af,0.5052164211469058
nbbc2e9ba7e16d99,0.4937509875177059
nbbc93f3d1aefa4f,0.4999374404895972
nbbe16664c61271e,0.49988382827933764
nbbe28ac7be170f5,0.49995074259739936
nbbe7af0ef0cf34c,0.49524399136453284
nbbec0d3814760dc,0.4959880276904191
nbbf46aff4314e94,0.4899623046090243
nbc0134dc60f5486,0.5032998849508675
nbc0655615c51167,0.4987974069017733
nbc1403850a3900e,0.501766095005924
nbc165a5614847e2,0.4985210118123406
nbc182676de08265,0.5009574272653518
nbc1d57a8c4d559e,0.4991401578032752
nbc2388633f74d30,0.5023354765294845
nbc2c25382be5af1,0.497551575620563
nbc2e4f7e4a73009,0.5044019047651508
nbc3fe70503dc249,0.4986021262147982
nbc56d451716fe68,0.5015660308665713
nbc64ee8ead7be1b,0.5014212316261866
nbc67d82b40a3e3c,0.49957182354457874
nbc69fca256fbe8d,0.4965066831327332
nbc7069b8e3272e7,0.5000013292374672
nbc84333402b1a53,0.49738609209848256
nbca7e05b01579b5,0.5002339351598881
nbcadb678b6ce588,0.49701927250992917
nbcc0e51fa4c8448,0.5051899821971223
nbcc310e762a9e3a,0.508040705929552
nbccb9cbf245ff8c,0.4998683798398581
nbcd075d42d0dcc1,0.49919949720370743
nbcd90ec8702b651,0.49768125561535953
nbcdcb7cf7783a6f,0.4995902045825682
nbcde88d0b717351,0.49924582630451925
nbce3c05b2933e43,0.4987144311049259
nbce9b8f95b3c46d,0.4987943204426485
nbcf7d21be959261,0.5009019490941516
nbcfbfa9f15e2fed,0.5011440016376509
nbd07197428549c9,0.4941447957098524
nbd0f0570be75700,0.5051435262049657
nbd333aac959d6b6,0.49673761046118653
nbd3a60700f37c73,0.49701845037569337
nbd465a40763125d,0.4949156153158767
nbd4e90f2cf43b70,0.500918849831536
nbd58cf0b6749d6c,0.501847176247695
nbd5f4768e835d80,0.5024117484808877
nbd68e4c31a3d843,0.5032192928507198
nbd6d05b0247977f,0.5018115676841033
nbd7ac85704f2b0c,0.5072367643786289
nbd89081054a3a28,0.5068802057390446
nbd8c39063a3642f,0.4973871237993398
nbd8ca927b389d3f,0.5054382609369065
nbd9074ef66bf50b,0.5020682299611956
nbd9230fa8de5356,0.5010864594661804
nbd942a0d1145dcb,0.4973974530266778
nbdb5fef4ffe0a11,0.5037466977578903
nbdb7e18a15cd965,0.49671758307346936
nbdc23ca56db3dce,0.5017975395678649
nbdc5806e7addb81,0.5037474781594798
nbdce9ba690cff5b,0.5016663542215957
nbde0a08f0842fa6,0.5014229086147542
nbdee4d12d5b7788,0.5000796905316627
nbdf201f280e207d,0.4971020164522832
nbdf4096e65d6135,0.5037493944616684
nbdf65781097be0b,0.502105160473864
nbdfa30e07f0d41b,0.49540463628227543
nbdfd83069516f6a,0.500407422215649
nbe0152963ff92d9,0.494053695402795
nbe0636f6397d354,0.4990045667812733
nbe1b2c888a52081,0.501285665904122
nbe2443fca350d8b,0.49747739303410393
nbe777b31eee22ec,0.5022192515469214
nbe826b59edd49d1,0.4987023549575875
nbe901e0b8b6c488,0.49772888851523156
nbe954cc22992cb0,0.49687777969460256
nbea39bff2df9108,0.5026058387344522
nbea6f7a3d6fd04a,0.5038866109893433
nbeb10594d20d5de,0.5057371709427917
nbeb81dbbfa343f4,0.49887998535714984
nbeb8ee9eac34400,0.4988836697039788
nbec2e1c9bed7ef4,0.5030865468998135
nbecc069468c03b7,0.4981270969525573
nbed996bd4b9206e,0.4967353815461412
nbedc7b40cb490d3,0.4983621627485208
nbeec37da3d479d7,0.49732269070718954
nbef559beb8cca40,0.5012982466590705
nbef603bd9792122,0.49946993436946074
nbf00242a02c8184,0.5021421453213881
nbf024e4014c3e2e,0.5008689103401662
nbf04f19dc3e084e,0.4963004086083733
nbf06c5876505146,0.5091050846000782
nbf09495237e024d,0.5011552269503068
nbf140711073fb2f,0.5048287893443246
nbf1a62e763a6858,0.5027569357115421
nbf23caf7372fd7d,0.4991700149344672
nbf4406c36cd0323,0.4983881823471644
nbf454c4a1a3bd6d,0.49751202117469906
nbf5262244c3918d,0.498509326373551
nbf53ca50df04894,0.49831797930287036
nbf57dd9459ea9e5,0.4999353828019279
nbf587ff3b3c0022,0.5021597660495718
nbf5f0ab6762a73c,0.5021986577886837
nbf63215764bf784,0.5020831862110181
nbf6b3caffd71dd0,0.4982130261792095
nbf6f9bc73432bc8,0.5018538395786768
nbf73513829868ca,0.5015361210047125
nbf79ae3db562c5d,0.5005468816314547
nbf8948aa3de518b,0.4920816426267554
nbf8e617bfdc5095,0.49735592937690076
nbf92605ac5bd72a,0.4989179694129282
nbf95b838fdb68f8,0.4983386110213193
nbfa42b6b8dbe40c,0.5035974531054123
nbfa8f977573c311,0.494315168467326
nbfacf1bd36bc23d,0.5007425352836572
nbfad984a4c288cc,0.5007028544873103
nbfb2801f2e79cc1,0.4962259841537615
nbfc1b5488fd8e3f,0.5051869133488275
nbfc5cef8555691c,0.5061216351076313
nbfcf6ac25ce4f39,0.5034381226565711
nbfdaccb1add413b,0.4950605076714818
nbfdfc6c03f483c4,0.5028577674170519
nbffc2ece010e020,0.5007408817221716
nc005c4477db9662,0.5024871529175569
nc00c61791f97711,0.5035592414478832
nc00f9a9e9287858,0.4951322707802269
nc0278f67d7a77fc,0.49696086435193365
nc0290b53a8af33c,0.504023744918529
nc033a94e434ebcb,0.5012362605538394
nc03db61b78177f7,0.49243872753711754
nc0425bf80a126f5,0.49927183297148553
nc0504995a77d148,0.500204224344906
nc050d13b5e60403,0.49849501562399146
nc053c7a3b1f3149,0.49243036679046287
nc0541aaf18fe82d,0.49910176686220437
nc0842c97787d427,0.5060290739409848
nc090ddc11b21cb7,0.49010811387875114
nc09b42c1018cf5d,0.5009706141085423
nc09c22b5014fd9f,0.49967483052433537
nc09d345b51a5423,0.498731243920295
nc0bc7ddb4314cec,0.5045781322281514
nc0c436fb43415fb,0.5023811076429456
nc0c663d086eefe4,0.5063630781897379
nc0c6c7e849fe3a0,0.49914465208349346
nc0da4a8503feb55,0.5037066915073756
nc0e1e20fc9502ad,0.49976018560289137
nc0ebc5d9bb3e1e4,0.49831226729355865
nc10eb41523f8371,0.5054428219724413
nc10f1211b1cc07a,0.502407222875691
nc113a1cf42293f9,0.5016683237057329
nc11779200008e4f,0.5071070699198923
nc12f80de89c5a77,0.4999292302035408
nc131f657ea60e82,0.4949369745601701
nc149839d06edffb,0.5036603237696072
nc14c6373690c474,0.5039721964091849
nc16b7f24c1151eb,0.5010423183401423
nc1716fa66b82e79,0.4995273543115081
nc18e9f9ef768f03,0.5003867220487984
nc1a1189f2ef7226,0.5011257921177906
nc1baf2480d91885,0.49754840176981546
nc1bfa84e08bb57b,0.5028758220164975
nc1c70a8a4c6772e,0.5000964019846323
nc1c7118ffc813ca,0.50334321645131
nc1d0b413a72be23,0.49893472962430996
nc1ffc288a7cf36a,0.5004339939011269
nc200f9d4fa82463,0.4939664627312181
nc20fcbef71afb06,0.5046277722224157
nc21834cf71a91ba,0.5025990438866499
nc219a898d88d6ed,0.5044280704871821
nc2333e6268f308d,0.49682694923221066
nc235498b44e5cb8,0.4976342979324607
nc23b25363d8c158,0.49768780468314705
nc23eadf0a81a1b6,0.5006369864132009
nc24fe08cd5cf91d,0.49851574450001757
nc259eb0fc2529bf,0.49849564234532395
nc25c185b95d2475,0.504787392241356
nc26a9d4a33b93f8,0.49834337953948715
nc2783d79ee3af40,0.5011547283270258
nc2c5d9b889be563,0.5000475269107141
nc2c987766107f62,0.5025388538811975
nc2c9c63b45226db,0.5072958731329635
nc2cca2fbeec212e,0.49958784142015955
nc2d07df33fa4777,0.4980059040114215
nc2dd71052b7670a,0.5046131858921323
nc2e4a1c302647c5,0.49664110860968264
nc2e4cb1fc2791e6,0.5000524580021797
nc2ef1069150c772,0.5062803281651289
nc2f04bf03ac0954,0.5031996305103364
nc2f443c3e439192,0.4989081818885354
nc2f77c595de7c35,0.4978349892525844
nc2f7fd856fe89e9,0.495218008386078
nc2fb4eb1019dfe7,0.5013062055634182
nc3173429282099f,0.495075493692225
nc322e652793be4b,0.5000308034003538
nc32a3c5cda03f46,0.4953867938444461
nc33c96a47044d23,0.49798739936739617
nc3527f8010a6995,0.49585092305277384
nc35702807a17080,0.4980598479673633
nc36bc6a34d94195,0.49704169981878604
nc3746e71acbe894,0.5025891885361597
nc374b12ae587632,0.49988861404925855
nc37e9e107f65ab3,0.5074501884639648
nc3858c786a3777c,0.4932289516871481
nc3862fb1903896e,0.4971226321291554
nc38770c0ace55d5,0.498526339906813
nc38f10876f64e19,0.4976766914245843
nc394bb984a8ad5b,0.49866622744573846
nc3a6a7d139d9ac6,0.5049654044431073
nc3a83d69f046163,0.5013119720120609
nc3cc6fe2d3ee827,0.5010198107757063
nc3d01ec25332533,0.5036543783181837
nc3dbbf3b79cea1a,0.5050558403538346
nc3de2a9381433ae,0.5006760442517095
nc4039e434afccd7,0.5017005711349091
nc406b724d31bd08,0.502116717440285
nc4085f95a47e7f3,0.49713625816928486
nc41020d67b8382a,0.4955493640884488
nc42b993aa6c1d6b,0.4991623403802864
nc43a9141b5c9e21,0.5016471666750978
nc4420c206b75462,0.5036967299609858
nc4526b46ea34d58,0.5021571180535498
nc46c48f199cbe48,0.49698562925972667
nc47635cb86b2ebb,0.5016406862282445
nc476a28b3cba560,0.5007091368072564
nc47b1979d96af96,0.4950240303403707
nc47f88adf1cdbc7,0.5045957579042671
nc4813ea03fa0c8c,0.49836360422811243
nc48439836797d9c,0.49876242670326343
nc48a25031a668e7,0.5015626912937851
nc48a7cc47a23cc5,0.49930378693235633
nc48cd7db70726f0,0.5011858169408637
nc4a1dd70a2409a6,0.49343438933482286
nc4a3def8dac8ec3,0.5075060840081561
nc4abb76e2ba4658,0.5052023381105347
nc4acdfa6c00820b,0.4947903907167122
nc4b355b221682b8,0.4915432086204869
nc4b5257c4c7b0be,0.49650329397332515
nc4c133d35bc917d,0.5005791684257503
nc4c56fa9f142d5e,0.4974951342042109
nc4c57359ea7a41a,0.5032407056882485
nc4c7b1fc4bb16e9,0.5012228036626459
nc4d92016d005e20,0.5030696851050357
nc4fa347d88d1a87,0.5025623521986388
nc5003d5194cf873,0.5037024087003351
nc505547e07751ec,0.4967135040955159
nc507eff3d5036f9,0.4966872101759962
nc50b401205da732,0.5067496163516154
nc50f93c72998121,0.49566141199823177
nc517a4d77600cf7,0.4976952119816264
nc519bbf29f8942e,0.5024098204601102
nc51cf3a1a254a9a,0.5016032416532795
nc52cebd3d2241d9,0.504029672215225
nc52d39baa04b996,0.5005211511988442
nc52f3b49c8960d0,0.5015155334840644
nc53cbde5c9165ef,0.5061269915467304
nc542459d198014e,0.5004789066411398
nc5463ccf49461ab,0.5009734087612687
nc5475f89ee28ecf,0.5079047528722517
nc54aacce80f0f9e,0.49954445767681827
nc54f4582850a6f8,0.49906060287788034
nc550b420b956b98,0.5030144335752197
nc55ecb9a87db421,0.4986831324372192
nc56660cebecea60,0.49940113369317884
nc570b9e2b8031ba,0.4995783643227689
nc5717642ff7ab5a,0.5015799629010333
nc574b4140fc8224,0.49569568274492426
nc5774262ea61670,0.5073461809535518
nc5978a41f78158e,0.4987142237194669
nc5a050bcedc6414,0.4967799062300889
nc5a0804bf2a9807,0.5008306351371721
nc5aa05faaf55232,0.4967356463970161
nc5ae24abe4f562a,0.5023094491782948
nc5cf3f0288f351a,0.4967686853461894
nc5f3a81665a89c6,0.4964748420997904
nc5f4429cc646c24,0.4996419331799859
nc602585d4457312,0.5004753159029376
nc609c3c138c100f,0.5038134262789096
nc60eedd63f88207,0.49773750998990285
nc6180ff9b712c15,0.49716260977177706
nc61d419406fb146,0.5062218138508584
nc627420a114f1a5,0.5037628715171611
nc62adeaa76afa55,0.4993085396920539
nc631964f5a2a7eb,0.5039737944062141
nc645a0b1b7e310e,0.49664423950231323
nc64f627e8255187,0.4960367496262541
nc652c7bd275c4ad,0.5074316954010408
nc655e26b3b79e6b,0.5066121145341063
nc65b59ebe56037c,0.5006640845049213
nc66df0e168b12e0,0.502163453758827
nc67908d6a16b2ed,0.5029032020091556
nc68d9e2b6975b4c,0.5025557983683515
nc68dcba6b1817cd,0.4928639936204575
nc694b0f20373a31,0.4954995646119585
nc695c10ca137c10,0.5033447164277259
nc696dc207b20d35,0.5073908981942293
nc69970ad5080c51,0.5025409936462782
nc69b655276461e7,0.498013355798979
nc69babc5e942c4e,0.4966127246455633
nc6a5f30dfbfed3d,0.5032206222469511
nc6acaad20a1b97a,0.4983071522626922
nc6bbedbe60150e7,0.5073699894760881
nc6c509986c6e15c,0.5030123293942469
nc6d1b70411759a0,0.5048729872820036
nc6dee6d2d125b15,0.49945471267255503
nc6df98611778b27,0.49297637646889036
nc6e437cde4e80e3,0.5037843275623557
nc6ef77c4a5583f8,0.49687650756197377
nc6f5976ec715987,0.5083281015141147
nc71494e042473bc,0.501530755938358
nc714d525d8bead8,0.5044465480631867
nc715a15fb3eb9d9,0.5019519246087812
nc720b57386e691b,0.5004240262991502
nc735f2abf5e31f6,0.506260097191681
nc73bdae8de6c7c7,0.4881645125997544
nc74ba912b73ccab,0.4995249453610807
nc75a7bf51f924ae,0.49287092042266595
nc75f6e2ca0c777e,0.49954305392562565
nc762da887b16229,0.5012005203859876
nc780b80b8b4f1c3,0.4963599028741014
nc785a6aa048b644,0.5023566567958602
nc79c54a97540e68,0.5036599476676268
nc7cc2c185d5f866,0.492796868493813
nc7d057f08a0b00a,0.5028867544651956
nc7da04491617707,0.5059558884558262
nc8025647b543dac,0.49996621220108994
nc80615c3d25db98,0.4972164266315559
nc806bc7fe61cdae,0.5003062672687301
nc81a67937a50185,0.5046994004040085
nc821ca362a3b0f0,0.5000770951436497
nc82d21bcb552720,0.4984321151942956
nc83175407088688,0.5037023492155648
nc837a83d652c35c,0.5016196623812198
nc83ab5013839d9e,0.4991961318762874
nc83fc6a6fa832b5,0.5034067326045569
nc8455d70ad8e591,0.502996047567911
nc8494844b14cde7,0.4910553604680123
nc84d683125524db,0.5067018523473018
nc86ff264f736074,0.4974000884859894
nc875a6f54fba537,0.495595803159402
nc88066aeeaddd3f,0.5051953518459641
nc8881dc2f90fe2d,0.5025789988951256
nc891e0c9c4b3225,0.5011816771992731
nc8935797f0d6174,0.4952094767875177
nc89a73f77b968c8,0.4987517657544662
nc89ade633e78171,0.4998106430308608
nc8af90c5062d566,0.5024192558241745
nc8b30045de99ae9,0.5035433348472699
nc8b3572586b976a,0.5007778843505859
nc8bc65769560ef0,0.5016448090229345
nc8c0411c1302d26,0.49771719186273383
nc8c8b0a8432e312,0.49993324120921384
nc8cd4eeffbb9faf,0.4987879883241395
nc8d0848ce7bc989,0.5006261093206981
nc8d40e047727609,0.4992886845207346
nc8dd832f7a5a48e,0.5022789232020947
nc8dd88999c4eb5c,0.49508742606446987
nc8df8ca39c4bf32,0.5027568522324686
nc8e466adbacf854,0.4975171802431828
nc8e554cd2ffef6d,0.49909294511589947
nc8f0a08ab015178,0.5071194456006605
nc8f272cd2677465,0.5008768105948869
nc8f732211608952,0.503897841826879
nc8fbec6521ad4b7,0.4993616665086625
nc90520688570514,0.5013628419968426
nc90ce51b5beb8ec,0.5087687943191154
nc90daeda2038d73,0.5028565076248035
nc91497678f85b37,0.5011542696818616
nc92088438579c3e,0.5062540184169001
nc92ad9fdbe86867,0.5012225047960374
nc92fa489997113e,0.5015930451731736
nc9372fcd3d533fc,0.5027365693016814
nc93a9024e516598,0.498371435650544
nc93f0a39938e547,0.49248023283605824
nc93f4c5cb472aca,0.4995355712774223
nc953ee555999912,0.5027273804748574
nc96a11227fa23de,0.4963692874427305
nc96d279086f4a89,0.5014524117207959
nc9710899dcfa8f2,0.49239481152410064
nc97364504007733,0.5023743369406632
nc97ac28b6dc9013,0.49769146509775475
nc97f7eb86feedf3,0.49396611458046047
nc98fc90ba09a7c8,0.4978848286037743
nc99388b5f2a7c38,0.5031166184973795
nc9b4c66a55a5040,0.5050328085117515
nc9c8173bb939e3d,0.5050124893440971
nc9d4f362c1e29c1,0.4992085563465125
nc9f2c674798bd2d,0.4980614811739329
nc9f7beaa854d616,0.5022927040336724
nca0742247545d0a,0.5040380126503445
nca188e03811b474,0.49904347509864433
nca228c4cd994bec,0.49922114165364156
nca232621db068e7,0.493012733405562
nca2d573745414f4,0.5029080284994376
nca2dd292bce44a8,0.49642986311031256
nca32d5223c96c47,0.5016219169035355
nca393b91d8ff040,0.49935638333747595
nca45d18bf460e5e,0.5070381564205411
nca4c6cca749f487,0.4968075903942664
nca4f26cc9e933ca,0.49641550232921783
nca5f1ce569c0339,0.5022298924174416
nca7b69c2f3ef7e6,0.5034833384798119
nca7c8881d1f529f,0.4975061265917795
nca7f7e62597ec4d,0.5031822741494354
nca831e296fa1498,0.5002305890700238
nca98bc2d8bb97bf,0.49104337908795004
nca9eb9313461c30,0.5016057865783484
ncaa54a6979a46b4,0.4967911277566586
ncaa91b64fa9bd42,0.5073466949399652
ncac478d9176f11a,0.49990467945349565
ncacadf1937f6e7a,0.4949043520482373
ncadfc2b0210f0d2,0.49074680089408906
ncaf94a893dccb51,0.4976454656634108
ncafe4aca9821a34,0.49503605698499215
ncb0c4bebc58d9bd,0.49392667112129673
ncb1afd39d97a4a6,0.496499928613111
ncb1fabf0629f641,0.5037199309026055
ncb29cab96afebc3,0.49495759785563304
ncb2b6a417662ac5,0.5057982172354643
ncb2b8c971970f63,0.4958545205731454
ncb3dbdef2c81d5f,0.4980300546816134
ncb428b8acdf1c5a,0.4986590144208459
ncb5fda4c2ca4927,0.49335393612362444
ncb670303661a087,0.49823223340645606
ncb73a187def432c,0.5027904419328968
ncb75085bde0dca8,0.4955772414425045
ncb85883983e4fbf,0.4948936960669595
ncb99a10b4b30ecf,0.4954370746192676
ncba001ae182918e,0.49848940989145807
ncbafaa10fec97a0,0.5042036679935857
ncbb41ad27fdbac5,0.4996825575049052
ncbbd9780d795e9e,0.4979140677208858
ncbcfd934305d9e5,0.5084460981838518
ncbd07c0d9e890cc,0.5036065645822552
ncbd1f573e9276eb,0.5038725341980198
ncbd6c1f6ece4504,0.5022449061449503
ncbecece10156b0f,0.49938261829781694
ncbfdc942e63962f,0.49961783831824097
ncc05a0b224a7daf,0.5010878069059755
ncc0a6b72a5aeb39,0.4956507124260681
ncc18ee52f71b82f,0.5042747343518043
ncc1bcea93f9ff36,0.5050041211012102
ncc34d997340b27a,0.49527905622135543
ncc3c7c78b551442,0.5050051468798702
ncc48d1f5466bea1,0.49977170979865626
ncc575fd40e20403,0.501774584732503
ncc5a6ba1ac586a2,0.4996900626407862
ncc5af14e42a71d7,0.5043459424778476
ncc6cc94b8dd4633,0.4980618288062828
ncc70a20f1ccddbe,0.5070354718815092
ncc808a3d9a61741,0.5128796353563191
ncc8ca1f0743fce5,0.5037663436552139
ncc8fa0aa29261b3,0.5054334180413083
ncca2a57c519717c,0.49767447233910506
ncca397763e4881c,0.5048049951873023
ncca4bd0adb7ca14,0.501419918538702
nccab2a6d6567f28,0.49882498790169055
nccb42c81be61259,0.5016512506873039
nccbb2c4afcf7652,0.501306496353598
nccc07915c16dd9a,0.4998100803117453
nccd93c2ab4db323,0.49607915095470834
nccdc5a1683f7924,0.5006395335558693
nccde834ef7440b4,0.4978853454677467
nccde8405c5f771c,0.5002563547687269
ncd0af9e8f64af05,0.49679355555722293
ncd0efa4167ff29e,0.5034510758694917
ncd2aefabc76a050,0.49741350573078
ncd35dea40064899,0.5016191672677861
ncd4717f19d72a80,0.5054792240108043
ncd47b433c3abfd5,0.501521419205167
ncd4c85c13d5f37f,0.49661082623997077
ncd4e92f42c95c32,0.5034458762527186
ncd4fa6981c04639,0.4996283209976818
ncd502749aac410a,0.4994169313498122
ncd53d7cbd522c58,0.5003753216010609
ncd6589f71c3e72b,0.49354401098538864
ncd7d4ec0ab3c84b,0.5032353834428522
ncd937a6c961625b,0.5026132117916904
ncda7407979a4f22,0.5060721640029442
ncda9d3f4f97ce4c,0.5017906832709088
ncdb17e6e899f59b,0.5046441048462241
ncdb71ca6b57e7c4,0.5026336544960768
ncdbf20897656578,0.5114146016825042
ncde3a46a78ef38a,0.499032330481392
nce0d0305ab755ef,0.5030858525493856
nce1117103c37fd6,0.5011546477697532
nce164c3263e8433,0.49394584006596054
nce2de5e43d7b7a1,0.49714696754589444
nce33b01ced355bc,0.49850526506520987
nce4e8aaf29447eb,0.5007509984552581
nce55f34e87f6de3,0.5008084184447728
nce632f3ed291b47,0.4977860254355569
nce6c18d54aaa673,0.5095749354280437
nce74ef4d38f5440,0.5020776992735594
nce7549e00cbe326,0.5025511761555851
nce7748bdf43e69c,0.4963350996270968
nce7b75efd81c591,0.5105085396565352
nce7c024975dd84e,0.4966733776586573
nce884a5fe2f28df,0.5095492337513653
nce8c3bca2633dfa,0.5069078546421764
nce92f601861f600,0.502184406865607
nce9a9a47986e03a,0.4940462553176594
ncea462d251c8f7e,0.49548112437338515
nceb0b39e31a84d5,0.49798816726066353
nced735451f95f6b,0.5021973557748566
ncee3786a3e76e02,0.4960945107999214
ncef61c84e13c1cc,0.49991378979201756
nceff411f64f24ec,0.5018431189883301
ncf09c50b4c6525f,0.5050922916417677
ncf0fffb1243fbf7,0.5017934828723096
ncf1fefee7334ac4,0.5005970225419758
ncf369c00c0a519f,0.49684717973955633
ncf4d47314460832,0.5014925249474893
ncf523c1929802e5,0.5113630509822534
ncf5a72cd0fb6453,0.49846179975983707
ncf5a9405ab37ba5,0.5015077544656439
ncf5e3b453c5b22b,0.5004774871463519
ncf638288a104e38,0.49686567155953587
ncf6d354e62acfa2,0.49550321572342665
ncf6f71e308206d5,0.49451097172460273
ncf80136bca00dde,0.5000393408005638
ncf8ffbf2b7b4e08,0.4959420239547199
ncf9a4b3f6d9eb7a,0.49784986855799823
ncfa9e6270257889,0.49802872242687407
ncfae1b90927548c,0.4957458402575468
ncfb63749be6314e,0.49725360454219675
ncfb6e218f45878a,0.5008246814518234
ncfba12e676bc361,0.5097452946199809
ncfbbff7792effe3,0.49741114043427437
ncfc1aec4504bfb2,0.49646635613968915
ncfc3226e5af2a47,0.5020754325912564
ncfccab1cdf5f353,0.4976087411308982
ncfd1c8a80718d65,0.4979532488780545
ncfd21f24c99e32c,0.5033680905582798
ncfd230ffd35d914,0.49790375409402243
ncfd32589b839978,0.4952627669647119
ncfd5919f64bc12b,0.5034354663709046
ncfd5b99d2273d4b,0.5019556100132281
ncfdec5514d9147e,0.5007454853395403
ncfea1f58ceda0de,0.4999666207157721
ncff4b8c7ca28d4f,0.49697104353778687
ncff7ff9df6060e8,0.5012569875984328
nd007fab9b019be6,0.49539197802317364
nd014372f498c43e,0.5003111104986613
nd0226d83d8f2748,0.49877825868004777
nd030cff0a19fdc6,0.5010544966683066
nd035a58c9bda9f2,0.5042894424781763
nd04540b0152ae34,0.49822315303614295
nd0531e0e5f2086d,0.4964039639052588
nd08450afa8ae171,0.503189691182909
nd084bfb91af0f57,0.5043494449840121
nd08f383d4bc60ef,0.49883496730703575
nd0927e6c094eb66,0.4976207193038032
nd0946c417356074,0.5083437381796116
nd0a2cabdea4f687,0.5048789702286598
nd0ac2a32218b982,0.5028406832523197
nd0b4b894d7de23a,0.4985732248069073
nd0c036498c13aca,0.496454383514335
nd0c4a14d1ee6eff,0.4991693871475405
nd0cb4b0e3d9dbe4,0.4978436492235053
nd0cc1b00c6cf068,0.4990191826464286
nd0d9a7ff8302f39,0.49868021634586557
nd0e2886e1a68e43,0.5037076784150689
nd0e58acb69a6ebc,0.4988638054492706
nd1094e5eeac6156,0.5011804522097443
nd10f2e33b3e565d,0.4963493558810075
nd10ff9e3dc0113a,0.49617192783132297
nd11de399d41da39,0.4967449345618087
nd12152d9abe1bd3,0.4990606267498182
nd129b9436e438ae,0.4974889283335869
nd12fd03a1e9b306,0.5037885582747889
nd13bee58a2012fe,0.4990982169643623
nd13f41ce9ef99a9,0.49611192326064246
nd144db3333d8d01,0.4951776945732888
nd14e8442f363e9b,0.5071430097593301
nd15ceb16757a78a,0.5052822340679936
nd162609523572cb,0.502067681650266
nd168916245c2c47,0.4984569009387011
nd17d93244b4d61a,0.49317130437927265
nd18220473df81ae,0.49756134005551617
nd183c2546d28834,0.505127258208702
nd19b16afc29a038,0.498849270622716
nd1a5ef5d4961feb,0.5087902121126485
nd1b3526f61ebec7,0.4993109123645393
nd1bc1eb2ce247c8,0.4982121356989977
nd1c65b0c50a05b1,0.49874539782714256
nd1d75597680e375,0.5050731538508159
nd1d7857c22ff0d0,0.498837866016102
nd1da2a9094b3b6a,0.49602981517735917
nd1ef27099eb5b4f,0.5011141630925562
nd1ef2eed27dad1b,0.5049174488535725
nd1ef7ba6c526227,0.5050587674875646
nd1fe7697fb7f789,0.5013718121080974
nd2023ed6f5cf1ed,0.49994900296104955
nd207a6fb40b93df,0.5010543646542868
nd21e99b1cf061b1,0.4984066582349422
nd231e1da7310432,0.49523324425187315
nd234365219fb395,0.5014923432000005
nd23839459aa40c7,0.5000091046602637
nd244dbf1857b214,0.5008207837936481
nd2512e0572a7248,0.49271371409090625
nd252d0cb1a7c867,0.49617126145737855
nd2537045db963de,0.5015489372209523
nd2561e4cc8ae106,0.49822374582777657
nd268fedb74f2975,0.49964407314954684
nd26e2ea7eaa775c,0.5046503781083007
nd273fc9f6dfa60d,0.5054812320614577
nd27de51be073615,0.4997137753972344
nd28f0ab00e82a22,0.49794733043422046
nd2923ab39cf3658,0.4985849588036868
nd2aded2885d5608,0.5032767867910479
nd2b9ae7229d501a,0.5018962921428826
nd2c3b0f18ad9e96,0.5044675517234285
nd2c740a87274373,0.4995974122562001
nd2c9efa8b13b4da,0.49958517566834326
nd2e339ff1c47dbb,0.5000440254171595
nd2f7df57e444d38,0.49495400660862177
nd2fd95bb17cd1e6,0.504017671094315
nd30f5d16e03cc3f,0.5052256818919874
nd3111737194fb8b,0.5017311476035493
nd313b6dfbbaca76,0.49665020486065686
nd320b1ef7bb6a3c,0.5021272463788892
nd3253b6c20e7d97,0.4939594727502382
nd334c79c4983e75,0.49223597827590326
nd33afc4b2bf26f1,0.4950630962103119
nd342eb660592ef8,0.49962726988752776
nd351d50fdd31a9a,0.49452934163975626
nd35e09d1db83a17,0.5077548277270602
nd362c4138012ed4,0.5016871417240535
nd36f89f5fea9f29,0.5027623467061237
nd372152f14af81b,0.4944361101504197
nd37251020f37293,0.4993991435622844
nd37e2aa5849c939,0.5012967770924485
nd3806233a9a0eda,0.4979726874243225
nd382d633f45253a,0.4978305464007422
nd385dbd88931c75,0.5055275296466746
nd387c83670dd5f0,0.5027545755804275
nd38b4e8a86269d6,0.4941285421518309
nd399322be7a3789,0.5013346411789863
nd3996cae1231f52,0.4982619646722352
nd39b13a261f6ffd,0.5074101456552953
nd39e24528257f28,0.49794714081897656
nd3adef1a44f0029,0.5010115874236153
nd3af54e0e5e7d01,0.49646254402247747
nd3b73fc9f5bdfa9,0.502227467598761
nd3d1dd9a94bd41d,0.510128452451589
nd3f21fb1ad4adf9,0.49768370138067236
nd3f8216a09bfd2f,0.49943055716787066
nd40962db0c42b76,0.49215118038224115
nd409b037ff75f27,0.5034382309869465
nd411f7e402dbc9a,0.509112288441823
nd42578e990e9a23,0.5006344843714935
nd425b046337e864,0.4983260991151143
nd42e82bf06d4a09,0.4965319177172648
nd44064539ebc223,0.5031526319566769
nd44448ac86c285d,0.501855379263127
nd4459a0943a1f13,0.49883141497003597
nd44d5dcf509ed08,0.5056404817768431
nd44d6f88d51ab6a,0.5026948054366835
nd45a89ddb6765f8,0.49650072212412494
nd46bc26063bc1ec,0.49801431516872124
nd474fe7ca522182,0.4988279147479509
nd47b52413bfc5c5,0.5007467238846419
nd493214a0f972ea,0.49713080310365165
nd4982711617d4d6,0.49494491531127793
nd4b5cae36d7aa17,0.506935690247653
nd4be8af157c6bac,0.4971195021742172
nd4bf5c2d5bcffa8,0.5063233025352998
nd4cafc0d9b8d02c,0.5014244968116464
nd4d18e700306aa5,0.5002504997938395
nd4d405f19771582,0.49847500160717356
nd4e0549b2e79024,0.4988871073504457
nd4e79238355c3bc,0.4970993456250795
nd4ea61738a8f0f1,0.49890348618844704
nd4f58dbfb6a2b74,0.5001268603839151
nd4f7b34ab28133b,0.500936913891296
nd4fba6c7d1fe601,0.5026159397296921
nd500d7ef62bf631,0.49816945640654775
nd50f47bdee1b030,0.5036257408399974
nd511b6614ed8929,0.502962963437428
nd5204b9aad9a887,0.5004347034859716
nd538c37d7cc1e53,0.5078186383841425
nd54d8f11225065b,0.5050518074792903
nd56ca5ae96d9778,0.4987301374151488
nd573ce523e9b3b4,0.5011864913550889
nd577b9d42cf6291,0.5003758220459424
nd577c3fe6ae92f3,0.493512232814017
nd578ebfbde4c712,0.49701449849399365
nd57da2932cd47ed,0.49938436473858405
nd585503ae3703b8,0.49955442712261
nd5a2b86aa9b8544,0.49915341839979643
nd5b2f73fd2d3b66,0.5004479301014625
nd5bc1d6432e94e5,0.5005769489603307
nd5d26d2a50c4205,0.5038354788864131
nd5d9d13fb685c55,0.5096680131286906
nd5e0530ff829a2c,0.49202948469039437
nd5e30462a0918d3,0.5021816168939431
nd5ef98bd145d7fa,0.4987151398150977
nd5f4f55e2eacba7,0.5016735872931608
nd602841106fc49d,0.49579595988171077
nd6028505a03da95,0.49405948533569066
nd6263a633e476a0,0.5076441973075666
nd62af365feae814,0.5025026054581566
nd63209740df6bbf,0.5060233387399183
nd632d1b8795efbd,0.500309322028895
nd63c051e107e038,0.49400071024965453
nd63fa331e3960ba,0.5000246502453944
nd65b32f2491a03a,0.5027262598368252
nd66000fabf1250f,0.5022135711786536
nd6669046de82224,0.502503248880504
nd672b9328612e8e,0.4995468899493658
nd67c5508a3e0b50,0.5014193664402363
nd67c5e94f3226a9,0.5024619662325546
nd68277ea660c6b3,0.49504212387661667
nd69da2571f18b17,0.4983366253944591
nd6a04eebdb2b014,0.5024676010727356
nd6b61dd3601f4a7,0.49837323687643337
nd6bbcb6b8d7ccf7,0.5037802513795784
nd6c6bd35859967c,0.4992647757288067
nd6e3190c2cf5c8b,0.49638009480045125
nd6e5f3d63a4613a,0.49217511027654753
nd6f8114f10e0021,0.50494658371298
nd707f01a7dbf10d,0.4975592213594464
nd7126cdfeee028c,0.49600300715939105
nd71321ce83e581e,0.5003511623855353
nd732c7f07ed111a,0.4951068810403477
nd734a8a5ee5383f,0.5005295632194237
nd743477e9198dc3,0.5003833689361991
nd74994dd19b0e69,0.49592498831793735
nd7510400c694bbe,0.48955409644320347
nd756bd82af231b4,0.5012833471500374
nd7594d12fea94c9,0.503388971166355
nd762be95834bdb1,0.500842375598171
nd7851ac9e7fab22,0.5050585127363182
nd78daf48dafadbd,0.4994700270107591
nd791c152b9c3939,0.5040128079982011
nd7a80942e80a74d,0.5015715301302744
nd7ae233663c8f84,0.5042829845286464
nd7aef33ee872fc0,0.5002449659110901
nd7bd714a5f879d5,0.5043586029407073
nd7c12f70367a274,0.4894884335872867
nd7c91f8ba018730,0.4952507520298676
nd7cd536bcda93dd,0.4992078870241911
nd7e220be60937cd,0.5009025883311078
nd7eb4621b4f93a9,0.5032031089976543
nd7f040f5febd6c1,0.4971302370074815
nd7f0917e20c66a6,0.4991397816712748
nd7f71525df1438f,0.5012888190527744
nd7fb423effb726e,0.5043509300554524
nd81da813f607ae1,0.5085928594946528
nd8221d4bf462c31,0.5003631211013921
nd8256529f00e936,0.5041241971012771
nd82873a963efc65,0.499915216041139
nd82f26a34a16a05,0.5057308027548885
nd84336041db5bdf,0.49809052771411505
nd84bfcc52a0edf3,0.4984661018073545
nd85213d7076f422,0.49612079866232767
nd8588cebf2bfc30,0.4995156784587285
nd85baa4fea8e517,0.49863007487989836
nd870ef5b5a8868f,0.4977366019273642
nd8808e52de9d2a8,0.5053274430059019
nd8949c073fbacbe,0.5030206952115156
nd8a47477e73916d,0.4974826486078441
nd8bebf19c76aa69,0.49336205712929915
nd8c22cbfcbf7020,0.49685345350421933
nd8c3a75b95d3986,0.5012456264484753
nd8c9868c27229db,0.5032484071829327
nd8d2d8989afeaf9,0.49875259202728905
nd8e3c538df3667b,0.5015440852891875
nd90ac9b8ef04006,0.5067289851335253
nd90d8a9ebadbebb,0.4995415251100775
nd9100bd81368bf1,0.49107148189399574
nd919ec81ba463d7,0.502274161907297
nd922fae5e09d786,0.5053384351026431
nd92f1dd06333158,0.5046748327909696
nd934e81280c1378,0.49943165516275234
nd93f8f5d4a76a20,0.49851741378878345
nd94411ab0be9efc,0.4985158560539791
nd9460940c24a508,0.49879127216337515
nd9460e0761b514d,0.49968204499590557
nd950f57b6c2e388,0.49930122194663284
nd95ccb6559fc562,0.5011114666500006
nd96b4ce2cb0646b,0.5046939523064788
nd98f494bf5906c6,0.49565837062230517
nd99fa0a4958694d,0.4999893777492821
nd9cd2bda3410f37,0.49588029573569803
nd9d9e37db98d65e,0.4958525526197607
nd9df2b5746091c4,0.5062367083624069
nd9fe5bafba7d6cb,0.4947120239502983
nda177bc9918256f,0.5029164762278664
nda17a155c64afe6,0.49984765464615144
nda257d4887fb9a6,0.4975314453079419
nda26f42c7d15750,0.496366585605665
nda2b8f99b078879,0.49546462398559266
nda2e531fcab1c63,0.500690768523378
nda3647994bc895a,0.49971888032117723
nda36de9218968c4,0.49691145974599793
nda3f0a621ee9932,0.4960235098266208
nda42514e738173e,0.5001349752933618
nda45080ad9aef17,0.499572987262205
nda49c623f35a2e7,0.4974692494857277
nda5609770e33fba,0.5032637226975158
nda5ba215f89ab80,0.501081234692997
nda5fcc64beb96e0,0.49953830423231066
nda6d5790cbe7d07,0.5081314596815802
nda6ff62124e395c,0.49957646896194335
nda852b1d244d33c,0.4956636750958261
nda896c1f2af30a3,0.4951776235852988
nda92cc6a9d1328e,0.5020836665597606
nda942f6762e287b,0.5081387821951984
ndaa349d2bd4ad7b,0.4995263717733476
ndaa8c5f9865a2e2,0.5044054923358485
ndabbb0cac4d61c7,0.5003007871263669
ndad47500fec0a8e,0.4970618467965704
ndada1e20f58cd5e,0.5020867446066083
ndadf02859d62cf9,0.49437659517346144
ndafb054595af57f,0.502937669329224
ndb056b7523a6d50,0.4993547549122572
ndb06325a5077f43,0.5016832059804599
ndb0a21dbe7a39e8,0.49814632426655553
ndb0b944e16ffd58,0.49640652867694046
ndb161397c4ed8a3,0.49828931828640916
ndb1943a986d8e4d,0.5035717718322934
ndb1db6b155231f6,0.49912857833349994
ndb2d037a605c62d,0.4991705474498809
ndb304745805092f,0.5010897851888778
ndb3d690758b418c,0.509005741291713
ndb5701f6e0a29dd,0.4973892511129149
ndb5815ff7c51309,0.5015593537416368
ndb59cb83ed16fbb,0.49677471315042626
ndb62ae738b112cb,0.49775846818721065
ndb895db03685307,0.4979416661200518
ndb9346f2bbc8489,0.4965363560213964
ndba434191c06c90,0.5012188834495046
ndbba83e3c3e0edd,0.49682600337034427
ndbc6961b0be22a4,0.49983724619719827
ndbccacbca544f60,0.49209456884206804
ndbd26f97d1ffa23,0.49927926901624886
ndbe323836e8a192,0.49599879106910727
ndbe3a3f3a3f54ad,0.505436560903195
ndbe948a6bad8a8c,0.4997768135960334
ndbea55d41de7952,0.5021153505542933
ndbf90f7de6a4714,0.49658249818741745
ndbfc74b481e000b,0.4914831078806353
ndbfd36f006247de,0.4940834143562176
ndbfd6b0d4421b95,0.4933548332524173
ndc04081e01e9a76,0.49805420563812386
ndc09f920edc6eef,0.4984777647071646
ndc0b812640fd942,0.49956829476315584
ndc0ba7775f9ec98,0.5085775687545253
ndc265293c7d9b5e,0.5049131192520048
ndc27b8656b9f296,0.49086028472709337
ndc2cd6d7396bec1,0.5009101328592389
ndc328e0b60e29c7,0.5013676970147667
ndc38ec328772393,0.5032912516267583
ndc4ab07e9b66c7e,0.5093072331618997
ndc6293e2642c720,0.49797616388822724
ndc67fab3e1bef83,0.4998354949288824
ndc7bd306371c706,0.49918816864744103
ndc87a61c4f06be8,0.5025928146076204
ndc901f10dc691a3,0.5027048219433248
ndc919f2c75e6d1d,0.49976232967939693
ndc9d323b2f26098,0.4970067455443004
ndca8e3770898208,0.49906774105927615
ndcc02da12c8f84c,0.5012083838367912
ndcd590f098a2acb,0.4992503028230602
ndcdfd8de24c0559,0.5001890781359764
ndce015e19e300a9,0.49721495631115675
ndce2c71ac424b41,0.4996711506196286
ndd0266ab8629c5d,0.4996894432764955
ndd026c2e75232bf,0.5074259727733329
ndd12bf3345d9004,0.5010166268667858
ndd14b38bb93210a,0.5024770832909324
ndd18e56ccbfc719,0.49998299283813885
ndd27b727e8cee2f,0.4990592427518658
ndd2d4cc26ef8433,0.5011627612205475
ndd302b643be6f46,0.5063155127715445
ndd4d5dfe62151d9,0.5002508435395873
ndd52e6101b1fdd8,0.49912522171664303
ndd5c3d3c29a0c10,0.498178128497474
ndd5f7e45a0867ea,0.5025575508251489
ndd6d348456b5c50,0.4950441017364208
ndd700ac2e46d7d4,0.5021553858798037
ndd7017e0daae917,0.5026963181666771
ndd70a4dbaa6b98e,0.4986220183241167
ndd7bdf84a01b777,0.5010450393414593
ndd7cf3828622764,0.49950637866697506
ndd87cb2a913eb28,0.501972163434688
ndd93496b60c1062,0.5011432637987556
ndda16a33af7315d,0.49588416353860804
nddcb4dd74a5dc30,0.50217552779632
nddcbbc3dff25d3f,0.4976686333723216
nddd72fdee6b6f08,0.4979665430499696
ndde04d905c09d6c,0.4990394030514384
nde07c76eb5de526,0.4963651615286856
nde1daa9212f1358,0.4920257335739584
nde22b8484f37b12,0.49436125689288285
nde23d8d68f214a4,0.5011436689860456
nde2853dd94767d9,0.5027628584951724
nde388b2074cc0d2,0.5059543958913835
nde3e8f15854ffb1,0.4950177564386491
nde3e98c222473e9,0.49999403824183997
nde3eee474d64eca,0.5014598781330772
nde43ab9dbb74eea,0.49622444617589706
nde583b9d71d314c,0.5019340766028985
nde7046bb0499a30,0.5032843949727779
nde75966ab786073,0.5031360912498313
nde8d09fd4dc4d66,0.49921753305927713
nde9c3298a788015,0.4979071372160107
nde9c97f7850fec7,0.5031614024766772
ndea053c71dcb779,0.5013426362567395
ndec2413e583fd58,0.49954270000482587
ndec87876990917f,0.4987861734745905
ndec9cb61e7116e3,0.5020683915627856
ndeddd73ec9bfa87,0.497745329024611
ndee8401a5477643,0.49982061629091884
ndeec9883b3f2bd2,0.49801949375584864
ndef09870f83c5ab,0.49611154474923136
ndef3d53af12074b,0.49805906964203583
ndef3e7810697229,0.5044912844255514
ndefc29838281782,0.5001225178574125
ndf14fc0f296c17a,0.5007961648765336
ndf1d8ad1a60ba40,0.49366977021302794
ndf24bd06a866c3d,0.4968076055759974
ndf24c49d2771850,0.49249520769950217
ndf2853de7b9cf71,0.49762610050752115
ndf2da02716d3662,0.5101136274120052
ndf2dff1e8b9fc1c,0.49867240975702426
ndf2f0e9d38102a1,0.49756032301787706
ndf311dc8c96a708,0.5050954093944361
ndf4ad157c0577fa,0.4997179830829662
ndf6a423e1a4870a,0.5092290524208264
ndf70f447b3d559c,0.5009551810558606
ndf836735050e442,0.501401754003628
ndf8510f2f8bf23d,0.5034897129630662
ndf88c442628e8a0,0.5085864953609784
ndf897180b34758f,0.5036736729353872
ndf94670f3f0e325,0.4987911263758234
ndf9e28442e57144,0.4947801743032037
ndfa57784df24dd7,0.4981990994026871
ndfbcfed58a73dd4,0.5067902094947583
ndfbdd25eb78d299,0.4982712015914
ndfcd42991a272ae,0.49804234578704987
ndfd77c613eca74e,0.4967881465145494
ndfe19671c95fa63,0.5014403951440577
ndfec0ba2db59724,0.49911423560097357
ndff074b45c3edce,0.5021346629938054
ndff956709cccb2c,0.5038167382893728
ndffa862db668a0e,0.5045759831299126
ne011a1f182ae0f8,0.5040520638154199
ne0158c589e3a348,0.5101678256816675
ne01f8319290c267,0.5090259875021597
ne037bba63ed6dc9,0.5030998456204394
ne03b305d7b58733,0.5025474230865877
ne06a955ff5b8916,0.5062001182255825
ne06b83642065913,0.5039637614004872
ne070262751cbe80,0.5086542266337191
ne07e5e917c0b251,0.5019980354039506
ne089d03a70e2199,0.5022739831150278
ne08bface7eedf0a,0.5011627957618392
ne09796634d10fe6,0.5012490901522633
ne0980a69db995bd,0.5023492105523785
ne09f622bdf98410,0.502883956184043
ne0a70fdccd4bb49,0.4969331998097373
ne0ae7f86f98f284,0.49837857416406106
ne0b361c9f9ba3ea,0.5026656001584104
ne0ba990d28e7dea,0.4958505255553197
ne0bf920af02031f,0.4996577186208067
ne0c12a9aa69296b,0.5032500146484158
ne0dc63245c04aea,0.5083808894805577
ne0e3c017548560b,0.500373579468148
ne0fa6f042a7b13c,0.5000343200291157
ne11429e55c65b9d,0.49743873082709583
ne11b7e968529088,0.4958835033819722
ne12d0481336f0d4,0.4996463415046358
ne13eca64033982a,0.5028247753857693
ne144c9d717219f0,0.5056452775280641
ne145dc0d06beb4b,0.4994279244001254
ne14cb1cba203b7b,0.5036207451596159
ne1500bdfe9a893f,0.4955164265424288
ne152676a2daa8b1,0.4926144417917791
ne1710d0670d92c7,0.4999201884704756
ne178be6aa572148,0.49793870847276983
ne1877f1677ce2c3,0.5015621833356361
ne18a8cecd1c68ce,0.49906214061429255
ne18d8f1b580e7ee,0.49954683127632277
ne18dfd2a2f9641e,0.4953632600548497
ne1976f1efc1b497,0.49892106928002056
ne19afdd33ae20e2,0.49908762622482367
ne1a035c80c859b1,0.4959776482679974
ne1a36eb91560346,0.49753636356571385
ne1bcf68e31b91fc,0.5028651190138516
ne1d5368927e4117,0.5042180474650098
ne1d90f56ee1af7d,0.4954720849168891
ne1e911662403c4f,0.5002389099747007
ne1f74921a067f72,0.5036813687950414
ne210fe7f34c21f1,0.500312334747417
ne211b6cb1dfd1e7,0.5013111948598223
ne2163b0362abe31,0.501543896171859
ne21b116b09d9a8e,0.5004748123513485
ne2273ff34efe194,0.4944668557381673
ne234ad8734e6e5d,0.49765592079981574
ne259c4a55924b5a,0.5017708483172746
ne25a0166350d5ce,0.49607732899532414
ne25a971003f13ee,0.5020149072144011
ne25d0aa0b95b0af,0.4994061820561917
ne267e92a0568a8b,0.4986132314670189
ne26fae5a75f88b5,0.4935295017574296
ne27fa5d0471f9df,0.49723788203836466
ne288e00fa53d7c3,0.4958303994890041
ne29dc75e5b3e19c,0.5006624733619239
ne2ae64ab47c3f42,0.5055842695259489
ne2af84086472059,0.5098685656693089
ne2b5dfaa1ac523a,0.49792815066029655
ne2bad53ad450ce5,0.4992928815042441
ne2bc56a5afdfb05,0.49712616176140795
ne2c130a6bcd5711,0.5014888415601004
ne2cefa1b65343ff,0.5001456600039026
ne2da03e58eca41a,0.5023324497266634
ne2dace57aa22484,0.4996237680264122
ne2dc01d90a45d25,0.5000054406602099
ne2e7c5f9f25823f,0.4970889285657141
ne2ee9863087fb8a,0.49770063236152584
ne2f078b68a042fe,0.49891636997249167
ne31e32ea535091a,0.4965992714087957
ne3279866d0e1d22,0.5002463222118207
ne32db79e5ef7684,0.5075574453287407
ne330bdccbb9bb7d,0.5005783210814222
ne3373907f0f2f18,0.498299258869871
ne33e7f3b7a408bf,0.4976204742418026
ne34deea1b200b34,0.49790121310774654
ne355009e8dd242a,0.4975841258739918
ne3687fdd634f293,0.505135045245892
ne37102fe4fdad20,0.49336079289405926
ne371a721917df31,0.5026493797031238
ne372d6a1eae9bc6,0.5018703413752118
ne37c2b8a31e49e0,0.495475385553843
ne385fc7366e4406,0.5014605149533943
ne38747c99f4cc2e,0.4998325322387357
ne3ae3d273d2a303,0.49746077556900675
ne3b75b9a1682c4e,0.5007186699913159
ne3bda495eb3d79b,0.4972835699318841
ne3c460dc77866da,0.5021832909734911
ne3cdab4cebe6f1a,0.5011013604707877
ne3f49bf30199085,0.49803356809063704
ne40386da24d37a9,0.5008501205240941
ne406060df141941,0.5009329505010529
ne406ecd34c6c5a5,0.49743716781988023
ne40f0a18744a930,0.5015700955809292
ne4198b0abbe44b6,0.5001777657348504
ne41dd7bc82541a5,0.506474067124303
ne4228ef03945bcc,0.5039925625428511
ne4258715da92a31,0.49899445805821374
ne43f0dd13d53d4b,0.5000711414359649
ne458299bca26c33,0.5042370116720692
ne45cf1a64239e6b,0.4987584958297826
ne467b8ff8154d01,0.501449291907235
ne4680ed299cb9e6,0.5011647743358244
ne4701a9168c0c66,0.5085951410395272
ne47529eb7785071,0.5048366051929386
ne47624768409984,0.5042684261413486
ne48183e60ccd26c,0.49631837005078633
ne48a6c51f48f9cb,0.5009645713021831
ne48dbb6cb7833c4,0.5006891759227482
ne4b5f9e4798465a,0.49905688556189653
ne4bc5685746be74,0.5059447933277411
ne4c27cac339f59b,0.49753031435377953
ne4c59ac0bec4228,0.49856091262524616
ne4ccb1c4edcd564,0.5021681028021029
ne4d3a49b4f1a898,0.49791349173483684
ne4d9b407d4d9b1c,0.5005291019995539
ne4e7d44b317bc03,0.5017106174240569
ne50d497a756335a,0.4979991157229734
ne50f8e7f705e84d,0.494866931129836
ne51e1a7eedcbc68,0.5077630681167133
ne5217ace9d6f2e1,0.5083712992009671
ne533afb691ec584,0.505204849528131
ne53b53c8cf835ff,0.5021522689415059
ne53ffc1e3878921,0.5044070773005263
ne544a61b5f1cfe1,0.4981880805429971
ne55552b3c96a035,0.5042475528336383
ne5576decd4e1d57,0.49988133021311265
ne56bb94ec7d023b,0.5014115839550641
ne56ff51c68bca99,0.5070655327665886
ne578c96fef742f4,0.49818478240964004
ne5837d50628f1a5,0.4996919611470728
ne589f865dc90a5f,0.49692667655444644
ne5926c4be403507,0.4951089933780823
ne59539ed5144a34,0.502043937133663
ne595e3b985c8c51,0.49283435710854895
ne5980a5ef0c7852,0.4970582676738912
ne59ea50ec5ab665,0.4954109284383999
ne5a7cd5a2d368af,0.4984385776520455
ne5a9865e34fddac,0.4951873742063935
ne5b434bd5b071da,0.4992415672202746
ne5b6d96bc4cb142,0.4945186836792754
ne5be1824abfd8e2,0.4999064768139268
ne5bfe9ba85dc193,0.501717567841945
ne5c2222466186af,0.49383071011815266
ne5c94154fcdbfa8,0.4992796569886278
ne5eb1ed370da7c8,0.5003705280418306
ne5f1280bde7191f,0.5031269236289452
ne5f4fd50da8d4d7,0.500365201672539
ne5f60a090f5a821,0.5072219598799941
ne5f6a6ef25036ea,0.5011376988516616
ne5fc8cb19e60cd7,0.5021701544112657
ne61341ea9fe09eb,0.49814406264454714
ne6185c3ac7c9e92,0.49871229652771454
ne61d1cdb3a70892,0.5041018756847576
ne6251f3ae164280,0.505673537600015
ne63963d239db8d6,0.5037172753150848
ne643a114e6859ad,0.4986125484628803
ne6499857e33fd08,0.5013185414651026
ne64b2f518cf05bc,0.5020145316390245
ne64ed0cbdb9a58c,0.49836154303857017
ne655673373ec895,0.4974530703130238
ne6560dca36013bd,0.5017579829399527
ne6599e2b57835b2,0.4985300183468016
ne6701d9f892c3ed,0.5031302428680647
ne6832febc2ef42a,0.4973355887807128
ne68aaec1f713d2c,0.5042488159873112
ne692ea220483c2b,0.49691739110856414
ne69c66da21597a5,0.49750867995354214
ne6a08a0eeee1047,0.494878574424548
ne6b06b5e04907fc,0.5053721852516552
ne6ba9ea6b74ed95,0.4963352182784075
ne6c94c2527736a7,0.4963903190801582
ne6e5acd7eecff56,0.509273699486435
ne6e6d28a099e30b,0.5040947282763845
ne6e87d3d247056e,0.49711522351860377
ne6ef57c946109a7,0.5016990311379786
ne6f4abb66944094,0.5010783881694216
ne6f5a23ee81c5a9,0.5021133326019702
ne6f6401c309bdc9,0.49708450647797847
ne6fce8a870f43af,0.49472362483266846
ne6fd44ebd2b08e0,0.502169525842643
ne704011c92e42e1,0.5013644603760402
ne70f01d2bf791af,0.4970426766586359
ne70f56975f9d289,0.4960959452816927
ne736b7b870df41f,0.5040648122602861
ne73c204c6bfb2f6,0.4973650812119324
ne73dd053afafa26,0.5070918142207476
ne73fe40af9897a0,0.49813793140804424
ne7402b06c042961,0.5063806927076575
ne740468d319e895,0.5039619227489404
ne7492cb8c2b3e68,0.5029079827255022
ne74cc4d4969835d,0.5029105822692874
ne75baa27b40f236,0.49448179708398887
ne76163d02d1700c,0.4977831984830496
ne76a2c61faf5ede,0.5009170449687523
ne76e3a063ecc5f6,0.5013915355796459
ne770a3a01f9cafb,0.4995095148925559
ne773c03b39bc31e,0.5017478505371615
ne7768d7e1f0025b,0.5051588000224088
ne789515e20493b7,0.4999805404153526
ne7aa2baf1976e20,0.5056362712327254
ne7b4179c32cfd2c,0.48826783158103676
ne7b55ebfe0e19d9,0.502845681482869
ne7bed2a8f99fffc,0.5007758823202596
ne7c7e09c3148478,0.49922604983035795
ne7c96a583feba75,0.49693916050002435
ne7d44cf5caee99e,0.5012107613568502
ne7d6abfcff8d549,0.5058050111312121
ne7d828608bd719a,0.5021031761886899
ne7d8708064e1f5e,0.505891416954387
ne7d91a13140d8fb,0.5009439845219639
ne7d93e7e5cf7c5f,0.49775119860308115
ne7dcf4d5581dc7e,0.4949129177000568
ne7dd54a8588481b,0.501192113740985
ne7dee6d4dc9d08c,0.49906085742394335
ne7e0372e61f51e8,0.49215680431690234
ne7e72aec04b239a,0.5037273360883204
ne7eab1b4450be99,0.4958324223740653
ne7edcca87660726,0.5038159751080555
ne7fedfaef62dfe2,0.49906391423358726
ne805e63c748315c,0.503605992464453
ne80fdbca92d169f,0.4963730833829022
ne81bbb8f22e42af,0.4956361380152049
ne81f8d49ffeff3a,0.4925506437705536
ne82999f46a8d41f,0.5009039406348922
ne82c4ac7548a6a0,0.5044140570842666
ne82f3ae59e68f54,0.49419438837954544
ne834376f9666e07,0.5062804391967914
ne83fd5a6b248e05,0.49095198185583283
ne859b15f8ce1a50,0.49227170024409167
ne86879e6b60d425,0.5002648507892841
ne871a4c6e55bdbe,0.49463024024024727
ne8772e54e9dabd4,0.5048468198745047
ne8a472bf7708947,0.49981716446433
ne8d1584be4f1c81,0.49985320772683905
ne8d46631ac8181a,0.5060392064883298
ne8f39f619c8efc3,0.5039609021420034
ne8f545745bffc7e,0.5035708092428962
ne8fc4397b8b1ec1,0.5070698141930751
ne90549192d1a731,0.5025027990261777
ne907235471ab74f,0.5060031078874822
ne9103b9934a770c,0.5021921053665875
ne9113c7648aa815,0.5069548148594224
ne91d283c09d1be9,0.5039240324952913
ne9211fada18313b,0.4980874213057258
ne92703aa987e875,0.5044400611590175
ne929b3b422a8c2b,0.498546978960168
ne92b02b50b66526,0.5060157461089868
ne96b4abe1ffa373,0.49634153920550084
ne96d8eb6d8bf51b,0.49626082391307125
ne9730afbdba4aa5,0.49988781530881554
ne976e9200110351,0.49587877699584165
ne97e6206a204466,0.49556691766640254
ne97e91f33212697,0.5079185487064245
ne987309602a055c,0.5001917783467837
ne98c40e5f4ed751,0.5013914716919977
ne98f79a56770a6d,0.5085548010017925
ne997f265aa02c8a,0.49745470638800887
ne99c66812ac59ec,0.5013928128186138
ne9a1330643bc26b,0.5001416868784656
ne9c17d6aed042c1,0.5003365475399515
ne9d8deef74109dc,0.5065415866534079
ne9e374067fcee5e,0.4977234823293339
ne9ede3d5ab9dbba,0.5017638296494982
ne9f73f75109847a,0.49611938106592285
nea0ffe9b2771ec6,0.5009101459124998
nea171e51e70d743,0.5034934045687546
nea345a546517e22,0.5022994357941806
nea45e35265496f4,0.49663950017229574
nea55c9935c08003,0.4969915857368654
nea565e1f6e8aa98,0.5045358716144448
nea5a6203f10c0ef,0.5052053969930637
nea5c71b345c9114,0.49964079488848506
nea5c999bcff007b,0.5095928551940685
nea78671ca124c20,0.502995533136001
nea7b6525e986fa6,0.4968084454218009
nea7d591ad81d984,0.49648426666960827
nea995e6c60ad407,0.49814589532521647
neaa0bed18659116,0.5075758994981358
nead2a4739333552,0.5111681250811784
nead5c8b75ac5302,0.5084790828948584
neae8ddb27eaa6c2,0.5040812395287184
neaef62c0fd865bc,0.49991778762175565
neaf314a5a7513fb,0.5003183841379558
neafbb4baa182cf5,0.4952789796963856
neb19fe8b96df545,0.5083410792914547
neb1b3941941e235,0.4954518295554744
neb213237e04eec7,0.5010810509834174
neb26f5f70c5cb63,0.49587950012860305
neb3032376fc23a3,0.49878464114646015
neb378bc378618c5,0.5012185947596128
neb4832ed0f812d3,0.5044467253860534
neb4b14b2e45f103,0.5084735988418663
neb53ca53dc6cebf,0.5006047307520198
neb55b79f5d0b9e0,0.4970733115666049
neb57cbb5562cf83,0.5070996890874258
neb620a943943fc4,0.49798089484016617
neb6ee99cb665f90,0.5041878031475848
neb722a360a5e260,0.4970723561261956
neb77e32ba2b9abe,0.5031981866459868
neb78d9cabcc074a,0.4992952026235019
neb7fc2aef90fd46,0.49834828784486696
neb86259392d956d,0.4994412457877211
neb870235a1b4b69,0.5074923346183118
neb9437a1111397f,0.4990797088688734
neba4c0b4607cbb4,0.5011943370457956
nebb70783838ba36,0.49609221674553944
nebbcd656ae834a7,0.49791788392229536
nebc4e75cde9f4ad,0.5033288355310083
nebc951f586b0162,0.49861950265566146
nebcbc558f3bdc72,0.49635415022278667
nebd988b78b7f5ea,0.505978480878747
nebeb8e742a2dfbf,0.49552710772840775
nebf5c2d8dc3a424,0.5019745485248631
nebf723325559871,0.5028719177804803
nec0527242dd37af,0.5104108783009697
nec192b8c57346cc,0.5015353466452084
nec20f23109555f5,0.4992991964036291
nec2ed94aa02192b,0.50408796981986
nec35084311f9c32,0.49885870494174256
nec3bbd569694725,0.49733242469229866
nec468a06905d5a2,0.49747551263863465
nec489f060944a0e,0.4994618802437325
nec4f5ab6e08c8a1,0.49905245952094446
nec66df8b695f1d4,0.49730671608899657
nec6f66d7a4f4706,0.5026669692361705
nec70b274b739ecc,0.502593219940403
nec746ae77b23ce2,0.505470031120612
nec8faaf694c11c8,0.49977417687590553
nec95490c5bac5b0,0.4981425577007077
nec9b47a9aa9fe53,0.4993154996885457
nec9c9a2a5e41f51,0.4964977930024986
neca59db4b6eb74d,0.5021457113047246
neca679e5864cda1,0.4956060323383937
necc63a65155e884,0.49761037784621986
nece9bc5c7561d25,0.49903811185140057
neceabe5c41ef54b,0.4994559747256181
necfa209f56b82ef,0.5017259661050509
ned09d01ad23a50f,0.5032615929119598
ned0a8b2852de47a,0.5023712361132032
ned0e04143dcb58d,0.5005504610103146
ned17880a19ccd92,0.49947660998919097
ned236047d8961d5,0.4970208782282043
ned319430e73f895,0.4994098230896533
ned33c1805fe7a8d,0.5081116199510597
ned3cd6d1282e07b,0.49457272287095905
ned51ce0676fc0a0,0.5047254528148146
ned5203d197186de,0.4982903442898308
ned5d7d1b51fc8d6,0.4971616003472167
ned5ed7a1662db2a,0.4999544467308426
ned6772c3fe2f634,0.49397219737039727
ned695c608f70d08,0.502989263105299
ned6a1f1e8d26b3e,0.5049499650694762
ned6e6d916d5b573,0.4900829896250142
ned75e11d9e43493,0.49678193437233986
ned7d2f0a2355e14,0.496836048478344
ned820fec4721f37,0.4984773247280775
ned8465152d502f6,0.5039477965566187
ned8c65d776afd8f,0.5038549410792926
ned9754edf7cf603,0.49836932087596747
neda4c98d31237fc,0.4980974378327561
neda4ec96b78011d,0.49850434905868896
nedaa3e9e3a5d529,0.4995859886109757
nedb03b478bdd00f,0.5009532388493593
nedb2e2b82878138,0.5029138967713372
nedb4c0bd2fa358f,0.5040260916396849
nedb55a4508463fd,0.5017472431604088
nedbba08d6c09a22,0.49747725859847103
nedc80a2bf532ee6,0.49521458302771787
nedd5703ced49c6c,0.498223519106997
nede098362eee7aa,0.49988334277374274
nede3ec71e40e6de,0.5014186438389826
nede85422fc0df86,0.49828351676469235
nede8fc69454918f,0.5036656708607871
nedee145f88df7ba,0.49829850398534775
nedf6b36bc700721,0.5031904664574361
nee08d6c78376692,0.49628550266893445
nee14e0eb456b2c7,0.5026841025161638
nee161025a8b18f7,0.4995295294292226
nee1655099529151,0.5031834193438453
nee2de8c89a3199a,0.499390629228384
nee3f1d22f1adf53,0.49706394951473815
nee4508fe2f58cb2,0.4994200006211164
nee4614b8ae40ddf,0.5022453362872978
nee60044a325433a,0.5005701656910033
nee66e3765108944,0.4963809713723664
nee83f81ec483186,0.49948451041480374
nee8d30cbdb27e93,0.49899113255728156
nee9974701076fec,0.4961103773737418
nee9cb7dcefb83c2,0.49580676791725914
neea158284221456,0.5005891040538113
neeaab97072d09ea,0.49955850073210545
need188f58ed2e28,0.4947870945995051
nef067e65e307813,0.5037781310296469
nef195d6198ba922,0.5020956772828115
nef3341cbf898f9f,0.49730756142441335
nef409ce382d150f,0.5075677352115845
nef533a1ae61e7b9,0.49521192546112663
nef5e394208c8249,0.5019868791171637
nef6344888976966,0.5031836829174549
nef728d66399f1ba,0.49914361802160007
nef77dced4709099,0.5009059002179174
nef7b13da64d2be3,0.49619726631442684
nef806b52d77ce98,0.5004350969035106
nefac06270c78182,0.49701799047765166
nefb00c3f6628e51,0.5041635195575584
nefc7cfd07d83fa4,0.501858469787445
nefd95788210dead,0.5021172377448986
nefdee5a439ac8e5,0.5035967213090087
nefdff2b062ecee1,0.5008265342711319
nefe19bc2f066e8d,0.5024725087604376
nefeda5461e20e4a,0.4984816926484438
neff181e898c3262,0.501787241073062
nf0068c00f924c89,0.5045484496048454
nf00ccad42c5a74f,0.49997074539745384
nf0101d0b022ed44,0.5067243199125783
nf021160e27641d7,0.49884030004851376
nf0218b674f594bb,0.493710003585308
nf0269b191c609c9,0.5033885069787368
nf02c9d2c92a9252,0.4998973638207124
nf03ba24a66b6f5e,0.49511584998938396
nf061a32b3e8f899,0.5058283728560262
nf067895ed986da3,0.49810779376918224
nf071024ecd434b2,0.5007712746431064
nf072761dba32cea,0.5025500461469412
nf088d33161a664a,0.4970485912838088
nf08dc33702cd5c4,0.5045289014791453
nf093dad6a00a63e,0.5004539894001795
nf098ecc0075e0f5,0.5012416918985182
nf0affccec615193,0.4978870512394928
nf0b0eb8e5316a1a,0.502278220650466
nf0b7704ea7696d6,0.49815100181701133
nf0cf397e3bab218,0.5044484935333119
nf0d590f584f6208,0.49580967656423924
nf0e1a46377ac4b4,0.49690909573031317
nf0f01d4a5794298,0.4978574725713625
nf0fafbf21f8c774,0.5046860512464613
nf1047af661554af,0.5017495842292837
nf10695ead9e89cd,0.49759546495436835
nf108180b5d9e65a,0.4968924732900674
nf10c15c8ef0b07c,0.4980514385225836
nf1138ffface8bec,0.49421477417977144
nf11720db708154e,0.4999806776791667
nf11d816570a1f66,0.49644664103299907
nf12cd4eaeb4dd70,0.49957377362968025
nf137a8a17bd0681,0.49912586211699406
nf137bfdcabd5c8f,0.503116162878311
nf14d128d203e40f,0.5003576227574168
nf1522df318ca0e6,0.49454775450380306
nf159edf43dde7dd,0.5032844470869178
nf15b401a6e66872,0.5031568145482559
nf1676219492c749,0.5016530707312231
nf16b9301f58e578,0.4971665031388744
nf16e209dd3e3ffa,0.5003066366887917
nf17339fcd373dae,0.5004383070951003
nf17a8bc4e9c023e,0.5009281877135743
nf18a5ad290c9ba2,0.5057381175453259
nf192da2bde724bc,0.5053064936067555
nf1b8dc2dd54aa08,0.5018222565687986
nf1bab4b274afd4c,0.4964923472308364
nf1c722dac953648,0.4965626612471234
nf1d36d72509be17,0.49982412648215085
nf1d48e4c5467f2f,0.49462386386276086
nf1f2b22d807a409,0.5002385748003338
nf1f638b86564762,0.5042465139014801
nf1fdc2378974e31,0.49245890528521363
nf1ffe4916e09c6c,0.498034560154258
nf2137f177d59eb2,0.5003635427874337
nf214379a1097a05,0.4973806844035106
nf216d401bad950a,0.5056379830140453
nf22508b4be6d10a,0.4961422463755484
nf22d97fe704359d,0.5002926960226626
nf2332e75fe48e74,0.503945691075311
nf23769a1debbdd4,0.49860018133814166
nf24510893914b5f,0.5005101729249953
nf2469254956e788,0.5023653353239973
nf2537c9cd10d776,0.49347739742097413
nf2609bf903a298c,0.5014592359257422
nf26a7fce9f6afce,0.4944531733557872
nf277a5632e478b7,0.5000846020021913
nf284bfd8f0201eb,0.4984560904141424
nf29ac429d93f6eb,0.505489302850728
nf2a35182cfea8a7,0.5021177230753362
nf2a391b916e8331,0.5012935634417067
nf2a74fd979ccab1,0.49913226929530996
nf2a7beb93561e92,0.5004044603250937
nf2b1a873bad0030,0.5005323445191213
nf2bca99b0d9f864,0.4952122112578019
nf2c9c458eadfed6,0.5092067639228508
nf2db5848af2d275,0.4965152231510096
nf2decc2212845e9,0.49984495286166947
nf2e5a5cc7d8157f,0.5045671704511026
nf2ef8cb097162eb,0.49605266149234317
nf2effb33dd7a3f5,0.49254181506133693
nf2f59e9b762d668,0.5025015324765654
nf2f9547f569cb14,0.5042921013052624
nf2fd33d1017f726,0.5018461411604186
nf303f5e22927e6b,0.5015278908426768
nf309e10893888de,0.4971921391903236
nf3104cba69f2895,0.4952324660295813
nf314ecd7217b763,0.4983835936706807
nf315fce8725ceed,0.5039190270769789
nf3171bd7388f59d,0.4966659271616313
nf321e4c1e6a458f,0.4958739560376937
nf324e4f923794da,0.5005900253088478
nf3342fb5814a178,0.49627372952747173
nf3715db7c417900,0.4986622481357544
nf375515ecb7db51,0.5069222314847281
nf399507397291e8,0.4956133363216334
nf39c68d7b6d25f6,0.5008480871134912
nf3a2a00f5aa1b71,0.49993658029444443
nf3acb58e642e3ad,0.5079649827022175
nf3b8223def4e0ff,0.5057028458565191
nf3bea9b7267a158,0.4969225000796664
nf3d5cfddf316a7b,0.5007514232507755
nf3d663bef42861e,0.5037509837797898
nf3d9f911b42c433,0.5048205158870986
nf3e7ea34c51fa6e,0.49817509627286233
nf3f9930483f8e43,0.4942175718638151
nf4049441e1ac7b4,0.4978951233852433
nf405947cf98160b,0.497310469504238
nf40d52b795ce41e,0.5094230180716481
nf414d47a8d18282,0.49904458189215767
nf41ec386203ab6c,0.4987836209920026
nf426a17ba5a9140,0.5038646921574889
nf426c02dfc9a665,0.49918179718112143
nf44194952035325,0.4979803363849056
nf444c5479f03146,0.5004824050695061
nf44ace6333cabcb,0.5065888792788872
nf44c6f1f632eb05,0.49980308455750205
nf46deb1b3470f04,0.4969520735119607
nf490ff83465a87e,0.4988813039700403
nf493e1c7bdc0dfe,0.4972048449439767
nf4947c1c4322e9e,0.5027594461561979
nf4a5b0865cf5233,0.5094021021100426
nf4a9f97d29e37a9,0.5006954765972926
nf4b04591b0c07fd,0.4978079723993275
nf4b26674b787f17,0.4987979816133956
nf4bb0b874ccc8e2,0.4956608091297462
nf4bb99f5210ea41,0.5042749674308286
nf4c8a79720c797a,0.4994201636361919
nf4d1e5eeb9e1372,0.4989334479915504
nf4e2f445055fc5d,0.49669371246493765
nf4e3956b04411da,0.4934367054165073
nf4e75d7c2d56e83,0.49913067725323307
nf513fc5713b9623,0.49868411502508864
nf51ad4c9c3a2032,0.49674558502820143
nf51c21157c64514,0.49798307643353923
nf52399dcb8a8182,0.5009863682918799
nf5239f41107b314,0.5033807254853904
nf5297b86cb1d0cb,0.5050966693736322
nf5345c4af125a27,0.5048156260441835
nf540d11d509300b,0.49626300106574706
nf543fc717c511e6,0.49555123248098887
nf55afb8bcb67cd3,0.5099103508591711
nf564c7f65856ddc,0.5014929119246728
nf58a4c02b912996,0.5014949447894103
nf59997871ef7ba9,0.4926866755335317
nf5a6036a90b6b75,0.4889032475333506
nf5aad6687d2ad79,0.4998076225141449
nf5b0458b8d81743,0.49764951208749264
nf5b04b6c51199a1,0.5033653823333789
nf5c2e321f0aa76b,0.5023308428084242
nf5d06a81e16936f,0.5009517245815358
nf60301bccef14eb,0.4917530883583816
nf61186f493c1683,0.4990459668290855
nf617eabca8487c1,0.504846367980969
nf61ad18369574de,0.5077346176614295
nf61e7583a04aa68,0.4952590337785925
nf62c16af77af4eb,0.49813026541800326
nf62ea9c1eea10cc,0.4988660366741258
nf63b74618eb98e4,0.4955431565663556
nf642dd672609679,0.4998250334855595
nf646cbf3a313714,0.4979731060226171
nf647c995f8c2361,0.5008440327307082
nf65683a97b6029d,0.49674643317417316
nf669cf83a085454,0.4981068531504677
nf680ec8373a4056,0.5034066197501776
nf6864f2ca3ac38f,0.5042792022322216
nf698f0ff420c0fd,0.5007826090477961
nf69b2241d3f3188,0.5002139772042629
nf6aef36c9ce7f2b,0.500016725133735
nf6af295bf917200,0.5016634015709343
nf6b00f6a959201c,0.5022249651121548
nf6b062e049e53ac,0.5104896096916068
nf6b17810f6a7ac2,0.4988950970876951
nf6b473890bc760f,0.4994131615073454
nf6d4d53b57c8f2f,0.4969298547582202
nf6e3403f57b33e2,0.5000442656101938
nf6e765cd35a4a15,0.502310588046206
nf7012cdf35a3336,0.5045626100964493
nf70300962ca41ee,0.5033078454214153
nf705e6cee8ae3d7,0.501550972974311
nf706b0fbd39ccd0,0.49987549185808666
nf70f396a52912e1,0.49493426298048837
nf710faba289b377,0.5040815810313363
nf713c3637f69884,0.5033680981041712
nf71a037ead2183a,0.49818941714948206
nf720fcb5778b38b,0.49334892867221
nf7211dcf78edf03,0.5014478070150189
nf72614e834e93c0,0.5022517551902226
nf7289d4b651d090,0.4937256386634284
nf740a77f1c2aead,0.4999893686925936
nf752893179f5a98,0.5041629236150363
nf75392587ed9f67,0.5009085906720115
nf76660bf20460d2,0.5013425271382779
nf76e655b64fcdbd,0.49634454019934354
nf773c0e055aa679,0.4921510529342815
nf7818a7189dca68,0.5006291160322753
nf78ee61d3cc1287,0.4956259065360844
nf7aaaf2126da6d9,0.5020506341293556
nf7b07159bbdbe92,0.49874965212420175
nf7b743dd282dbab,0.49777738581857955
nf7b8aacdef0d5f2,0.4969393302965139
nf7c906868a4f824,0.4961712085913162
nf7cd263fa8a8cca,0.5001733333511412
nf7f763c2901914c,0.4946731720915257
nf7f9636a9b74452,0.507786940748032
nf7faff21707e99e,0.4999466239776768
nf801c45ace046b7,0.5014434281214986
nf803bba463639d8,0.5059426586149244
nf80a10925064055,0.5021213451510776
nf817d924f59e4cd,0.5000215701815006
nf825be23f6c9403,0.5003086417145257
nf82834da5c5fb1c,0.5012081483114602
nf83557714469e9f,0.4949553660707147
nf84d1722ef6e1ea,0.49772799079157876
nf85738f82554a52,0.50106469015051
nf85d96cdd3eca14,0.49713937634290056
nf8667624baf22e8,0.49603477286206565
nf8734fcd89b0876,0.5040065808060782
nf87f5bb8bacc5ca,0.5003701618363957
nf8b578245b54cac,0.5030755979927399
nf8c507a6a50550a,0.49705286489388256
nf8c84b957aaa227,0.5011494794504447
nf8cc5ccf2c76409,0.5002160536487407
nf8cf542c7deab65,0.4993602976272763
nf8daaea0a555abe,0.4981279530123138
nf8de52170e2aaff,0.5037574199419025
nf8ef74cd793a712,0.5000525469187137
nf8efad3731baa01,0.5034681573314415
nf8fd75e8131d045,0.5076977092649748
nf902213b8af6aa0,0.508534075655533
nf949131d7c6e039,0.5065581459935102
nf9583ff8138589e,0.4966036997779122
nf972e1ebe4e9d61,0.5008563161635473
nf97bd2d87db3b4a,0.495348688875832
nf97f31ff63c26cb,0.49850370237170766
nf98dd05fbb4005e,0.49794414588668046
nf98f986d4f81f4d,0.501585386617726
nf9954427f3fc4a1,0.4995415114523206
nf9b80bc3b6370a9,0.49963373375773784
nf9c92e1175b453a,0.5005969879037009
nf9f1b2c80a1e812,0.5051670139167858
nf9f35e4c5b496fa,0.5004004611840345
nf9f8342c70f7f4f,0.5003747360853312
nf9fc2a615ca65a1,0.5012593547570187
nfa0294ea09440d9,0.4943102340178311
nfa0492fc7f6c80a,0.5031038880459313
nfa1283e2894d764,0.49698179571050644
nfa186f0ce6b0244,0.5094436356963395
nfa1c857de485fce,0.4984442458439879
nfa1d294ed552509,0.4982305492149441
nfa2b3218bfe6a29,0.5028262877762761
nfa2e728eaada39e,0.4976752201669439
nfa3087f48bd111c,0.4997684446221691
nfa315044528ee38,0.5014986026641761
nfa33583bb2ddb2c,0.49654974760866877
nfa38de4ea5198e0,0.5040307441843823
nfa3ac15ada78d59,0.4981251186668674
nfa4d0784669c5c5,0.4988380403712257
nfa66078a45b5cba,0.49960256054677166
nfa7358e01c779f3,0.5049628086389173
nfa743a651c4b603,0.49280467853019977
nfa7bd39da121e80,0.5027855100006395
nfa8f3cb83456664,0.500677308935402
nfaa49fe4f0bb6e8,0.49538375980752547
nfaaf462bbfc3475,0.4976809961264857
nfac1079e63f77dc,0.5004491712427835
nfac63394c76bc82,0.5154764070329247
nfac70e63a20bbf7,0.49858093631551575
nfadb4ba3ef4df4f,0.4966221077465661
nfae0692916bdd03,0.5009813786516789
nfaea6833af283e1,0.4960033874918213
nfaf96b7736fffad,0.5007502780745874
nfb12a365a125aed,0.49631751242262434
nfb15c4f03a61680,0.4954762953160009
nfb36a71ed2cebef,0.5058329646524573
nfb3c2547680beb8,0.5055121013645695
nfb50ce86356bdf9,0.48202864664384243
nfb7ddcde921ebb0,0.49784647498400914
nfb99db84e1c7741,0.4989681555932552
nfb9b93c21735496,0.502371409813878
nfba449a4db41d17,0.4981056351678811
nfba5cd8cfad7aec,0.4990454270521425
nfbb733b18dbcc36,0.4982674034337076
nfbc416aa8d3fe9b,0.5006450817270932
nfbc7da1784440a8,0.4976479756726417
nfbce0d58607598b,0.5000632513176879
nfbce5e4677f90f2,0.4995431125545131
nfbf67b95347dcac,0.4988684147861149
nfc20c38b95fb287,0.4951215232428735
nfc2314d0e1b92c4,0.5001258793887494
nfc23978d689f2bd,0.5013578303946472
nfc258f5287e3de5,0.5021748129717092
nfc30af4deb97fe9,0.4995001802864989
nfc4b63be58c141b,0.4974348839028897
nfc6a6fe0e9178ba,0.502892209513597
nfc6d0caa06b30f3,0.5041103865055089
nfc6d81861a37559,0.49490530146094164
nfc7617ec4594660,0.4993946566229533
nfc7c0cb09665279,0.5034591801800596
nfc807c14e324ba6,0.4999008776709345
nfc8121e19342eae,0.5047812301335153
nfc83c657ba55dd4,0.49355861452388317
nfc8cf17fb8d9a8f,0.5031258764793379
nfc8fa5040c70442,0.5028831027631309
nfc9cd5c2095b7eb,0.5046200212721729
nfc9e377fa66e1c1,0.4974592587674822
nfcc594c420bb460,0.4983025659316133
nfccec1248a6015d,0.4978467406020439
nfce6f5fcffe3a53,0.501449107191287
nfcecc3a409a693c,0.4991511304239108
nfcf2e22ac56d8f7,0.503359093639573
nfd187fa86bdda8f,0.5038295426312885
nfd222f073f87f8a,0.4976726056934146
nfd22b959564e419,0.4995338160060915
nfd3a791b235bd43,0.4982036535478124
nfd3b7ccf117a832,0.49835919702375164
nfd4ad74ad5968b3,0.4911699926769526
nfd4fa3e25d0cd60,0.5031638316292909
nfd5031a98525b4a,0.4977897809553146
nfd50957fb50d7f7,0.4990856325458323
nfd60907820e0f92,0.4953558376134834
nfd712e5c3aac8ad,0.5086982931124172
nfd8a009ce1189d5,0.495484073018384
nfd8e50e9bb7e6dd,0.503197757479368
nfd9291b4072b67e,0.505852578709143
nfd9ae5d822e1983,0.5007433353170582
nfd9caa484c42ad9,0.5035110837929242
nfda95ac57e1aef1,0.49850048783351175
nfdab93abb07f07e,0.5037703801817034
nfdad96111c622f8,0.5058111963397898
nfdb8c89d5848f77,0.505162532857769
nfdba025a0a3befe,0.5115965805714529
nfde3ea2ff8da80f,0.5024704041354309
nfdeab8e5ba957d0,0.49853096682780923
nfdf8a5131f7d76b,0.4991891738908493
nfdfbaafab7f34b4,0.5009207240471991
nfe02d7e55d0f2ca,0.4988351539467156
nfe070a021a2744f,0.5003670424940614
nfe08347bf5e7e71,0.49697378030012435
nfe0cd64c6e42158,0.49596981827237435
nfe0ce0350a626c1,0.5059400815327739
nfe1489999a378c5,0.4962277902590996
nfe218626fde6b83,0.5000942912496412
nfe32e0a232caf79,0.5107534483375649
nfe3e922e1db0182,0.5005605626380629
nfe467c425f622fe,0.5036097452159649
nfe5db9d1102eedd,0.5003017590129316
nfe76b970d4c42c1,0.4979980721858585
nfe79a38aa37dd64,0.500233911886901
nfe813e1b8c04136,0.49836419678219834
nfe9df144f3dd67e,0.5007251029829863
nfebb7296f252715,0.5012521985292671
nfeca0e0ca671ba2,0.4993806674090745
nfece225c6db9138,0.4980236384405291
nfed377bbf9333d9,0.4994485151675887
nfeed5fbe73a0d37,0.5039754152133552
nfeedc587376d883,0.495676254463856
nfefc0cd1594b367,0.4997546839692281
nfefe473d6f7653c,0.5011385483995325
nff01c81a9f6e93b,0.5080471798673072
nff0c416187765f9,0.49828034509885205
nff181e07de73226,0.49715977659285465
nff1a21b4f101a0b,0.4948174677540142
nff2ee28d89cf0dc,0.5014000127797885
nff33cf6d37d2e0a,0.49587790038709584
nff4fe3408a52a35,0.4965870052857132
nff61ade00ccb2e5,0.5019451480374312
nff6c8c82322c586,0.49897589185515095
nff6fff4d07a1f37,0.4973568276611956
nff8737b2c61c502,0.4993209970037506
nff959d3252f539d,0.4998741915472111
nffba11dc2b6c103,0.4981368956582948
nffbafca721dc4b2,0.5072887095211436
nffbb1a67b77f03f,0.5072353020412231
nffe01934b601191,0.507723734416796
nffe03e8e9c27617,0.5040508532169349
nffec8535e351df6,0.49715029765165714
nfff2f7ec5eb8479,0.49549652204495026
nfff6505c9fe89f1,0.5016120550490814
nfffa9dacbe279fc,0.499346975130635
nfffd9293d174d45,0.49750980164225694
nffff716ebffac18,0.4947744552267549
